axis,bucket,count,mean_max_emotion_probability,std_max_emotion_probability,mean_prob_admiration,std_prob_admiration,mean_prob_amusement,std_prob_amusement,mean_prob_anger,std_prob_anger,mean_prob_annoyance,std_prob_annoyance,mean_prob_approval,std_prob_approval,mean_prob_caring,std_prob_caring,mean_prob_confusion,std_prob_confusion,mean_prob_curiosity,std_prob_curiosity,mean_prob_desire,std_prob_desire,mean_prob_disappointment,std_prob_disappointment,mean_prob_disapproval,std_prob_disapproval,mean_prob_disgust,std_prob_disgust,mean_prob_embarrassment,std_prob_embarrassment,mean_prob_excitement,std_prob_excitement,mean_prob_fear,std_prob_fear,mean_prob_gratitude,std_prob_gratitude,mean_prob_grief,std_prob_grief,mean_prob_joy,std_prob_joy,mean_prob_love,std_prob_love,mean_prob_nervousness,std_prob_nervousness,mean_prob_optimism,std_prob_optimism,mean_prob_pride,std_prob_pride,mean_prob_realization,std_prob_realization,mean_prob_relief,std_prob_relief,mean_prob_remorse,std_prob_remorse,mean_prob_sadness,std_prob_sadness,mean_prob_surprise,std_prob_surprise,mean_prob_neutral,std_prob_neutral
None,(none),16,0.6360496543347836,0.18616627278377132,0.1501973213526071,0.2872966738328042,0.0013583662839664612,0.001040865271108292,0.003105818665062543,0.0016577687912716346,0.012732029135804623,0.008233761351881906,0.15112954482901841,0.17816144796701494,0.039699241267953767,0.07889773924635288,0.10026993571955245,0.226679922855535,0.1181741506443359,0.19224027131669888,0.11849266077115317,0.21631997936079422,0.030108926679531578,0.06733263276856402,0.02582732998416759,0.029799340010027753,0.002193725678807823,0.0010270495070967335,0.0015551741780654993,0.0015177319671618673,0.006258635890844744,0.006619185113211489,0.0047559021586494055,0.009805917140828662,0.004817706796529819,0.008367102087222193,0.0025694647320051445,0.004422837470651489,0.007591408731968841,0.010617074049779336,0.12622710943833226,0.27487071015386144,0.00526871937836404,0.009187378970017838,0.03306238334334921,0.04579059332534234,0.0037948483659420162,0.006468065436491913,0.03260660538217053,0.029984288383606766,0.003987236332250177,0.007896506324000253,0.0030459855661320034,0.004321877737184824,0.06479584751650691,0.171782902238735,0.004107419204956386,0.005692986716274521,0.24418804934248328,0.2392732635909202
ability,(none),544,0.5948493725839344,0.18821662019502056,0.1122010905037314,0.2152824222869102,0.005285440062808074,0.04073395121297574,0.006777348022136293,0.029980751100040746,0.03580768733894836,0.09779193103664795,0.15888723073294386,0.15872910368882684,0.10204697263564894,0.17729461251539858,0.03929270823605561,0.08557514190716257,0.1183926603249775,0.22135174892817014,0.061355856000612705,0.15755854256208093,0.03987220096228959,0.08272071173535028,0.02441451349424075,0.05790877196994506,0.003639484769444286,0.018069051129158326,0.004104347484585828,0.015801878989733023,0.010552741186208603,0.04829360794877964,0.005331400252543972,0.00971548946899174,0.03030294120323079,0.13799292420063192,0.0026397785647585647,0.003938527645592408,0.038869108613920726,0.13486435136899266,0.06486313920654271,0.19716637245668603,0.011376267070398386,0.033244925827431826,0.04508349315951551,0.09735432206168414,0.010893193319956855,0.04076991885696315,0.06454794042100034,0.11148703040413356,0.009967329589070525,0.01707194333872175,0.005579197038246895,0.022674826814677484,0.04707193058846529,0.12630132566381905,0.005235542371204193,0.025677717234087086,0.23935270563250763,0.22337535365268227
ability,auditory,68,0.5875285622828147,0.1682700840350132,0.1002559122400057,0.197024434096625,0.00139628162886605,0.0012479208389958479,0.005860701455864781,0.012532751201564602,0.04829960202401066,0.11683727956850669,0.15958764698520742,0.15900567460194262,0.0637722265553962,0.14449796760132608,0.04364868369371192,0.08719577564844087,0.12521637738117372,0.23970239068015517,0.08014808672391262,0.18083893885853716,0.045438478113604054,0.0814523897288344,0.02272027181050576,0.03878632393480586,0.0025250758737777636,0.0022083737756597955,0.002623698827365468,0.0032734788074689795,0.009464084775091204,0.030084483387638253,0.0034970110183862478,0.003710697674679356,0.03456740344229141,0.1335199478628723,0.0024523404467532493,0.0037673398422352297,0.027128669879269127,0.10580003446410399,0.0874545763782568,0.2331686036618797,0.006637010537387515,0.009749147590724637,0.028011634685646963,0.037935115753391514,0.018875634503060342,0.0680085746513064,0.06049549898050506,0.11103126084545885,0.00978381887655226,0.017080877672456907,0.004154996478224776,0.00487454669451362,0.04706013257365318,0.1363147614951893,0.0037636765546802268,0.00990637566984944,0.24214654135079505,0.20789422065931035
ability,intellectual_and_developmental,17,0.5599404363071218,0.19940086071500776,0.1316368981702801,0.2538668142876742,0.0014913810317760661,0.0015184938509697498,0.004293692596119773,0.005580885996566328,0.04035635769148083,0.11379101372396012,0.12136083983761423,0.15356121140352935,0.0606391731348327,0.09327681788444353,0.05558171858394738,0.07473330670416557,0.18062215094687417,0.22288510759885236,0.1126787924372098,0.22982631902900602,0.05963135086794329,0.1174560815333326,0.015040682053522152,0.016932493474815596,0.00233972749179777,0.001871225218244955,0.0022181503916405797,0.0026297763609759725,0.04844645840828033,0.16841446803451443,0.0058192829053629845,0.010559143134779233,0.10290887113660574,0.25427419855824185,0.002176270484650398,0.002173956477085264,0.013115733779747696,0.025156188513349262,0.06496530602110878,0.15855169374404804,0.013586403053897597,0.03197696926752133,0.03097501931273762,0.017296527195351262,0.005578937325267094,0.009984501706478587,0.0514049398000626,0.10434685831481909,0.011587698325028588,0.029644331820232465,0.006002629076486782,0.007806319693223924,0.022522486513480544,0.03541075806853729,0.0032034529688055903,0.002537894797756664,0.14586999563171582,0.11324750849716138
ability,mobility,85,0.6046537129318013,0.1921971720850305,0.08166277664028765,0.19107568015600643,0.001604457597097601,0.001834403159381573,0.011599792281905299,0.03891902389882726,0.04436094021315084,0.12100253324912895,0.14704882253837936,0.16365370675584534,0.07809711823459058,0.15813838217105156,0.032765479018802154,0.085508720065049,0.0869110495708061,0.17990453898360592,0.14403019257245914,0.23091799700945556,0.033087577667388623,0.061485141178236856,0.022936812947120737,0.06651247017853286,0.00396013623343178,0.010124662083605,0.0019959410803173394,0.002748388641309957,0.007823955408735749,0.011025336785363908,0.0036845686164109367,0.005542081080473734,0.03388532340656692,0.15767296250050936,0.0026786964609260286,0.004852846371849596,0.031055418460849016,0.10095189950502678,0.09358893722288913,0.24517640510340905,0.004943199339151547,0.006825717645367303,0.06234231214039028,0.10240444322153838,0.003990261061784729,0.005663201661892182,0.05179950539296602,0.1050610996331833,0.006852360713631189,0.009731311117922664,0.009020734057583682,0.053233838568207154,0.05355056896531845,0.15132231063653528,0.004339399042210597,0.012507539178995783,0.23441289929563508,0.21469974605638886
ability,neurological,119,0.5844190085635466,0.17258626635479363,0.09568091501783141,0.1816912843320947,0.0017985537200148742,0.0043299466881289465,0.0036974516555377352,0.009651763938419532,0.023207280209616703,0.070057927290578,0.2143226899754475,0.20364482537142856,0.03552620928977154,0.06962078672101356,0.06056752264061395,0.12415065605514435,0.15685225452957754,0.25792515081916656,0.06138805446886074,0.1349991633289313,0.024256128521377863,0.05257494753958509,0.035547034646689644,0.09745722977002402,0.002312770374549725,0.002048333080963679,0.0024646720621527463,0.0038638714774171627,0.007492589146268609,0.017496946237462323,0.007801575311058506,0.027811805334639398,0.012770715550648659,0.07606469054412261,0.0017355570410419365,0.0025232182078280883,0.0185323773023375,0.07654205027110271,0.08763965864606131,0.24125635425838837,0.01799430745835279,0.0753773990024248,0.03785591902399138,0.07442942100602182,0.006394937628537256,0.02535989655159535,0.08016087558754414,0.12445724191853749,0.006164338022221991,0.010224517050694479,0.003109732113764895,0.0042793425633456394,0.025469807553801592,0.07231796203616953,0.004487306382917964,0.011026643612934938,0.24094126024479126,0.19911744495737543
ability,speech,51,0.5556808003023559,0.19400834106944895,0.054752736471082065,0.1628353773686595,0.001339236398766219,0.001035724085698651,0.022156839933492902,0.08752797385003999,0.06363130045835586,0.14120104976218925,0.11425431544764661,0.15913951830063527,0.05513218418448506,0.08388157960013214,0.0943692136240904,0.18534433548821305,0.10842495057309576,0.16322353656767113,0.118411250380507,0.20297284084338887,0.06887042194869661,0.09580597351238107,0.02396175234268109,0.03523588556854912,0.0047280467469153886,0.008758807524478735,0.0034581463476962538,0.0042593491967814435,0.005017722916889789,0.005008554849097544,0.005559078272199258,0.005057552627601222,0.04006633631897606,0.18349679521004503,0.003137157431018411,0.005661780765135323,0.011042925952614158,0.035678838121661505,0.044730804362973456,0.1570839651799853,0.012103628812588332,0.016346233017250134,0.033607969567289245,0.03861834991896756,0.003393463505370378,0.008552119142755393,0.059993035580013315,0.12409015384232176,0.007990953503359183,0.022137258634878552,0.004915780564153786,0.004470815696966604,0.06311844870694638,0.13304079698540802,0.0028505899025214033,0.0028241343456789176,0.2282219066686344,0.2091751919351916
ability,unspecific,102,0.5519833970887988,0.18822576546452535,0.05963867183149263,0.126792059843083,0.0017915927136189066,0.0025686559187013494,0.008319266728814874,0.02395414167745598,0.027187536434069567,0.06065867392907468,0.1628863305565627,0.17963590780678057,0.09948097332608978,0.1636221867364611,0.0396813927092772,0.07096600099984407,0.13854719359911613,0.2201634266762557,0.13609139804440715,0.23458609264739932,0.04899435691015028,0.10015964871949092,0.02091169365060826,0.037844727271286176,0.0033317979079369895,0.005695006730770274,0.0028401573371785857,0.004529519433477589,0.009551064901090428,0.020844458245799374,0.007591603573767797,0.02041556329693805,0.014255561712643076,0.09291090644702114,0.0033866951084300856,0.0038364323719038253,0.047528431525992634,0.1677209212539975,0.08049011553749534,0.2120554798850674,0.014741088690546652,0.02922432759420715,0.051509623630337564,0.09039904113486232,0.008151130461199358,0.03062201866578212,0.05459342852198318,0.11807101163389683,0.00999024643818962,0.019437326971352607,0.007195095444330946,0.015879263977548314,0.06767193983336363,0.1353684259301884,0.013925911840131306,0.0621435093131563,0.17595778684150062,0.14576051067445223
ability,visual,69,0.588087048003639,0.1811366670753856,0.06419950119300705,0.16419951336863767,0.0014409920136592743,0.0016720979145840166,0.003587483301880243,0.006003476075345929,0.024068163704478007,0.04243000920721775,0.16653672264268002,0.16125862360067061,0.0929236098975483,0.16702902995277544,0.08397385778253143,0.17710074289214342,0.13128166090683552,0.21299599269783184,0.05306940672554723,0.13769616202386217,0.029606490610234872,0.06310291015241196,0.030801219504623525,0.08306401282513327,0.004334805689353928,0.016487936556923443,0.002712424718386804,0.005517279402550753,0.005492185462650884,0.008006014529768138,0.0043760498756191864,0.007209483839895267,0.04496550418190199,0.18328178092307967,0.0022454949176408,0.005304189774062299,0.03661497587133941,0.1452294120040545,0.03415080153870909,0.1249028776186716,0.008770493510435674,0.026973045230619296,0.02700154329785078,0.03369231509028159,0.00338896606347365,0.005541381572659312,0.057016433172764766,0.11096237185821899,0.0068502098478400485,0.009291806517914886,0.003134130222716139,0.004028251585838637,0.04033781290543603,0.1290171250108374,0.0023152587624887624,0.0026012619477772145,0.2883659559369519,0.23846991669177478
age,(none),16,0.5263463137671351,0.18782108642571216,0.010719306214014068,0.018482807121518948,0.0016806137209641747,0.0008773479299008203,0.005052458800491877,0.0040721511019954195,0.04589381342520937,0.048625777499094726,0.0859556692885235,0.11486882496169,0.14536189390491927,0.29580034891688806,0.1845260799746029,0.2271335166043974,0.031238432540703798,0.05370424806577932,0.04442471298534656,0.10252978224344414,0.16880170842341613,0.16541488194547982,0.042533894535154104,0.03969144093325954,0.0032661045115673915,0.002369074743125084,0.0066175284810015,0.004895381334493651,0.00476826307567535,0.0032639725471891065,0.008046788116189418,0.005146402991510308,0.0018004910907620797,0.002300411748473273,0.003048549606319284,0.0016664299277444443,0.014272748288931325,0.025662618252609872,0.04261239276456763,0.1427512236306516,0.03330471270601265,0.03032046910633481,0.024116357846651226,0.021372247611652656,0.001964211880476796,0.002395083334615214,0.07179338339483365,0.06877068154145992,0.00682375375617994,0.004878746656405991,0.010506728689506417,0.007823847739153216,0.060264780069701374,0.05335888729454972,0.003674287818284938,0.0025852579821685185,0.17856521089561284,0.19604805936167077
age,adult,17,0.6033303772701937,0.17037085128504373,0.14718847940265037,0.2901029860263651,0.013610335900653702,0.04983702588482991,0.0032174970632802475,0.002966030930228704,0.011320896487792624,0.006838578316023698,0.13091425510013804,0.1839190165828846,0.07225850979140137,0.16844734998910854,0.0666862175156198,0.10303713822246194,0.07897615095134825,0.10584609119686814,0.13425183207180133,0.22116987694689694,0.04512638898621149,0.11243450156150525,0.012987456887083896,0.010348518101448698,0.002316703287172405,0.0024903735245578426,0.001499650238068117,0.001427641184223115,0.037587058459929025,0.12345441480034518,0.002809284720569849,0.00199806889436129,0.003323703753481181,0.0032982356803883455,0.0020977922532063745,0.002688779994971229,0.04873044235522256,0.16595597890194744,0.14547100931625156,0.2976045093867561,0.005039950245511992,0.006835017452778642,0.026466885472045225,0.02341100590466299,0.0017691406717537629,0.0016713824884903971,0.03740752044626895,0.0657985120541541,0.003814271909718895,0.005035029434891935,0.005011696464327329,0.007275167650622887,0.04893046842805822,0.11355335840398396,0.003189540481852258,0.003046849921022157,0.22732014997917063,0.2325540752290342
age,child,68,0.5835605688831386,0.18908836327305614,0.09953453343341072,0.21107249084079133,0.005064868828733726,0.024887399045596458,0.005681932204478311,0.016174564087059737,0.025102903614478075,0.07803518688899011,0.10332988957217072,0.09712324392908113,0.15779634859919658,0.24291023714232704,0.06423836180200691,0.10560937155270828,0.17575776460580528,0.23060169356786295,0.09533303452361211,0.19618027903890595,0.029611904037986223,0.05364331056471621,0.015424932113519925,0.029523406106968523,0.004302234078161693,0.01870409275233536,0.00208180309881059,0.002405340591880668,0.011166111277656028,0.032343251581186006,0.008406154298213283,0.015109751678556974,0.02802866559581804,0.1413647145517622,0.0030702499592306968,0.0032331076574790675,0.046089468178893984,0.13288996113601417,0.08108738135984715,0.2181838512266708,0.03007887266122613,0.07704756577550555,0.02978228826952331,0.02821030523563568,0.0033159278601113543,0.006632140214219411,0.032719972498906666,0.0785124325127894,0.007763459988328738,0.010093015183268042,0.007764480063462329,0.01220128159835724,0.05674035319466116,0.10361962026148414,0.003165166207455674,0.00420251426943098,0.18737783713731915,0.1911971476705498
age,middle_aged,200,0.5909681877493859,0.19497476367759153,0.12955863108800258,0.24635341682547343,0.01055843048452516,0.06319368837395703,0.009351288385514635,0.04056074853556463,0.03769087319262326,0.09978311910454113,0.11388161519309506,0.1199174337071521,0.09599029193108435,0.1880282581736134,0.06172057160612894,0.11866699469349766,0.1402317084680544,0.22454602895719236,0.057359057045832745,0.1450130452989918,0.04637836858921219,0.10378203857079475,0.02208054485381581,0.042048306062001,0.004829829871014226,0.027204849619632116,0.0025529134127282305,0.004616039746327985,0.015276605812978232,0.05062432702683605,0.008750779551774031,0.045843688440531306,0.02739668827976857,0.10581556056113514,0.0030944090052798857,0.005942995871617944,0.075478611033177,0.1839434184393031,0.09323590198458988,0.2314557974167371,0.01587557326507522,0.04121794893796356,0.0386496367759537,0.08005664253166875,0.009188374793757248,0.04109410021725279,0.03415372747695074,0.051899695627321864,0.009654651627715793,0.016870180957222352,0.00545983059797436,0.009163341222107602,0.05563362095825141,0.13940542971992637,0.01442740132828476,0.08233680990595073,0.1781703810323961,0.1775251274056203
age,old,469,0.6178434907373335,0.19522769746510704,0.12076327593342812,0.23412592575125757,0.005922535874087538,0.035523142208073906,0.012715305738733895,0.0694074396145788,0.031023221733326566,0.0816615632441596,0.11855079611239117,0.13794002091594385,0.07779273888960517,0.1561562101452197,0.05945294476022372,0.1160085515610884,0.14920932869799236,0.22783332130377856,0.07278632722782102,0.17064284786107417,0.031575755383481764,0.06545745486723124,0.02994560698734354,0.08763973849329776,0.002813238498649554,0.005367999632959806,0.0021070452091886773,0.0030205207348357847,0.02370643650845829,0.07628518697796567,0.008969546621367494,0.04781506133958772,0.020456005936922397,0.0839481481422933,0.0032466805944562274,0.005920871516351268,0.10165974761293367,0.23610456276121072,0.10555534806445803,0.2406012147097936,0.013648307836235517,0.036683475438567516,0.03984368811952256,0.08724505414048629,0.005847219805478484,0.024266800601704462,0.04253537569498854,0.08840088238157247,0.008512342219713327,0.013949092522114294,0.005142556263944571,0.008737082658823017,0.05734550524607245,0.1410740956216715,0.008892031793948263,0.03587028430647971,0.17669146638145167,0.19860726579121402
age,young,233,0.6121588707481843,0.19277390585493737,0.1318596461488038,0.25234258398566195,0.003761378603801531,0.008135134669177998,0.011415049815180715,0.0648553881570591,0.029774098010541865,0.0787935607145199,0.1136250590162088,0.13441563057262962,0.08824244580759223,0.17840793350892364,0.06300974414357116,0.1262327371209978,0.13383268572009357,0.21775773875691434,0.07249394342575079,0.16741018614513486,0.04764316391770412,0.10754304379875056,0.024710551376930186,0.07331552967833908,0.009743253181187852,0.06961958106408886,0.0022983251653147995,0.0029016579679229534,0.011681335999569435,0.018033099913942183,0.006070737234969292,0.009712597709601164,0.023242678977534088,0.1275050878923049,0.0030388021040353083,0.004814298642504115,0.08258300888039323,0.21273276156843973,0.07722096692217621,0.21343660321745672,0.019427800056728926,0.04747298708919071,0.0327156271022053,0.06485304849386116,0.007052555089501555,0.03096571452075264,0.04179709766743617,0.07729668057587272,0.009489907432747744,0.015454517394521158,0.005414912867102005,0.009624757464337597,0.05915045308083088,0.1398662961411617,0.007247151086599538,0.043834437963703815,0.18542091603602717,0.19311208065501304
body_type,(none),80,0.5833324376493693,0.1772288996807143,0.1362650908791693,0.21893776072183196,0.020602381667049485,0.08288905686511905,0.0084996714060253,0.025869141390358247,0.046832727719447576,0.11513889123903868,0.14558493302902206,0.17288538274623863,0.046498098818119615,0.08803216726839339,0.06374251790985,0.12974623928061463,0.18480326002681977,0.2580074956393402,0.08704566001397325,0.1727277002857153,0.04596119898342295,0.10616314636179462,0.04173327087191865,0.10794805896828674,0.004573826437990647,0.009968251548665971,0.0035386947329243412,0.005831818603842288,0.01400065887864912,0.030388615357992282,0.004694214152914355,0.008126213782473034,0.02885975955869071,0.14552852687117898,0.0023130783894885097,0.003972458117571709,0.058865207649796504,0.1504788790205634,0.060660023204400206,0.176976112018776,0.009286549661919708,0.03303712337412217,0.05903121167211793,0.14030549121677707,0.013226347899035318,0.05240520988637443,0.040536936445278116,0.06810828595117756,0.00804241118621576,0.014290234351300043,0.004684368402740802,0.0060425192671818605,0.0275522172669298,0.07464117233253902,0.005667594444457791,0.018670155400721537,0.17237528396071866,0.1677913650085391
body_type,attractive,187,0.6353082682359665,0.19054243740211724,0.13770530708159076,0.20233932988292785,0.008991494413121618,0.0382389509445934,0.011766060399897596,0.059644239362043834,0.036176111460738083,0.08209405626904337,0.12624196181780992,0.1429461201813457,0.06246132933239597,0.11679583271179528,0.05347568403187402,0.10644765161314512,0.13733534102610134,0.24071300011348648,0.12182503115799138,0.2105213881742865,0.03858264708420869,0.09391364444756713,0.02803157128824449,0.05311411428373593,0.00414933151980105,0.010481286405384971,0.0023965928600827124,0.005481818412106216,0.01578104355478943,0.04562618266577156,0.0031944809894402446,0.009057344164512574,0.016191159685971564,0.09288176831338169,0.0018322347332773241,0.002979903341079266,0.08787038790642279,0.200007129740941,0.24256719595735227,0.35272867553177145,0.0041465568319252535,0.010258774214960124,0.04642044003358121,0.08486706426542533,0.007185354421458725,0.027858508757285527,0.026652112120095103,0.06550791241335278,0.005699935983720156,0.009044966586689681,0.0036648682996887156,0.0060670603666130715,0.027907019588762624,0.09383312297250446,0.0054759252237474776,0.027846751612119955,0.13476760032771026,0.15448048169474085
body_type,eye_color,119,0.6588277979558256,0.18261699702459025,0.13868252840186587,0.2392383856532637,0.0033534764091605555,0.005399399158828901,0.010676509479135118,0.06994036639871443,0.024888440121372205,0.06332721846854147,0.121202900356167,0.12968564706809702,0.034925990837025495,0.07910804224692601,0.10439945565108132,0.19146888378305701,0.1549241368995369,0.2342999411178362,0.07183030377163653,0.19223223780172077,0.026943605879376477,0.07337708916646787,0.03979040443713331,0.10482489665823119,0.007581806515183049,0.04821904383912237,0.0022933950577764734,0.003393025678311195,0.023151724317312602,0.0814998238991184,0.011657014981248737,0.0846328267733391,0.02234422074772218,0.12554141960641876,0.0023505775635316575,0.005197511581555296,0.09266380172177852,0.239435283842948,0.07800001618153994,0.21641636283445176,0.006318920682293966,0.015276592566563203,0.04813171265560727,0.1154560393215155,0.005641040568126996,0.014465566060310268,0.04181041135335294,0.07638368180220541,0.00794565918715475,0.016435325692698753,0.007741686843771941,0.05028350399564272,0.03195678663367656,0.11393336863462741,0.011711236250395066,0.04588006904885272,0.21423115046741834,0.24059884556242347
body_type,fit,153,0.574106926427168,0.18517876927110571,0.1189499325408095,0.2239499213350953,0.0034529537527846306,0.01110694530382633,0.007299965090008781,0.03261883878567844,0.020182284608702448,0.043660207700106916,0.1309789673400909,0.13566930430068197,0.09043316310271621,0.16713370716607004,0.04374152776295185,0.0683666865323178,0.18153693735313425,0.23497650669677805,0.1264923213968918,0.21593416594667114,0.0398262163047417,0.10990072979303817,0.017535908910098905,0.03422853330518926,0.003499597083135003,0.015441042490181982,0.002133601664122669,0.003734653156410328,0.02320738923218515,0.08751691807282304,0.003994516672618274,0.00488913543751168,0.01776102591694783,0.09830215924129648,0.0020098791719647124,0.0026970110356286307,0.04636337851810275,0.14815009863032708,0.09267486405963675,0.21702103707923492,0.010836114569375402,0.02550541906673274,0.048196303193286986,0.08056129466558196,0.004111332306481428,0.00728562047795972,0.03580810145316706,0.07030719091339749,0.007792427152618948,0.014941102580899928,0.0036520789614406845,0.005938114552739207,0.03353545981462363,0.08331454539017968,0.0032678446100927352,0.0036231318968239813,0.19443163875904348,0.19022754949880957
body_type,hair,595,0.63056165530902,0.18697831222245345,0.13578029543047912,0.23275912078267988,0.00898467042055881,0.05278787327972814,0.008376833856225155,0.049098475149651176,0.027331950908385905,0.0757957106583619,0.13295331843150388,0.1456156841470602,0.06172565025543528,0.14036490911462435,0.08091345962856998,0.15208426764012742,0.15736546706992297,0.24134940355769938,0.051602365431559716,0.1390396003509105,0.02978854322778609,0.07628389229440972,0.029081685031458984,0.07745180572025072,0.005396918750352407,0.029309187479874554,0.004136259520466502,0.016311132249333546,0.01935321611338569,0.07274084346464436,0.007106626208405941,0.038936325057732805,0.01509885811674929,0.08719709609641371,0.0019646280527089435,0.0032492923518833866,0.07162383559752772,0.18326255013135848,0.13724673906670876,0.2832950623075403,0.012293079736942871,0.04162933032839051,0.03092059202946159,0.07066591504733064,0.010642424487918977,0.045394593645911814,0.04436804763581447,0.09317137842576635,0.008131200240014175,0.017155040205938124,0.006123078648652001,0.02887371951461564,0.028771435172725547,0.08932595539331437,0.006096972120307511,0.0230558690081357,0.2045502278695525,0.23016163540166273
body_type,large_stature,306,0.6046150534176359,0.18948177168946595,0.11081745622913944,0.19213845456606285,0.004552028657605238,0.02789378580077605,0.008915772985513291,0.04751043261931611,0.029718120282613277,0.08175778373363585,0.138755596460458,0.1587263410806979,0.07079635672495713,0.13530855602910405,0.06910417482901358,0.13854857514608662,0.14774833201336388,0.2254816134051369,0.09984610432506313,0.2022052149650437,0.03917637668181746,0.08992279230038049,0.02162810611756202,0.05098215160940786,0.003937396390159657,0.01261804196409095,0.00421619290460108,0.02469600173606203,0.014851914896889213,0.041349462116454544,0.010576636120865313,0.05080970608329513,0.038500913424298296,0.16171550791846773,0.001935882756263596,0.002168978818912819,0.046294586285012866,0.13517842506951136,0.1459043416186248,0.2933331252330884,0.020340398121571922,0.06490636570515582,0.03584149475452898,0.059623945140412464,0.007259236303058904,0.030624091705573186,0.03960736851996188,0.06711578711402397,0.007231534792867784,0.012226367770067218,0.004613815394168936,0.0073501405985661895,0.027544654862235417,0.06664877561553234,0.005984657288363867,0.02160848595272664,0.19547060290138463,0.20749045743313113
body_type,medium_stature,51,0.5812973607988918,0.1610901784928736,0.049679054755388814,0.12429050203990372,0.002257018428816296,0.0029203579856251468,0.003879661028679716,0.008113741800528566,0.04328856375935834,0.10707281552768351,0.1343367141214948,0.1661094718308523,0.0356809525424158,0.07649790454214683,0.11478226711087879,0.15654048188774186,0.16981082625102764,0.2426699160218783,0.03835086700821515,0.12101281879451034,0.07315140245733417,0.14535846320684465,0.04929488218120098,0.09879398916499423,0.003235487729041636,0.005338382663830231,0.0031769863816603614,0.0039038422059932197,0.00790312513480803,0.012703431046313345,0.003064325040516754,0.003171847453467756,0.002756055347180889,0.0037323139947118703,0.0014075886885585337,0.0013606842940905503,0.06305731441391924,0.18129781383927723,0.055095834578227657,0.1753268309332388,0.006912120321751846,0.01202934445032873,0.021324875979118196,0.02863116110820182,0.002412806350156304,0.0037503294826064805,0.054926228700388297,0.1069652457933457,0.006416411870661392,0.012073495777831738,0.003601269647547537,0.005458635833568801,0.021967096804349006,0.04408436352440267,0.0038368107760142463,0.004190632780727778,0.30745598788866224,0.2418812037872475
body_type,miscellaneous,185,0.562700330325075,0.19561560671858902,0.0859475743189152,0.1759617761744347,0.0037186846712830702,0.011882508561593055,0.008539086823804757,0.056772731796698506,0.030478405000994333,0.05543981639631189,0.1342166979444792,0.13655475790763139,0.09862547319734821,0.17747051135989342,0.05896580300193179,0.10015850930527422,0.15217823178815731,0.23032005047306378,0.07140960656200863,0.17822540465304185,0.03910174593518211,0.076204839982098,0.026973743281780264,0.05881561327925542,0.015826704736006118,0.07191750071647644,0.007838389859849436,0.059849646805174524,0.01045276445818033,0.021884642517902342,0.005324901385874664,0.015671018924223092,0.010148239153519123,0.05889279471742646,0.001941759793113011,0.002117643728705791,0.048554125038680396,0.13998800257704302,0.07946268862138528,0.21725150577241326,0.012222162765022871,0.039639474121535144,0.030509182694997337,0.03451535738453126,0.009114411577202436,0.032708202060796734,0.045976294806176744,0.09915701564548701,0.009783451974775793,0.02084649784212051,0.005079563174827805,0.008649101012430046,0.03630122160507567,0.09724925214828355,0.00548654437942959,0.024048527742825853,0.222523715644068,0.2162911991651626
body_type,overweight,340,0.5499946752891821,0.19085245186879024,0.10816418593852123,0.218546475986073,0.00969381479671403,0.07046318446885512,0.01526343872109839,0.07185712912549184,0.03831650091143435,0.08484082780430925,0.11593676224926158,0.13011191144876127,0.08833515330608112,0.1566352677334902,0.05818701274213655,0.10836126982286827,0.13201807593320744,0.2087797296620211,0.09809687617662884,0.19635735818735903,0.07006355925456292,0.13111842853130973,0.03093186894479646,0.06591134606818355,0.0077167647774331275,0.042285826095033126,0.004597160477073083,0.017116606206026855,0.008998312210742905,0.021909139642709886,0.00779330391832285,0.029720898423205185,0.0050241705427812545,0.01468324279401983,0.0025891375551188554,0.0027112957624675477,0.04166407993573504,0.13263950176581188,0.0891322313413291,0.22598601528641712,0.017833972787433167,0.038096740099338805,0.02762188255061012,0.029567674195229734,0.008808493944546653,0.03942367103268152,0.041319175422712066,0.08607860371620833,0.008573888471736983,0.018276016467777725,0.00717204394078341,0.015341871417935337,0.057313958938260946,0.1099307005496271,0.0032581565804909642,0.005451944954748128,0.1769945017185391,0.1806961049613589
body_type,skin_color,68,0.5908004965852288,0.18190504214156694,0.20343104822163963,0.28494496965116656,0.002842782643068965,0.0046741541550982,0.01768743258435279,0.08087395575827343,0.031476544798351824,0.06353636504950354,0.12882012156221798,0.11652917303148451,0.042668239470324755,0.09790234719840829,0.07921847481509972,0.15232177245066442,0.13233185804539757,0.20746800231774548,0.0814167126407162,0.17909636133787327,0.052568842834957386,0.1305418873230608,0.05435319273965433,0.12349701308988462,0.0169871992265518,0.09830382562770758,0.005022385281336028,0.0064999629893234415,0.01777278537637732,0.03051391008542953,0.0063594164209515676,0.00940000411573995,0.010392823227448389,0.03193794064001256,0.003017343424075721,0.004204309863623004,0.07143818895051748,0.20222832676259828,0.10260924691443934,0.21691006841272667,0.015390054110706415,0.041004340774626565,0.02522131454487167,0.02995186344964093,0.03591108516759371,0.09371347854067752,0.044221916475661975,0.060854854587996055,0.009774841129161787,0.015551978397815022,0.005052624813020777,0.007164370245830736,0.05015363629482796,0.14329781067915862,0.01112358285814373,0.04905529079890257,0.13565653580350473,0.1331903986076579
body_type,small_stature,204,0.5802333116823551,0.19045256917833167,0.09730735439556085,0.19910768108388546,0.0045800744448891186,0.030075129078239952,0.008186634921003133,0.028156209306884634,0.03915145184602771,0.10004772952799579,0.133502696499265,0.16632554330299668,0.06713874136524585,0.1324712781577612,0.061300856389696526,0.121901438572783,0.16911671199326805,0.24555461804233364,0.10041877074799427,0.1982547040201623,0.05671415512830101,0.11718508704789732,0.02573277081554646,0.04896930173909492,0.003354632515230846,0.006445393857401413,0.002765132079480727,0.004297794079777457,0.009924730299270082,0.024976979885702646,0.004952363763461072,0.009976529291714553,0.015093672362198442,0.09468550162853184,0.0019688205146510384,0.002222755484542438,0.035477187485073454,0.13387549662455295,0.0838511445154105,0.22340011320460165,0.015164511978974926,0.04400501000347322,0.04036941702931882,0.07942036986466025,0.005523036303452054,0.025406036339070646,0.03216660102628464,0.04751871157950573,0.005798192808844547,0.010162805112841207,0.0048330981030006775,0.007314812389315141,0.044410637595836876,0.10847757781671312,0.004803240349871225,0.019122088923424648,0.2075535305387651,0.19278049593648725
body_type,thin,153,0.5644156195564207,0.1874461032132282,0.11174856252234819,0.23093838983197626,0.004864076043447188,0.01974084269872286,0.008458034096976584,0.034327402482444105,0.04001411579677141,0.10290094512051322,0.12037191280084693,0.13228399424519363,0.09366186877660868,0.1833427373042184,0.10128241378792677,0.17034502865873102,0.15578500285221178,0.21967114951540137,0.0685425813095279,0.16412403253290234,0.059497007736449246,0.12517759158984806,0.03258809370819625,0.07794829701907124,0.0031956081150032677,0.004739542092619026,0.005203872342807776,0.024507306235591938,0.009337138350911475,0.016983437980705278,0.006486686027808164,0.01098853241164269,0.011107727630540205,0.06668224692329201,0.002101961280001644,0.002052662237836575,0.03078955363290494,0.11091655520727949,0.08242706947479081,0.21429495458218173,0.022487631758802046,0.05782442548645282,0.02843177440618865,0.044830563587854394,0.0032053580148355943,0.004982680844275544,0.04455115679754979,0.08149277694014247,0.006690322789949444,0.010458803505651221,0.005855266747709358,0.00947433560919771,0.04079314626736591,0.08221124852442943,0.005808117528015358,0.019110008396539282,0.19594545989887777,0.17524669420224362
body_type,unattractive,85,0.5826577055103639,0.1856388699896202,0.06683302974766668,0.16051643716992472,0.007600437687121003,0.05044397604245384,0.016435801917139222,0.06999763036315833,0.05324427069110029,0.09687205449034234,0.11331490778419025,0.16598060697718664,0.06063435464303064,0.14962084954436394,0.0669229477753534,0.1213746390491699,0.11390695958432523,0.2096481612047704,0.07385536749395268,0.1828759399487463,0.11718707061783575,0.17207119898284248,0.047182488071677436,0.07521213040578222,0.009914664068834527,0.02803407496043545,0.005533206957625225,0.008685927076725558,0.007535305568564903,0.01690241286262359,0.016510534689501477,0.08625243821096326,0.002604841986698482,0.00434576578332664,0.0032369354885304347,0.003514540457590467,0.03756898781147731,0.13638814240421068,0.07348441060714643,0.2147982676065515,0.02109534985947368,0.05127665106806717,0.02768342252546812,0.05254899422411598,0.0031611663884712686,0.00803697929150681,0.04895402048988377,0.10117129641970937,0.005794306967051371,0.008459066940104724,0.007863100932787775,0.012468168548517136,0.11334037474041586,0.19245196949100574,0.003692140989690362,0.00555913242020518,0.16720213813378532,0.18721674286908274
characteristics,(none),448,0.6123900146423173,0.18151877109676987,0.10479982620264698,0.21022361822701374,0.0028532480392381592,0.006629724489240375,0.007526563773418664,0.03291897421410301,0.027326860399106017,0.05912632696488079,0.1228937620367755,0.13484199449478473,0.09571068023017558,0.18153138867350913,0.05768340128335175,0.13161549757339025,0.1335933682275936,0.21977585640274533,0.11227129907911149,0.20963634600913925,0.03457669203011652,0.07754247269345187,0.032366157687907356,0.09618960424602654,0.003576896282473691,0.008277633780715138,0.003692765042517619,0.03492982348234396,0.02152731218867692,0.08331121591257709,0.005353135940692612,0.011782901785016514,0.013815586443407872,0.07808655044686674,0.002623221508299269,0.0046049315132360305,0.04178662395387229,0.13984234515178837,0.08336516321657785,0.22465918908833207,0.010857380748932752,0.025405275214169697,0.04921551413203166,0.10938919418287592,0.00873507238710707,0.04229174639884983,0.03279409817228692,0.057214644941979274,0.006618043553544339,0.010774515523243114,0.005150123375447687,0.011207086973290868,0.05195932808796248,0.13336291008237858,0.00623837731499017,0.043299663052628196,0.2237748714999595,0.22766571011903655
characteristics,addictions,136,0.5883823598132414,0.2061604662522068,0.04770753186740501,0.13429612272264785,0.001325616201510831,0.0011520836191528682,0.01389717097267481,0.06268467459737594,0.026638199215727475,0.04641324060502448,0.10876196520471507,0.11755854604949273,0.18404853901986773,0.26367998443058316,0.07709375180574544,0.11943126929991159,0.1417434470711348,0.2048213702351125,0.09891230121566504,0.19548456406067588,0.0540308348247302,0.08736775280402793,0.03512967109974638,0.08564554417001898,0.004013143056106535,0.006231329723514674,0.002355948592594359,0.00241400090217005,0.005581380492752514,0.006836323518734481,0.013906642324881806,0.07101738716177375,0.01606733265083783,0.1105105962832661,0.004567681967220029,0.005055338681752246,0.011810176285507623,0.03741034202634807,0.1060650389019215,0.2467681338253974,0.01949910995533762,0.026887641586833398,0.03265705303227365,0.02783462763481447,0.004816406655128744,0.03570706545163607,0.02394323203342912,0.021586938905240258,0.006516294418200713,0.016106959908088397,0.016842151807235067,0.03908206833016085,0.12409470143008067,0.21651910653734738,0.004963715544470367,0.01810997488786436,0.15005624692832284,0.16020920980302295
characteristics,children,51,0.6444265000960406,0.15414377039764937,0.1131329875685932,0.21155371862197098,0.0021478723964023895,0.0036503569541667244,0.004770582426549392,0.0071237415336528895,0.019082728230083983,0.026166088580156583,0.15796023132462128,0.18347781409118963,0.11898173469885745,0.21975358994406213,0.04934938975116786,0.09831617223579861,0.0988706068869671,0.20709381595279222,0.08754992331423815,0.1808214550852537,0.01993718225161965,0.02777724814062037,0.08322907372505642,0.1627184141753291,0.002158648972445186,0.001947803908145635,0.0014537236540276995,0.0013218784388107142,0.027344067099928746,0.10349088389929985,0.0034567832880580394,0.004991243911434641,0.02773433984097495,0.13086169943280304,0.0020530543777425134,0.0023566490248929524,0.0815062521558538,0.20893936390882478,0.10278064859848396,0.22515999098097905,0.008329457231893149,0.021382020560939043,0.04542275136747562,0.0841958340117072,0.0052173820231651985,0.009550129466414226,0.02864505555115494,0.03473069927049966,0.01017198808560851,0.019948370826853343,0.0050031230305595436,0.00838120217580017,0.021428716754741676,0.03696313157525537,0.0025110967490392937,0.0030821889063610774,0.22856321163000723,0.24659548063590095
characteristics,domestic_status,102,0.5900212016467955,0.17658016078441433,0.06490980021087178,0.15185443616642322,0.0015403153520310298,0.0016804059253581003,0.005071484763403514,0.00983336842496119,0.02544440409195993,0.06115982926123496,0.14688053267423576,0.17579024089197426,0.09632197572671644,0.16675135513240547,0.043914374382367505,0.09434300786121065,0.10167420919591963,0.20479821815232782,0.1366967323975747,0.23907680003011633,0.05054327784740713,0.086018884484187,0.02577101864267652,0.07083944352809321,0.011889511249690116,0.06787620083589609,0.0021450995158303677,0.002825285576134282,0.014367187667327622,0.052769221386596045,0.014461312470124468,0.06900526589910823,0.02159236387253223,0.10758947792851133,0.00428783822024022,0.007657962035905582,0.017104066935180705,0.05115215045205616,0.09117302885301885,0.21814827945772247,0.011203686987202815,0.031774107835761206,0.050426797445991316,0.07384320307097908,0.00328270318306179,0.006666975942748757,0.03465129087186035,0.07195621757651438,0.006382372922078003,0.015434559134170871,0.006933563926163604,0.011042548895271844,0.10468426866139577,0.22000023593176204,0.006376763820584279,0.028156214071105468,0.20627631555658346,0.1863846698834185
characteristics,handedness,51,0.616139875907524,0.17407149364338112,0.04938270991175052,0.09218810969574477,0.0035275205417408372,0.007425218593081122,0.004025166161477054,0.00573105561727214,0.03648703160476597,0.09355239680356206,0.21889213650651715,0.2223905943158837,0.0393743558407889,0.06212521393298156,0.10078792634657492,0.17935535969567884,0.14310301286876018,0.24631571002578523,0.01209505717041811,0.03254085284741767,0.04183864917642638,0.09376054469225065,0.025559688475457767,0.048713813921733747,0.0031591268038313252,0.0062108003950960495,0.010289270117794456,0.042117274807160994,0.009748028654618846,0.0198533490937052,0.0060487136960385695,0.012610086268798735,0.004488742616433906,0.008766534874375218,0.0016879602261207194,0.0017780695472366227,0.05604547839360677,0.1845416461229078,0.054130489457462565,0.19845360294192047,0.01788798215663216,0.0572710892232415,0.027635347928997932,0.03983750052661686,0.011470046647374664,0.033801000554395264,0.08588048345957171,0.12220726280582857,0.009686767218940361,0.014085568706730233,0.0042235610627697085,0.00669511993117475,0.015653254545302878,0.03155478789020004,0.013805395954370718,0.056957438290710656,0.297271301020302,0.2692427833416541
characteristics,immigration_status,237,0.6039319107552621,0.17557029314627862,0.12015130951458329,0.2226434102542698,0.002786805369780214,0.013240717177134147,0.015939432393537466,0.0757388077871809,0.040862353184586586,0.11539252718814573,0.15453442475730986,0.1667909488626792,0.04005190772436685,0.09605216353535953,0.046758481557038906,0.10153943381905238,0.14002996807542673,0.24348358905196957,0.10527381187949314,0.20446670602579814,0.05044886818571205,0.110299848291718,0.038191913708627914,0.09956267174847391,0.0033855011545707186,0.006534232230182916,0.0029877249237060554,0.007078980937816213,0.013825417389918339,0.04117583389162384,0.010516302436487043,0.06200398946095288,0.01935905178914039,0.095490815350675,0.0027130610847532284,0.004784270985511747,0.03652420909343413,0.14224125050258324,0.05657265817045081,0.18136985049416485,0.007696163378369048,0.02530318130521594,0.055258075328924953,0.11678354529293984,0.01065974079959037,0.03884683957989875,0.05294926407676237,0.11100749420049011,0.007331510796260781,0.014428966952318911,0.005071905854561873,0.015027581003388584,0.054994718543743076,0.1434232377361559,0.013087351325818805,0.062170289446419016,0.1963812254078466,0.19128436640854193
characteristics,job_status,222,0.5962626474263432,0.18196097265637168,0.09081838057777081,0.19710499978970478,0.0031609495963821573,0.013017731473606789,0.009526224074065098,0.04970777358835498,0.03127732455126337,0.0714407433532853,0.14036257410640116,0.16134520265989458,0.049391824658225954,0.12094702634392576,0.05437137926865772,0.11790827108805821,0.13518220812700027,0.22769654184862742,0.06943778041645314,0.16416044258501364,0.07086446888793076,0.1516122324340382,0.02950616530247603,0.06205907770268171,0.0033787273869247737,0.012268993731915586,0.0026123839237665344,0.004688417856208163,0.018773420943919494,0.08404174182913729,0.004096026045190556,0.012620475341239529,0.014979189309513884,0.08466608142797884,0.0023738336003425336,0.004574743818466097,0.052255466076973324,0.15670720163658008,0.06374133547869204,0.20085201425798926,0.006768506098966542,0.01791235077071187,0.035574055166688524,0.06069887162886027,0.008025197758461791,0.03813778166468737,0.051223164034151544,0.1117092066586342,0.00768203745076437,0.013346952520967913,0.00648687865025561,0.03497436921299676,0.046448323989721214,0.12701398406716796,0.0064207898853514515,0.031111983909111515,0.25815136596426236,0.228271774740207
characteristics,marital_status,187,0.5963920944514759,0.17432080105172956,0.06657496510032455,0.1435174019282814,0.0017322038868716097,0.002399337414969495,0.01577807785656781,0.07109277950140037,0.031030045017938723,0.07203915840044642,0.11718103238057724,0.12468978050381777,0.08803225370910875,0.1685028560892385,0.07125675020724495,0.1362949449155033,0.1625189787791021,0.23888107782584173,0.09243231778746511,0.19219691426524194,0.051870435474435476,0.11393418991643846,0.028035621549734935,0.060108978168626016,0.004293725168130754,0.014313098361716198,0.0019852595410327165,0.0024889562407378893,0.018777461656348103,0.08551290804224859,0.004056172362929658,0.005328228523882702,0.012874432252785365,0.07906615245803553,0.003704763211438776,0.0069394421196036695,0.03895739899272159,0.13013944809710817,0.10852889471841767,0.24485298006703893,0.008877483287914581,0.022883624801016696,0.03191866566437013,0.04472264777097798,0.002568625524522734,0.004652974460396639,0.03220730743565183,0.06434068932079996,0.006312497479440819,0.013088185151259769,0.006090444556710106,0.010803220799541512,0.08623118607332322,0.19218358422665469,0.0034366254463641193,0.006954331672357925,0.21492205090312796,0.20148086332650206
characteristics,miscellaneous,34,0.6225616848644089,0.18496071879979736,0.12631023009924,0.26884241085434196,0.003237718527088873,0.0070249663684826755,0.026505952981738922,0.12187073003073227,0.04506692383438349,0.0861925818798597,0.07605223091976608,0.0789450222788927,0.055487852718215436,0.12731528580067694,0.06264652084792033,0.106666764056223,0.1439564500195796,0.23377379074798726,0.06661475389196045,0.15586832836255363,0.08526800009969841,0.1781906126033174,0.04765888906138785,0.10146867565384303,0.00420479494427769,0.009550348958576009,0.0025373398863902208,0.00294748195895998,0.008255999994135517,0.009078433335212304,0.005004689275451443,0.01442638137619557,0.04196229604713153,0.1414626853881244,0.0020253513828399315,0.0031166573159287113,0.05662094658713185,0.17491655118569918,0.1356721366122228,0.28931039958479493,0.01826060199014404,0.07065326991270035,0.028444920413141304,0.025334122090048216,0.003029688128021114,0.004015218067378529,0.030272193177712754,0.06088616440792602,0.005135737538854729,0.007078402364557024,0.007264848578522694,0.021887950501720984,0.05049119562061284,0.1113100226313196,0.003744167522253359,0.006460879353844552,0.18696865587330916,0.1832854004142455
cultural,cultural_stereotypes,286,0.6062514052524434,0.17360319548236097,0.10484881980008433,0.1880102103821704,0.004773805984597119,0.033180595608819814,0.01344291683326319,0.054162178322386005,0.044458521488513404,0.11065679031388605,0.1459074301768902,0.15694188497091724,0.04293746195657837,0.08799742649819325,0.059973510477400446,0.13486571377492662,0.11020724021058718,0.2042123521068756,0.08650152734745378,0.18462787663364835,0.05057459648709151,0.10667250245200452,0.03028342208110278,0.049599413398531,0.00844725997928429,0.03598281082431423,0.0034589222002443954,0.008087168285112897,0.01183755074244463,0.03800733809328897,0.00619281636328368,0.044544002994307615,0.01251137616080061,0.07145445562481746,0.0019924370231069427,0.002636025969493878,0.049496793575561276,0.15458426587942214,0.12591890936383207,0.2682135780989684,0.006354061807904692,0.01500746849971186,0.040081662309463494,0.07096308091279921,0.01211225318430778,0.051287763472594936,0.04929944233711601,0.11151541095107853,0.0071192372236579945,0.013634675781163083,0.005920664920802131,0.023809777682538967,0.04244518588550252,0.11755631464829558,0.003663416679987645,0.00970835171090065,0.22889770478355354,0.243738749324501
cultural,generations,119,0.6223250476001692,0.18145664953398755,0.15826322562540607,0.2670257337700663,0.0028861973558439082,0.006032539514534621,0.012719134984297302,0.0710677041395036,0.034786081927664136,0.09344993121197051,0.14042231078971834,0.14800607016758732,0.03320931309067151,0.08314233931944265,0.046911645545174185,0.09238994748735779,0.17770285329839192,0.2726611857155413,0.06239903742396625,0.1532157960050107,0.02879501799681075,0.09107597372341993,0.013948115601376513,0.027108919643127095,0.004195224415968728,0.014671787412273013,0.0024906623431827733,0.006517156642495564,0.016477970340868318,0.04512222155595846,0.0049362269468887264,0.016369181113664224,0.005996045056938883,0.008611171336271166,0.0024234365939432676,0.007729353848202644,0.046031998358901684,0.1601795650493178,0.06689281844359846,0.20752744589166616,0.005786020925783106,0.018499059245989782,0.03756360149406241,0.0769094348354553,0.009652925016581788,0.034583814271812806,0.07316051514334038,0.13646226665435585,0.007150063434876932,0.012785899859597528,0.00299953346526125,0.00468621006661939,0.02576666607711261,0.09785171654117722,0.007693295396899632,0.03210236891599314,0.2508239237388142,0.22502980134035866
gender_and_sex,binary,51,0.6056955778131298,0.181411431060723,0.11948526417836547,0.2400384789401211,0.0033688325909715074,0.01182857137760564,0.006859537456002014,0.02514934957583742,0.02637172907170858,0.08710012267890846,0.17432924649477297,0.1938670134314123,0.10136381725725882,0.17689896023258875,0.04789798826266847,0.09264809689956612,0.14589781599238003,0.2457981510975733,0.08114071020984329,0.15952501620753579,0.03699312395388808,0.07836282625198085,0.026093391674187255,0.052493180011327883,0.0027276766258200595,0.004355457655311097,0.0025925122369217742,0.004826753844575685,0.008639281583657744,0.011496424194371508,0.005642822477395884,0.007465727727010899,0.03483208213469433,0.13531854829104759,0.002249147174035327,0.002518543944847601,0.04881863533998566,0.14445298358434489,0.09877213110745538,0.2441409667558166,0.01287691515194727,0.028614980414208006,0.04771314655412354,0.10633705467381327,0.008859735464034648,0.03417766465181637,0.03700046814685943,0.041101766430801254,0.006304347663935201,0.009369764551126997,0.0053267635698384585,0.009354443497312168,0.04715976111052156,0.11586584702728253,0.013075443030923934,0.06528645244944638,0.20661639528093384,0.21982089708338154
gender_and_sex,cisgender,34,0.5992039906627992,0.19021003821232088,0.040899375847349054,0.12897724712683242,0.0015010961685809033,0.0022278911583018457,0.005669220225707463,0.012262956758827622,0.026465774623348433,0.07063724971869566,0.13571943717953913,0.134586643514576,0.09297455697635408,0.18869640036201857,0.17382270204047123,0.2346394695036912,0.2017963518960374,0.24010557443772104,0.08675668484134161,0.2161887254258246,0.019432518809266826,0.03814252928958537,0.04762168034144184,0.12761146217360558,0.0030970335561398637,0.005378198110902608,0.002416474873076796,0.0038351723423601545,0.004064152101979262,0.004046296817700499,0.0036395247375099536,0.0033362755787215465,0.03618093660642283,0.16670495178059522,0.001494872957289986,0.0014187173739373452,0.025763465630862972,0.12394831356671537,0.03300467949713279,0.13559407793275746,0.008957179344553664,0.020133558613232395,0.0269715047427727,0.03687376867699236,0.001932609685943188,0.004092200094841819,0.060044803588158065,0.11617541590793778,0.0041325890094466395,0.005769375159361819,0.006226748959948856,0.013465286240981204,0.014624379236278507,0.03189082574152317,0.0035517156990381945,0.0038125023008962204,0.26351570737931657,0.23457622654700216
gender_and_sex,descriptors,168,0.6256974407782158,0.17345120089154037,0.11914049770954686,0.22415545749015506,0.0028730263326170167,0.013154629889068188,0.015627329579036172,0.05405154818027283,0.04711238019877956,0.12415319039843292,0.17159724713946206,0.1881633960939832,0.06302366717517587,0.13558633447155555,0.06371547451410497,0.12443030701872691,0.14624571318580865,0.24048132266597522,0.11023190508040855,0.20990653871585802,0.031889644030473265,0.09088918751996798,0.025881127856943447,0.053539225787150015,0.008698247140619926,0.051667957267778244,0.0029763452703697284,0.006640631520302242,0.007600063258169463,0.00957089503149065,0.004024475935390607,0.008234129115211921,0.015386636133674378,0.08667085880825187,0.0018800673768141895,0.0026460260484863687,0.02733136904342765,0.10413302955248209,0.13358613353955748,0.27211068166039626,0.005301452790046737,0.014195846816047346,0.03629407912445631,0.053005006899468236,0.015560211679755975,0.05700416935454136,0.04349586448959252,0.09352392935700253,0.007748511971883653,0.020631922415062835,0.003935489866957401,0.008339624724304556,0.024599402751759737,0.07480364253442301,0.0031179086782642464,0.004219377149913848,0.2032842781960166,0.2055569393542726
gender_and_sex,non_binary_or_gnc,221,0.6118984571004885,0.16679636240914517,0.07716310556506005,0.17763405813993097,0.0014844398355065124,0.0024963399436913163,0.00889368990053764,0.046654786381641826,0.028881346862721025,0.08360793422877474,0.21836539086510692,0.21367206305446299,0.044526316753348415,0.11256112503840429,0.09736033060010607,0.17297455225022873,0.11148457973168287,0.19883897111913384,0.05588477246286305,0.15017564401411274,0.029467496271371605,0.07691774084387724,0.0357400726066582,0.06898609484333044,0.0027544815105131123,0.004308220713564885,0.0021939748806359535,0.0032793952772308065,0.012286568347209795,0.06317759904043813,0.004174775044682407,0.01011628114186449,0.02766136441058985,0.13036568649949262,0.001620680898203034,0.002863248030400973,0.019924556133779803,0.07715012670993174,0.06937134098862108,0.2023475100619066,0.007345809035039532,0.023514245674829272,0.0325525019990019,0.07306619873840894,0.00477520227836544,0.016777715339008587,0.07199074289281072,0.11332527021503498,0.005469848566129698,0.011130259545517792,0.004023087556906913,0.011717702884724821,0.025771191052100052,0.08873379910397168,0.003516524987468049,0.007118038573886526,0.28826055368324277,0.24460240460773175
gender_and_sex,queer,11,0.5561824251304973,0.18130473836526428,0.16659527976827865,0.271007377580468,0.0016931663743558931,0.0014564248668363156,0.005129653378389776,0.00386908116552369,0.015810633120550352,0.015479830998387987,0.13876097141341728,0.11890883769194445,0.07269595614211126,0.11081041536387388,0.07907417717135766,0.11331360043283759,0.36279293533880264,0.29144609973528923,0.04032434052152729,0.052995792791688145,0.04362457872114398,0.09586535309708587,0.014227376150136644,0.011797060567796449,0.003031797558915886,0.002517744077120432,0.009019561170134693,0.0186044121748262,0.0104050183435902,0.008354727089446021,0.07495817463760349,0.23192748197050317,0.004720231983810663,0.005576319287620632,0.002417311612093313,0.0022430109583617833,0.009418250929394906,0.010101014938176478,0.06654377114451067,0.14752553780071054,0.026513878219041297,0.06406295523147966,0.03227284165437926,0.03340770725860023,0.02600355560637333,0.05668131390953347,0.05071701490404931,0.11413872926589434,0.0081913216245911,0.016995613761831268,0.0059773840105415066,0.008563804636461813,0.0293575890827924,0.06351552356370464,0.004392472699030556,0.0030927018681827572,0.13804718022319404,0.1311179065935794
gender_and_sex,sex,68,0.6008809042327544,0.15651570483683866,0.09766591081450529,0.22100557500387646,0.0014689979584278155,0.0012822670404407542,0.008129432288114913,0.022195167037372236,0.030247169327648246,0.06943199949077311,0.15321592008695006,0.18701778170373054,0.06125400692005368,0.14219767839533945,0.12614274952861973,0.20086674080940117,0.15453776207012945,0.24969407582108452,0.0743185165706296,0.17458503858992058,0.04589554958511144,0.11574466537989961,0.03996834220186643,0.09550296016860778,0.0032972347248955082,0.004151821499660925,0.002958490757865708,0.004490638064562499,0.016145809368240675,0.07140556514568568,0.010275497350769857,0.03551308700153663,0.009469197461465443,0.03914526316748219,0.0019260821211312706,0.0020601427952435694,0.01986166845445576,0.05647179409781684,0.07562664815272643,0.19482397969436285,0.018013846650693964,0.05232028247745272,0.0221558152252863,0.026569864150302498,0.003844235666881158,0.008811180368399497,0.06577815538313349,0.14236713997758715,0.00721048142077052,0.015704059453926063,0.0045270388423780195,0.006579494455922237,0.03280991167925736,0.06862109972559724,0.005948714454408379,0.013757367173615998,0.22166696950957618,0.20012209599683045
gender_and_sex,transgender,221,0.6013460187620707,0.18068489959483897,0.07647589574846106,0.17390804217078432,0.007535476517116617,0.060476416106188445,0.014475893581125936,0.07213192391739628,0.02513117428312744,0.05412596035393454,0.18062570528443314,0.18141968690206817,0.08252235266355781,0.15378407803258107,0.0831863657693585,0.17394400152082484,0.15518784435330027,0.2425554621222367,0.09020784660295175,0.19561938246085983,0.0350588916551229,0.087440444343891,0.035157502907522155,0.09435393465242511,0.0031790440276315713,0.0047178655345335475,0.0029159729098753658,0.004291339656778943,0.012431302547456941,0.053203740030502295,0.0077518016444698265,0.026961428809824217,0.02033534877580892,0.11009748607818277,0.002541264870909371,0.004666467436386393,0.03043178301035928,0.11703346216102521,0.07588262351074918,0.20463955417237836,0.015921482857623837,0.058160962708485094,0.03858748506080376,0.07095501607455684,0.006900779519827875,0.031233032216527973,0.06951101539589094,0.13135220496407515,0.006739726374784434,0.012154757795866977,0.006681154866079163,0.026529978328079747,0.04495188658656679,0.11419087735822989,0.0039442718637173755,0.009418131709492497,0.18879699833033717,0.18116152772828326
nationality,china,50,0.6041871583461762,0.18546968825008048,0.23375111961038783,0.314997595650845,0.002041051525156945,0.002331428048188052,0.030147215074975975,0.10125425027389379,0.04784070130437613,0.11125047392353131,0.15257299740798771,0.16177074633735666,0.017768642352893948,0.019901674823692553,0.03741718042176217,0.08709813207984518,0.091094915070571,0.17156360477046947,0.08391829680418596,0.1699874517980108,0.04721160560613498,0.1142454232512981,0.02988430191297084,0.05746686910067324,0.012764529134146869,0.0626333921283552,0.004044839780544862,0.0074520263739314705,0.023387162738945335,0.052599372891744635,0.0033923912199679764,0.004043053966126651,0.026721642368938772,0.13423169682142663,0.0020655206328956412,0.0020631401236573033,0.055908702133456244,0.13453404286121146,0.13019886566791683,0.27104459717586615,0.005365558509074617,0.013113881646539845,0.031602374110370875,0.041930601695617034,0.02055719242896885,0.057281597446081634,0.05306733478792012,0.08084587418442159,0.0064785989740630615,0.008324693844961154,0.006690890961326659,0.022906565128235513,0.03030089077539742,0.0760330203309611,0.004703994981246069,0.007359272396285849,0.15338621178641915,0.16815173363169733
nationality,cuba,34,0.6377838350394193,0.18382253206909321,0.2332021820543827,0.31360235935056363,0.0026908107178956818,0.004414779699644477,0.002747850896626273,0.0028457060731006197,0.008837776135324556,0.012341599105541829,0.13800499434856808,0.1319109122098246,0.017192531024407157,0.029812126634878765,0.05017558784011806,0.12269237742273206,0.15079661553574944,0.265451933310721,0.08030542440075591,0.1797940780364034,0.016830095372450372,0.042729887642896945,0.017494647171320942,0.05698131581924482,0.0017493806945447646,0.0014117175181840346,0.0019248485349474802,0.0033847887660535627,0.03655010124288417,0.12066558313654116,0.002567451324841172,0.0034133188383637498,0.024919563061249553,0.11619071907616571,0.001950100066845634,0.0031900218904697,0.06843610666349859,0.1700200925425619,0.12639403464067178,0.24941563858613014,0.0035987136674093026,0.006492047692398929,0.021100217887364766,0.022875834408332834,0.016001699629187523,0.04514034824265153,0.029800870900918895,0.04289788712552316,0.005973461219315033,0.012947965009628045,0.004799553451234447,0.013312140106968693,0.02744216545526048,0.0867376293336698,0.014006192093160386,0.06313698201755645,0.20677038914907506,0.22557763930365538
nationality,dominican_republic,34,0.5945691580281538,0.19826619565201398,0.11050326500759076,0.20626841766760287,0.0021417258531608455,0.0034864534559379133,0.0043339569691691875,0.005995315208870458,0.02520855740808389,0.04311863377919243,0.19158355280866518,0.16112370631791886,0.04253460365511915,0.1320714257373935,0.046170402982491345,0.11302487148672483,0.0700133621430723,0.18562452141349606,0.07994736794738427,0.18694032852122722,0.025750625495086697,0.05806814043563485,0.031102856415707397,0.06278611138734493,0.02615172088639263,0.137221561322533,0.0032370794206679635,0.004378134525032506,0.013025688685421996,0.01919834374300747,0.00411445419612231,0.004919673145411914,0.005106570906611844,0.005905593171370905,0.0025568902064525686,0.0034325389428804514,0.059700278460856196,0.2030647899473728,0.05206723157008288,0.1863787619200784,0.009119015115549486,0.018041273333070835,0.02967219605959733,0.04005813662270501,0.029893674214476692,0.08322751401341892,0.0770556091755519,0.12049793295393459,0.008819380992088769,0.012950278207455288,0.004410915282171439,0.007539652845382043,0.04462064830038477,0.14566263549329486,0.0031152153199346844,0.0032034227405627206,0.2608725723317441,0.21902350642021817
nationality,el_salvador,34,0.6355301593156422,0.18627939342243208,0.22773301671943902,0.274429145653345,0.0029683113962699495,0.005304340434171903,0.010872195115285543,0.033350854705238596,0.04336208049618803,0.10475576497556222,0.1141493307043086,0.10976339789202762,0.02327795424977975,0.03466901909806057,0.022557396001716638,0.04629162540788908,0.13439127718447708,0.2519918628235802,0.08443867960972164,0.17758917583308506,0.04276948293451877,0.10273741123800441,0.026233460178927463,0.04918843973849858,0.018331288241075955,0.07901118505040958,0.002270217350622475,0.002388254115661921,0.02230427681848489,0.02993542733264311,0.009997072274392635,0.035569114738415904,0.008016182900652946,0.009851268439201148,0.0018588885329389835,0.0018394691000827293,0.11202402896528571,0.256900269416716,0.17018663856502184,0.3002342766799562,0.0065047410573563814,0.019438044474244014,0.05874270176076714,0.12573426180116334,0.016434140144316618,0.052958236415017484,0.03191596783204552,0.043637786279690914,0.006466947697096176,0.009576249333978125,0.0026179301442907136,0.002317385114582639,0.023685365297270063,0.05114082659637462,0.008757047671037178,0.02701816734242544,0.16925749944194274,0.20624034880084413
nationality,guatemala,34,0.6479577119736111,0.21446611104437419,0.1595811846166137,0.2761887124909067,0.0033309224039412048,0.007370546050878541,0.023130313844269362,0.11075186744604575,0.027943408075610503,0.0572342026775862,0.11168903638334836,0.09137337718973632,0.04553550757084261,0.11385669296989852,0.04867307365159778,0.09228668839430149,0.11535227395720807,0.21976533680916582,0.06905309232944787,0.15000460546627764,0.0532609607120428,0.11465808786373029,0.020046708680798903,0.030270869156977805,0.005199907493079081,0.012842652461327708,0.0035664566402213976,0.007278095390913263,0.01020965918980758,0.011061932969390727,0.0037610770497635447,0.004581457510950569,0.00660958544262137,0.010814722393746408,0.0027812805389711526,0.003944512575185498,0.09596384073580232,0.25009554125983285,0.14318858746521393,0.2975175937540436,0.008502524035815013,0.02200663774455198,0.026375611853676244,0.03656575438066391,0.011263734188961441,0.043081601589551176,0.03329001208904254,0.0437561815782496,0.00891988152751069,0.015699869845623486,0.0038351413728806246,0.005905201088725517,0.049261095789809,0.12162932453225019,0.005634264922050266,0.01658619541531374,0.1980068673763205,0.2475825751241015
nationality,india,34,0.604533776640892,0.16432354434682084,0.25324735920944746,0.27410575241255614,0.0015415486619424295,0.0013611607196843231,0.015841113171464874,0.05301124380894055,0.04225371960167061,0.1206265740285632,0.19662832400268493,0.18859156087365067,0.034153747372329235,0.06927411699209125,0.047209578040672245,0.08285694462883589,0.16587979431770852,0.2816216579916978,0.056479929912123174,0.13932906217394195,0.040851402921629525,0.11722786732187135,0.023884297910091633,0.045121183638648775,0.026751163653577405,0.13676102465206466,0.004340455166718183,0.009209241041883323,0.032316451854592955,0.09244673302865533,0.005381659755264135,0.010578485403483717,0.00974394756828106,0.01168313351543006,0.001753210420942838,0.0015752317013718819,0.04682747677982073,0.11748039840493821,0.05408667375655461,0.14689184443312583,0.009459763440056978,0.023077469507405593,0.03865369772264624,0.06706106435147312,0.039396801893684934,0.09317608041884984,0.043691413792069346,0.058629043942437946,0.008711090825861046,0.012079113219045087,0.0027924846739658866,0.004335852584971736,0.011988543802598381,0.028047812419833354,0.006214340013684705,0.010095833784740237,0.1512937862699961,0.18242083094705303
nationality,mexico,34,0.5774527989766177,0.1548057118562965,0.23375242948189706,0.24331582510753638,0.001281194487305851,0.0006956797072019007,0.006098406817353166,0.009687257810414828,0.02671036802862278,0.05513684853517471,0.13648578132886222,0.13565184210353098,0.037967206561006606,0.09795885037399107,0.02591399956316523,0.053072147149134455,0.11592543922340744,0.20694267582137857,0.17787043656811447,0.25791940958906434,0.03678876901497407,0.10503751297565549,0.029850960472899982,0.10105167016235005,0.0036202513455303714,0.004594711495745262,0.004821640529211008,0.00913806552407317,0.018152085631085998,0.017427840454000174,0.0030261642986100495,0.0023855100383129157,0.014411677666323479,0.034188674009417726,0.002279056693249218,0.0018980186524364974,0.026661361632731688,0.03693068558142437,0.17064743862925646,0.29488102644550285,0.0037854318027658496,0.005096750814852814,0.03393644249231061,0.02904551049023247,0.04866947433979744,0.09594986781441875,0.04133231061346391,0.05722820003587621,0.01004957266002962,0.016228136802632822,0.004071041972458582,0.0041462886295092925,0.014476833502104616,0.027025306670889437,0.0043857833815683775,0.004175035899813827,0.1366720493773327,0.12696969187640836
nationality,philippines,24,0.6077906054755052,0.1691795573606013,0.18047028653866923,0.2432609303866823,0.0017876495706635371,0.0015297542322144002,0.01552370496695706,0.04589987432617494,0.053355487170241155,0.15248192463461568,0.1254150124344354,0.1205142044303269,0.03373868413230715,0.04722562462845492,0.06735543476922128,0.15316641136501583,0.21933761491285017,0.29699392782166806,0.17448381522748,0.24407722869007034,0.04007378192181932,0.09991859183623185,0.01691849763543966,0.02177814172195663,0.004664678777771769,0.009377025093038114,0.0027939338118206556,0.004073148719238435,0.035269457655279744,0.09181447065019506,0.002734106058293643,0.0016968714418765843,0.039115463076692926,0.15214030590429284,0.001687507371874138,0.0014933140561029274,0.02916179957780211,0.06875581988560744,0.052333893471465366,0.13293592755693892,0.004704785197342669,0.009467577993269135,0.058054940309375525,0.14260878726142492,0.013687050958954691,0.030704154797643216,0.02167804028916483,0.027926061556236503,0.005263641389319673,0.006969104288698317,0.004106464079086436,0.005075987481664558,0.01289611396350665,0.02882638153269697,0.003870043884186695,0.003323183012806243,0.12980457992913821,0.14578049300544474
nationality,south_korea,34,0.6112750751130721,0.1890088833837463,0.15846629610613866,0.2528965819758533,0.002682049706516623,0.0039994660673987785,0.015098567567560273,0.06100384702614322,0.03602268032537883,0.09376690288679229,0.15770200763226433,0.15744241366664155,0.02632027825080406,0.06640625872244972,0.011711357195642503,0.018007629655442874,0.08069749715693486,0.15741084426437335,0.07170658187276464,0.16705840182615386,0.032615185201661116,0.08978603633208333,0.01599200365736204,0.03352946391919352,0.0036379748404108208,0.004663772991500206,0.004475914445185267,0.011442362886764031,0.039433168495580664,0.09379077132515547,0.005454295436399715,0.014304567686017608,0.028624421702475315,0.12400666471970118,0.0018649608425809728,0.0019397570406506272,0.08359065134359031,0.2265000526681863,0.0982872786014067,0.22923343156648682,0.006738252605667666,0.01938870933374473,0.02373222856754985,0.019673207371601553,0.025220252624849844,0.0782145952076753,0.0699909153558752,0.15304073108362162,0.009158716777592953,0.013186431307798044,0.0035901549477678012,0.006429676637739655,0.017679286797133768,0.04253334046545905,0.004329262505480609,0.006378246686421076,0.256231927230735,0.2530205259091494
nationality,united_states,16,0.6291418224573135,0.16143253768369095,0.14589951261586975,0.23241396985183518,0.001462940483179409,0.0008545315880502762,0.047361119781271555,0.17951020744102522,0.024914913839893416,0.06995441913790841,0.1977526675327681,0.2557701959971948,0.028030464294715784,0.0416835471759284,0.028695098284515552,0.059169775476526736,0.14555177837246447,0.21701784854368855,0.044729771943821106,0.13051095402533774,0.02146589895710349,0.0388385891470193,0.010138078054296784,0.0124858568298526,0.003714616959769046,0.00877608913329033,0.0016200302361539798,0.0018719315815847969,0.010429643007228151,0.01694886611547539,0.00883690322007169,0.0271026479244824,0.08724962475753273,0.2243981510332511,0.005019088019253104,0.010149531465302234,0.02853643002526951,0.05709563970769155,0.07652807281556306,0.20517127926789847,0.02490410173595592,0.09175789174346204,0.05062584202096332,0.07214971981298779,0.0066783508741536934,0.009014959391365658,0.03360989461361896,0.04148714999457883,0.008814111730316654,0.013644880231497384,0.003415863662667107,0.004384217491372265,0.09867698419111548,0.23731452035622647,0.04450965048454236,0.16918731186580482,0.10825659905094653,0.08399402068206109
nationality,vietnam,34,0.6545689666972441,0.2129286016742827,0.2691402603351675,0.3586140854658484,0.0034516595795353435,0.005920780028916381,0.013811949691872168,0.04039333157128839,0.04542954607784529,0.13903984116290688,0.1408060106777531,0.133861840994808,0.03155013648382224,0.049976929943174764,0.025767925520674053,0.04635466482965575,0.2049684492034002,0.29460710131215695,0.07424235651406515,0.14562931801797846,0.015450186914463034,0.04021749512577389,0.03716665064669488,0.10037895129143712,0.004375994296210325,0.014090722948431113,0.0020217586202574346,0.004068183676054247,0.02819649883381584,0.03777426337990717,0.002205011048799326,0.001617548826663171,0.03317832155837951,0.1267533975270698,0.001337226904819117,0.0013894711949126494,0.10805256773293127,0.23274445759299617,0.05516280375783989,0.1530544047491822,0.0018515664688653916,0.0013691337277780312,0.06219103536568582,0.13939385063591972,0.027080562986478016,0.09043972237185732,0.020223301691550982,0.031051934968042125,0.007796509562039693,0.012838376567321145,0.0019738648971885115,0.0014974498475040221,0.0059462788168970935,0.011437298254161924,0.00640256650684237,0.01741874694401722,0.13217620447497158,0.17007745720733278
nonce,all,136,0.6562580943984144,0.16834926171286513,0.14641600177856162,0.24087506487580845,0.0037000739625107277,0.012981700025857194,0.01854031653933549,0.0903959473123111,0.030909038470674527,0.09418918012008967,0.12329651111641023,0.14404006686443516,0.0573904671404949,0.12761008416438385,0.08462869938375661,0.17011248340536306,0.2191083216934845,0.27478247111264464,0.0513628672240028,0.14421114720168576,0.014768725298755966,0.041139018854855054,0.023606364513398148,0.06443462621219863,0.0035091062816397477,0.009189458773186965,0.0014043175053623546,0.0017631963315583123,0.020487675878993125,0.07585102826433128,0.011377429700480527,0.0733877230949659,0.042557117199655346,0.16506364909572355,0.0015128948823129415,0.002986243934619659,0.021038824017844435,0.06598348661115697,0.12396299954771701,0.25885070386639336,0.011453852257652804,0.05418037489304272,0.05114791868939338,0.12291256501604575,0.011068155735917089,0.056095272434358676,0.022794431465787485,0.029320966124097878,0.004212480073179262,0.008754328314914466,0.0024358905865322893,0.0036390879019112484,0.01823077212954077,0.07772035857447569,0.005891392124955447,0.01729121304026023,0.23765271882225267,0.2601449083032038
political_ideologies,all,425,0.6140579301820082,0.16547639762533398,0.09315608696573797,0.17136667739435402,0.001888081601697623,0.0044440799833889485,0.009138678705511506,0.037990230453445434,0.030027126740554678,0.0688752074805229,0.26829520624021397,0.26119826985771855,0.04663058521102785,0.09264894820365142,0.060606286529287255,0.12320129243358567,0.13727532103678267,0.22805722616292462,0.10481180030441678,0.20069153858573974,0.024373183347120443,0.07126156003147886,0.050325590997441286,0.11397472614478879,0.003248166526284288,0.007638458276510597,0.001853113096953808,0.0035754215906295943,0.009838939922697404,0.045294645205001004,0.0077451084139209024,0.05598758244520559,0.010217548310619724,0.05642555129039647,0.001256846806157709,0.002223021105374801,0.015531281283645726,0.07869878187588634,0.06956608830410166,0.19826171312473556,0.006518067448136314,0.027679446377412723,0.05506208361564752,0.08421000382717347,0.007609506352874793,0.03544887731755881,0.05395060323397903,0.14925095985782771,0.004054520355352639,0.007605315461685009,0.002501213996541029,0.003489130604947813,0.015329986628665424,0.07398737916830782,0.005902948103098692,0.034870864848532426,0.21425690531073247,0.1944554965960404
race_ethnicity,alaska_native,16,0.5728933252394199,0.22286333974893635,0.31113677920075133,0.33599890364392804,0.0008863039238349302,0.0004181188733296413,0.007346792001044378,0.015123333352577165,0.031053790589794517,0.06428711524729709,0.24481160461436957,0.21918034280617363,0.030745560936338734,0.05163189347769838,0.013363543643208686,0.030821637422547763,0.06318647471925942,0.1943675000344571,0.06494917350210017,0.10471138859112214,0.019434518544585444,0.03624522759609992,0.015449226892087609,0.02411556810860239,0.01400816319801379,0.037179561663875954,0.0021503541865968145,0.0021255373100502704,0.010452528367750347,0.013375418193511452,0.0027524628239916638,0.0018957642970329378,0.016746828066061425,0.01944716813063513,0.0021598673756670905,0.002243651824988778,0.00931979750203027,0.011523059810844439,0.052997799022705294,0.19457722849681627,0.002215747664195078,0.0027935407766085953,0.04389544496370945,0.05642460747461443,0.06250673429076414,0.11763168879870337,0.044568646466359496,0.055180228189944815,0.010420632777822902,0.01551686719069055,0.0034788882985594682,0.006418075180813752,0.024224314314778894,0.07437254238069003,0.0023242999050125945,0.0013229133553679347,0.18862138385884464,0.1495896666771518
race_ethnicity,asian,102,0.5999573327454866,0.18632192014544813,0.1744347273659728,0.263648808213224,0.007820987701301883,0.04686400131457494,0.011779956404329734,0.05946562330011008,0.02619630091951466,0.07120807126948264,0.17295993391570508,0.16652463956633243,0.028643612759005205,0.07059406646421709,0.05043770590918047,0.09717465005963655,0.15095047669983971,0.22773250908788326,0.10277042288205349,0.20534292701271825,0.024225241627872866,0.059533245619558486,0.019850568955435473,0.046779701460034843,0.0028837925426926756,0.006409445766809959,0.0031155933986655344,0.006160403845529958,0.019370240408712634,0.03126698122587817,0.003924228545727993,0.006500809810488435,0.023622060432578165,0.11904946385054038,0.001880441099238655,0.0020824173056158543,0.0769164376736929,0.21685512747151858,0.07165301772172325,0.19731337108372649,0.008275987498956394,0.020103894428447955,0.029760096793966916,0.03472598852613941,0.016251578354878768,0.05870313220557502,0.05555728208456261,0.10509299678768054,0.009542890113616344,0.017318949690736326,0.008025755127520967,0.046718904883345236,0.01892228674043116,0.0480452505375958,0.003937250222638706,0.0045114931073239346,0.19774247693153574,0.20274354714607393
race_ethnicity,black,49,0.5445461105935427,0.17506234076484073,0.1638389042654664,0.22083058415343032,0.001698092516506927,0.0033195145427681997,0.018741338729991446,0.07852543352955255,0.03905464842326331,0.07766921558453295,0.16576389670942207,0.14952600156886833,0.06378809505199291,0.14351031255436436,0.06651523410062286,0.17829095598298134,0.09034063040316866,0.18019002633337478,0.11290203641187779,0.20922579823983553,0.03674183129000345,0.09438043841528962,0.04158190322792804,0.10399373863920251,0.006367824538088195,0.01685616765362321,0.004895869257018844,0.007322984603016788,0.015042134141905842,0.018878646705759675,0.006372360480540641,0.009714305138756674,0.015099022366410616,0.028032077706110905,0.0030467236433558316,0.0029507937455055698,0.05259953617066031,0.1578242951135888,0.08510572861818293,0.20009988396632433,0.010798510271528432,0.028864219977620967,0.04595286231868121,0.07449800647468292,0.05336080274630186,0.10684487134474421,0.05786215151394052,0.08271930364243202,0.014676547764292064,0.024898892079476095,0.005172840004777346,0.005499659061950902,0.033885808751861354,0.08437026646623871,0.003151760911759065,0.002468149935638664,0.1517611612394756,0.12816623195526364
race_ethnicity,combined,33,0.5979428760933153,0.1725034015447797,0.17697341606430145,0.28006189268294285,0.0014390223853600521,0.0015868048985005192,0.007967169251942047,0.023292817441054804,0.028378981871135307,0.058736141199675955,0.15591350616887212,0.1585893440426432,0.031876256590652643,0.06950520572954046,0.10959841953731622,0.19381808033609127,0.1994470889542506,0.2747007187795076,0.08832663855035648,0.2120875168075351,0.03613878669443004,0.07157577722372327,0.028998585142703218,0.061611990434171836,0.002594503912736069,0.0017630405857233195,0.002895090662853115,0.0037182484926870244,0.010894629910277823,0.01678672997902128,0.007661316513831755,0.01587144938563983,0.013805820879166607,0.03694869186991146,0.0020166379699455292,0.0020974748429596164,0.031166817493750856,0.14101669932390196,0.006024457688909024,0.004942445119332366,0.010074441734821337,0.01926914556666527,0.028890700933213036,0.02985609891419415,0.02670985586971228,0.09189649169222293,0.0560398867607794,0.12042322985208158,0.006877086201160581,0.013197308573410841,0.0044531511340403195,0.006313328772074886,0.03793109296538839,0.10295427168160262,0.006130344313781031,0.017569485782588164,0.18115281144326384,0.16862082861277153
race_ethnicity,indigenous,66,0.5723552514206279,0.15795735058471214,0.21513423461565803,0.2620696435652891,0.0010674224562756012,0.0008157217501859578,0.009954990416493578,0.03469212421472207,0.03559941753999076,0.09046075231156259,0.1750481351363388,0.1494186962291236,0.02879555205899206,0.05129699914102871,0.021319881702462833,0.0347537757103378,0.17751392178152772,0.2582951876606152,0.06648316946600309,0.12949414469407342,0.03451981632723332,0.09630752991162311,0.051364191278645936,0.12396580251957653,0.0030980848620829143,0.004187036627455034,0.00334719843963147,0.006619276224141947,0.01620696960140556,0.024101784627777904,0.003727705665479527,0.00732831564173189,0.010052063159739853,0.014274776662416873,0.002207658881767808,0.0034138385778989893,0.02089148608149227,0.07624276929697524,0.03315013515671263,0.14056094518508572,0.0032979826185813486,0.008652998239641791,0.047008608312656484,0.06680235564527265,0.04803341248572741,0.11259316135124271,0.04336071311086981,0.051606320552854835,0.010242058938302129,0.02458504355955412,0.002456105383426995,0.0028256940023178405,0.02614686976162237,0.11091991622774958,0.022216505572115155,0.09066652433082849,0.2121130421221482,0.19842804532948835
race_ethnicity,latinx,80,0.6017717128619552,0.16719273488653202,0.18254996111645597,0.2676653982206447,0.0025219766386726404,0.009857961788979613,0.004283124001813121,0.006079194556806754,0.01836208033200819,0.03654673413874012,0.1590273456182331,0.16795344089751044,0.04497012776992051,0.10150667457821842,0.05604177723507746,0.13034593861011254,0.17300905605297884,0.24654177859926396,0.11774061846372205,0.19403923345496407,0.026232537787291222,0.09523518367250096,0.03339012728538364,0.08905942196791178,0.00246935327159008,0.0020514825560577423,0.002692890316757257,0.00715349393129395,0.017042165581005974,0.033437910708934766,0.003442663370151422,0.0045408071515179215,0.015718162832490633,0.0521177824127447,0.001862404051280464,0.0022745995324172613,0.04138565821849625,0.12357833949288946,0.1453310102060641,0.261970390987237,0.005504567921707349,0.01243524126877056,0.04024561894038925,0.0572375640039171,0.019134258378016966,0.06642157952767958,0.04297544853470754,0.10567003750867614,0.006714775887303404,0.012131167580506483,0.0036230990877811563,0.005504626954345305,0.020938144397223368,0.0719084127709085,0.004218082210354623,0.006402271937389599,0.18054233269067482,0.184818638843141
race_ethnicity,native_hawaiian,17,0.5505751406445223,0.11195605203889664,0.20100390952190056,0.2611985300062204,0.0010059256096343126,0.00046446123911311066,0.00322273640674265,0.002089063009417446,0.011890476405182305,0.00916543617486593,0.17870139451149633,0.1517960716210629,0.038529307506156754,0.1068604338453761,0.04362891631557003,0.08938530487100593,0.18507584413643652,0.2518488304587736,0.07882052495637361,0.12554263020386136,0.009408478405984008,0.010180513587194566,0.04967837794409955,0.11685743904237814,0.001994221591089359,0.0012519370614132465,0.0023850337704917524,0.003772675051571456,0.011833360464901061,0.013674635275584527,0.0032927140572984867,0.003280578393516661,0.010131409891661914,0.015259713089114717,0.0017801419547622038,0.0022273337373473687,0.011364367951447255,0.017329970563095737,0.12933168489732505,0.27912710312177513,0.003867797923329122,0.008840823171441093,0.057369018795297426,0.0949925182282341,0.04500916534615338,0.1150655928317526,0.045291270471780616,0.056921851503496455,0.007146790901863235,0.01340350106505837,0.003018947742769823,0.0045780982011024655,0.008007137690369478,0.016075875521498955,0.003923910639166613,0.004642304071076035,0.22376711474841132,0.20126692718854053
race_ethnicity,pacific_islander,17,0.6391648264492259,0.21439241982476967,0.04879584945464397,0.08351373996483262,0.001997614397516693,0.0023715051327364753,0.008273716839646702,0.022822949518973585,0.04893836887169849,0.12212581967068861,0.10541289075113394,0.10726042533632446,0.023052138646188026,0.04518996537838452,0.09174131031956195,0.20129787502777569,0.18906763170311666,0.3112481122194998,0.11439352757845293,0.24431960231038807,0.03188201637856443,0.0846465330585355,0.03276847645996467,0.07318682159828661,0.0026280016104197677,0.0024966995524514724,0.001746603607898578,0.0023074527276339698,0.011568196282229003,0.016857288485725968,0.0020665459605344735,0.0010707694663002428,0.004548539207248455,0.005567407229680762,0.000939222311203861,0.0005894444309242111,0.04828834711053573,0.17920306610868003,0.09733962006729972,0.23860522747012433,0.002416197344941525,0.0036519293828555554,0.024434754118213758,0.0315414502574657,0.0035043398893321864,0.006287232749268767,0.03804771841832382,0.05863649975113368,0.0030178939915084116,0.00398307432662032,0.0017064118206583183,0.0010148241009966033,0.0054670091108966834,0.006204678672468375,0.0028850574539426494,0.001991016570239652,0.3274826153784114,0.30630085222210685
race_ethnicity,white,102,0.6147632056883737,0.1956617223082395,0.1183652309974765,0.18619858406664172,0.0028007829658271673,0.004859419833252288,0.027330981747831638,0.09791988334737552,0.05811315621979827,0.13576577310624968,0.15939171477129646,0.1778320664122181,0.03727650739636053,0.10021947631521767,0.05558372891676959,0.14040684630592157,0.13634249918914956,0.24394658745264974,0.10848832751827442,0.19872143392092897,0.0411241632023388,0.10697136752143016,0.039591835888203086,0.09636517723860354,0.0049344071548879515,0.00903890369445003,0.0029075856114550514,0.005235627786245929,0.016088647241179154,0.026146485378982964,0.004011777025309629,0.009659817513179682,0.02658371700375688,0.12405770582061995,0.0016511700870229535,0.0015990733739944018,0.08654038115021061,0.23062063415513803,0.11386324877008412,0.2406988691316626,0.007060814912941115,0.02319142922854034,0.04158361796883172,0.08118926912104527,0.013474777028058466,0.04160635783413887,0.036008643899478165,0.06552267708552309,0.007479411555715499,0.011904939705499608,0.0036280909162265816,0.005396100190684997,0.018025592375231686,0.0467477154205894,0.006958713523892905,0.03220905411105601,0.1562055609800725,0.18354642178175487
religion,all,663,0.6146172146856516,0.16843761926142983,0.13322406965339498,0.22454991821399128,0.002922029068098624,0.023230024640711295,0.009633918110822745,0.04207272886720366,0.030819326648481617,0.08910490602321693,0.19567278269285035,0.19361762439790373,0.04533543364744673,0.10902142527621769,0.05393622660467564,0.11247659459320462,0.19473609874245526,0.27872835209911834,0.08207929847355676,0.16747492775311737,0.02209751005521533,0.06409383963726342,0.03407604343045031,0.0869348576914367,0.003005703343067959,0.006129349442172347,0.0024332071448928084,0.011081578451702873,0.013808293288057744,0.04384984669395604,0.003344886306761785,0.007580364816882367,0.018695522323279742,0.094001178604536,0.0014614376395006296,0.002438794557257596,0.025876661938140002,0.1076923386034428,0.08238536255017746,0.20349172866706108,0.005481195744212371,0.02459671550028309,0.0387455262317495,0.0730741559912689,0.012362266060164495,0.05114747612080398,0.04208492396643798,0.10326551095809261,0.005299604407202264,0.011306741287687888,0.0029371343850689135,0.007273621619690846,0.01886908087593561,0.07217568942218133,0.0038534577082002222,0.00899567684517582,0.22896594395945313,0.21678741422402806
sexual_orientation,asexual_or_aromantic,51,0.6003884608839073,0.18349045260400842,0.14279974914411558,0.2756100500276958,0.0016022966113215422,0.0025670917202841566,0.0221878510806253,0.09658137034936708,0.02759930124396787,0.07556317125181879,0.1915197458355596,0.20240099548148366,0.028156299895022576,0.05856428354785267,0.06360214431404922,0.12144932932895422,0.10339444263052999,0.18356512036571349,0.05908303258497743,0.13531090683704267,0.03178696978298545,0.07704953628016124,0.04284634076369306,0.07852647670010889,0.0033898177458539457,0.006271542563851094,0.0022295275937044517,0.0030709901018076483,0.011346416176963305,0.039005509188946616,0.007305162955376813,0.034136794710637804,0.015518206436479208,0.07354984675096297,0.001631853767321445,0.0021127335453483245,0.023483942322177338,0.06244617371069659,0.1006632330142619,0.22028234362815152,0.006991973017255648,0.02932344984236418,0.037028558643571303,0.11288039799467957,0.017481475151583378,0.06405049859873481,0.0621011900240738,0.1068245416632494,0.005769680837949957,0.011655983907731642,0.0034677630465012044,0.006061297620238241,0.028760349107495344,0.10129316123159943,0.011256428221446079,0.046700393089666004,0.2662306177594206,0.24378728156393814
sexual_orientation,bi,34,0.5976731615031466,0.19589053826221828,0.054063815940239957,0.11849552068987831,0.001444655907963512,0.001287206710135973,0.0059479601948302895,0.009048266726093171,0.025215634987141716,0.04206682518309039,0.1853079898556804,0.21343310650823882,0.06732935935382128,0.13745292475544754,0.08037198085324182,0.13553661669202632,0.17518893754630185,0.25428233508289994,0.06972186589743667,0.16785836758824266,0.061363724166499996,0.13904262765285985,0.03398341027444557,0.06671685988190157,0.0035308883525431156,0.004536004653992833,0.002724222466520801,0.0034782406066655005,0.005975546081625747,0.006757962176410591,0.02784467499826432,0.12801627296775112,0.0029795496503699243,0.004535327609496604,0.003808747398365727,0.00797721618167723,0.013536135568488938,0.02807363888182411,0.1810020602784147,0.3012405729675145,0.024023683974519372,0.06626390344371384,0.02088761764496346,0.01970851220113349,0.0026396140809297588,0.005116675671795934,0.033271881806499815,0.03242253342804672,0.006290171527379083,0.014194801517239765,0.006005966279190034,0.007189723892850728,0.07664275300168596,0.15879176694265829,0.003351254065979875,0.0038162022590413455,0.16929830230005524,0.16652227389546698
sexual_orientation,demisexual,17,0.573918070863275,0.17764154659305476,0.048391231068629116,0.16949225993408604,0.002379414491930648,0.005660160227079049,0.025985651711166343,0.0984915038021824,0.023939952624085194,0.06199525752846923,0.17491773899425478,0.14555964918516673,0.03919384133426801,0.10388361780802814,0.14576867124175324,0.20704113873270075,0.12279696365380112,0.11774951486478186,0.04828659206738367,0.1278945075656766,0.007816070252481629,0.008139651689239689,0.03706394974142313,0.07212889497189516,0.004290246853248819,0.010546929366115988,0.002359286816927659,0.005362898247901864,0.04673051543410539,0.18048375989893067,0.0028463578748735875,0.001511395198589431,0.0029380793412736453,0.005358933466689253,0.0008464290654314134,0.0008347974938293034,0.007408997321309631,0.01962003419772127,0.007424623938277364,0.005742711995887459,0.0026011101607068933,0.002115018220830682,0.015334359918008833,0.014335335860872444,0.0010873448807294207,0.0015924432694205193,0.1008831527467598,0.20934530290704975,0.0021907716564943686,0.0033339991755576776,0.0022753848889431752,0.0038972050969440964,0.004738020669559345,0.004739886369441061,0.004547153380425537,0.004562410127601937,0.345313171910889,0.25175873173665525
sexual_orientation,gay,34,0.6253667351077584,0.19224863596333894,0.0604988251648405,0.16202538214301387,0.0018832237692549825,0.002201523672429263,0.006431275536990999,0.00941445118859635,0.020176227533203715,0.035400383409622135,0.14567628207013888,0.1773468567617854,0.05469803246395553,0.08205359226845839,0.03626348295673618,0.06593163132034598,0.1865625497285852,0.2920662719716244,0.13397255866028204,0.20532981244200507,0.03039168319938814,0.09263447260782473,0.05649482648175977,0.1470936309162494,0.0026596060043255635,0.001937522318488636,0.0041842344893238455,0.009931520958401906,0.03281339652483653,0.12369388707801303,0.0046067543572622955,0.0077838709399679,0.012368304007823634,0.037688756914506655,0.0019027559049872628,0.0018895149074256146,0.04608929821166813,0.13462029024131844,0.17222426304258132,0.30208388888221427,0.004896587459798492,0.006900714218601829,0.031668852603829956,0.02558189929071674,0.009297616818752004,0.01945668702007635,0.07749758164316196,0.18645341205671395,0.007116369641153142,0.011903830940319785,0.004239825960693826,0.0049711547317039554,0.025141105333151406,0.07413888832833694,0.006662084950435469,0.01367664910121128,0.13971275795141563,0.12379468140430333
sexual_orientation,lesbian,6,0.6228950669368108,0.20694190809500365,0.01834664784837514,0.020138501503174894,0.0012917820956014718,0.000771701754684165,0.008230818823600808,0.00942852401432311,0.04982228786684573,0.0702930030705975,0.11102423444390297,0.09016634163066728,0.01852053659968078,0.02135552518784723,0.14421150270694247,0.31938420524635164,0.12006789962955129,0.28357853260472865,0.1010522098125269,0.1849744340471749,0.05149271486637493,0.061097935758080896,0.09345968098690112,0.14312662775383983,0.003933510393835604,0.0020647797963836674,0.003383525753937041,0.0029910905075400266,0.006286982708843425,0.005850304362184804,0.010094579464445511,0.019116351330834815,0.003362169304940229,0.003779374288853091,0.0025156761888259402,0.003920511819401533,0.009275880904169753,0.012254656125250252,0.2348185995457849,0.3758232652999918,0.029089942419280607,0.062445622284392904,0.023616998611638945,0.02638828901607736,0.0014193879736315769,0.0008144326395634372,0.07575014567313094,0.08532260903239507,0.002501537906937301,0.0022417252686507375,0.008961676163986946,0.01470605720074392,0.05798356929638734,0.12642797284123516,0.003033994803748404,0.0019985919201987628,0.15826461759085456,0.17764550256786074
sexual_orientation,pansexual,34,0.635559461572591,0.16644180942227285,0.12285693719989949,0.21348735475305833,0.0013629210306509562,0.0010815139276113214,0.006158507148296956,0.016435058461906654,0.014527876457363805,0.017599449979763697,0.21646139373564544,0.2144516349032689,0.08009094154284171,0.1497426631831694,0.04680728916119894,0.10277393416738946,0.06688838558928932,0.16363927532458056,0.1391136467915631,0.2412865505261396,0.011192854401408969,0.01847130295606728,0.03163643453188021,0.06335725413574805,0.0029099334257326145,0.004594865500779456,0.0011606956558192476,0.0008353618474853485,0.022765983048456666,0.08522669707041264,0.0022083269885864436,0.0025716605170848727,0.05070391261217404,0.17868042507744897,0.0012808751583660899,0.0011557941650952453,0.03548818493350957,0.07760510711921804,0.225996451188728,0.32530198467001736,0.00234501543095308,0.0037856875418948313,0.03619775064426529,0.03989131457064875,0.003694013872411554,0.004154447314060141,0.042507640140898084,0.06139277635050097,0.004124874652274337,0.003993426823554007,0.006664830372970113,0.023806619268451547,0.007812887022737414,0.012467708527742176,0.0028397964231450766,0.004831609580321761,0.19543180631144957,0.2150817119865088
sexual_orientation,polyamorous,34,0.6480251033516491,0.15353114829544778,0.06149346728617435,0.11123708283804172,0.0016127153349396609,0.0017705359868404379,0.008361748306710711,0.03042229674245242,0.019488182227017686,0.05297262322599102,0.2288996105301468,0.23051294322259666,0.06473827816080302,0.14260630418340972,0.037735676810638434,0.07366815172483195,0.10827390053686138,0.19859324876815063,0.08203369116595507,0.17697572555015537,0.007963720897404367,0.010824664908482884,0.01817908471532385,0.046161704634317395,0.0023806881406070557,0.002956397805587742,0.0012732979992185446,0.0016204940446789583,0.010242155938826995,0.020175811304026986,0.0026072123916545775,0.002331232921495821,0.004006213640369584,0.004229214829017408,0.0030899715844391134,0.010623368086629361,0.05475688399918213,0.16472563680644264,0.23250637940809077,0.33307406132862566,0.0032718731051906667,0.0046230291792465185,0.021487722762257737,0.01806295304942712,0.0034144071303350808,0.00759590759154608,0.057509350494536406,0.10607938470244829,0.006020747491514639,0.009094944170084617,0.003344824560746715,0.0060183891336686975,0.031748545361230805,0.11656054292691143,0.002779473363154787,0.0027529104683688996,0.23686669977820096,0.22494085830856428
sexual_orientation,queer,22,0.5854470905932513,0.19520786623212,0.11046739991500297,0.15755622564421778,0.0013781459009888667,0.0011592763304646035,0.0040588254712268035,0.004195198029172867,0.014003888418135995,0.020134265418726035,0.22097843047231436,0.18658832011453874,0.11580158801834015,0.21230502805928822,0.030772501115941188,0.04533562462613768,0.10052646599201993,0.18206416652699126,0.07654094991316511,0.18462156999042603,0.01720039028970694,0.03365072269550985,0.02106317316859283,0.046868569104476135,0.002034767287444662,0.0012265798790587886,0.0016966957588341427,0.0014692638059124934,0.012976368455300953,0.024482670600223702,0.009663286637408997,0.02645918090765125,0.0034023483987601303,0.002842976280778968,0.002339550931620496,0.0026494282807385514,0.040859491905642,0.12158961653674256,0.19202448281099682,0.34599518038887317,0.02825715348113921,0.09056390618300071,0.03605801908468658,0.03787932310770987,0.006448183397878893,0.011776622964276756,0.0771192475010387,0.14674935844296755,0.011339206564695236,0.022317332993727748,0.003341871266126294,0.0037299693690269657,0.028246394924777138,0.06770887220021325,0.03224481673202139,0.13103646015814238,0.1502580252391371,0.13819158525227543
sexual_orientation,straight,51,0.5957744533524794,0.1871913203456654,0.09657862701672404,0.1629161941520575,0.0019157131062135758,0.003955810250025387,0.013545114674842824,0.039193282476559406,0.03612770590766826,0.08070122494103292,0.22634230949459413,0.23349201221073584,0.07332022513226405,0.1433052263138696,0.09861468678732932,0.19669988181876089,0.12206654591307811,0.20815054478049508,0.06577597078456379,0.15473099404372045,0.043592650623645125,0.10045564977715127,0.023455670628441023,0.02649572491704633,0.004082290511623975,0.006860155732537587,0.0024459194112340828,0.0029028848418049705,0.015551859233870773,0.03528156808733598,0.014044437688711447,0.07224569258166814,0.0052092170583052265,0.0078065671068347445,0.0025536182950542984,0.003793133358466247,0.05784151827638019,0.17422820030305688,0.17388070722375357,0.2928927320551285,0.007910887391749295,0.018044199308195612,0.03221941942020374,0.03406091273158225,0.011882763439429896,0.056208785698223254,0.041429457090356774,0.050847907674310924,0.007887635245923792,0.016834973781910404,0.004775977424145037,0.006876459221783166,0.03743772433532,0.09460411365397062,0.007222244316853546,0.022403332479103977,0.14437399362670442,0.13293487117466868
socioeconomic_class,(none),96,0.5875531689574321,0.1783180305199216,0.13876604959295946,0.22089955643832887,0.0018517399576012394,0.004370595729758937,0.010068838097443708,0.06933387935196245,0.024682361363375094,0.06922630674099933,0.16938723255104074,0.15932603150715888,0.05300322824405157,0.1298506029327889,0.04009058900313297,0.08375053665454486,0.12571101275504284,0.2123435710793243,0.10996077676524389,0.2036966250399694,0.05593603117085877,0.1306255856656061,0.01686033929824286,0.028451028164943288,0.0025891088441009438,0.008238989808900766,0.002077388284912255,0.0037607247822336333,0.02889012736583633,0.10802301552128032,0.00322801910048535,0.004616026271134548,0.006739642046416823,0.00880226824749667,0.0021110606450444416,0.0036342675941639663,0.040089426775618144,0.1339398872708671,0.07837440485491243,0.21245585965529798,0.006340542594443832,0.013836543295409471,0.05774913100807074,0.08603952105609274,0.010346784559146727,0.0416548207313097,0.03743737286034351,0.0677647843471042,0.007844247618171115,0.018144041136086912,0.004358622516519972,0.009499519332247013,0.03665615481683441,0.10579321511353204,0.0037794818096396434,0.006714725395445264,0.21404862757966234,0.21988075871334903
socioeconomic_class,below_poverty_line,51,0.5568648462786394,0.1923382928741203,0.07160689035320983,0.18394469204252747,0.0017142439005421656,0.002245338006655019,0.004488291780409568,0.004554085431976115,0.029212319310389312,0.034152070428401675,0.07684591453632011,0.07833832591120914,0.08307541961389064,0.1507558097595266,0.042005205916140376,0.09178280808540076,0.10692799443723726,0.1974509101627115,0.14005591725136207,0.23771813912822462,0.07583980602623128,0.12023192831615942,0.0467904794632512,0.11634211524434765,0.0030257405494065847,0.00291474751272598,0.002125244322301382,0.001680537646063257,0.017034203198729267,0.060819822155745905,0.017723084936448027,0.07684396916630248,0.006963547059521992,0.02526655555237289,0.0029483618769411218,0.0029518505770625265,0.022437935512439878,0.08934149801383787,0.07783757989390698,0.22373208471831538,0.024676469504472564,0.06987440816999209,0.04500802086812316,0.11470059899778548,0.002621751552842576,0.00450026311605087,0.027642021982875818,0.0273455540658811,0.006709280629829485,0.016560874852540364,0.006737537719149545,0.008893926727499099,0.07460274926715475,0.11505671764533748,0.008464981242557805,0.03304883810552747,0.1951483993553648,0.18946146763648497
socioeconomic_class,educational_attainment,34,0.5331326065694585,0.1741785944689564,0.0942050944243366,0.1797720675512816,0.011789045013275053,0.039886281296559384,0.014129079546204166,0.058407270489386584,0.0358517488998854,0.06862333756514019,0.1570843359154156,0.16931505700935248,0.058712937228847295,0.1457791322821644,0.08219324317521087,0.21452917770552202,0.10001201381793876,0.19365158999868598,0.09178062790477484,0.15488867328335174,0.054798057491151506,0.10331241607367496,0.04078647394335883,0.08050820585974212,0.003940867530592882,0.007808887611133744,0.004399347061681671,0.012108311011949242,0.015283390826559351,0.03154822656190473,0.026486235924119896,0.1269233294332048,0.004182769560001735,0.005428927688797729,0.0022725951348547824,0.0027632881517586716,0.037627874128862884,0.09405384896582013,0.028797173707383026,0.06533848119568972,0.018224609945986337,0.05368148625977991,0.036497895681189704,0.0538444166850027,0.010526328117146691,0.038775779448695355,0.057598447906510794,0.13976899994742129,0.006761251347223365,0.009535787834293402,0.004512367847115349,0.006256658401927824,0.051355813064968545,0.11538080952092583,0.003182502920561306,0.004237068450201083,0.20387450424844727,0.19942196716575616
socioeconomic_class,middle_class,17,0.493627865524853,0.14786009453073418,0.06667789922999766,0.15261747288395108,0.0010858817515648244,0.0008307938223358767,0.02376711232628783,0.0776005913004457,0.062251326491070146,0.13767179070093755,0.15758697891279178,0.20327073414926944,0.04578769612399971,0.0764214107372044,0.03358825957334107,0.08517089870423016,0.08848275996313211,0.15568965295535578,0.17115058621857315,0.23688273406699192,0.06552260187591481,0.11236067220891299,0.028041185948121196,0.040421193942131034,0.003399040548281525,0.004240677703205819,0.003657688571633223,0.008191013311191936,0.004390943504404277,0.004620051284643411,0.002796667316408061,0.0028307532155940813,0.005162773665848791,0.007424026334326184,0.0020879581810303908,0.0025324373485982976,0.006640215647434268,0.010917079411419709,0.007694453261244823,0.01562297315766739,0.005179138508324018,0.008286121928945706,0.04327675939866287,0.049477514412138546,0.022144670187331298,0.07894458535083859,0.033081611974493545,0.0329603132070455,0.007588437758386135,0.01837738684117156,0.003984538792043596,0.004630242680307999,0.050671995042220634,0.09615845604045471,0.0018019818269428523,0.0016314052829366863,0.26925331310314293,0.17059529073047097
socioeconomic_class,upper_class,170,0.5562876611071474,0.16390059581025757,0.08042399779729106,0.17141359411833484,0.0036596804213545778,0.01800246031079563,0.011739463388392537,0.05726111584560683,0.033400907792041405,0.07473664039143041,0.1525470990441082,0.16981789556622534,0.06155312515740447,0.11679900893141629,0.05787341829991954,0.11816249337702836,0.1452134357784149,0.2283075068849751,0.09352960495298783,0.18240795408428687,0.052667281303815,0.1137976876330356,0.027654416444848347,0.05089966786226196,0.00291891199115472,0.005009808306079454,0.0024092370120342823,0.005334606744172857,0.015230215150650645,0.05121857433023511,0.004020559764980777,0.014295919103773957,0.00996717983028194,0.04733204561632042,0.0021438388512572547,0.003362829398610696,0.06074767189429087,0.16096031679595904,0.06906188313390457,0.19397104232953088,0.006088203618556316,0.013068304719026798,0.03876155453378006,0.06300602130775647,0.008032270767409286,0.03669711442566878,0.03355055088451242,0.07842507313133049,0.008592225755958626,0.014287796587601997,0.0045750679235960195,0.011991998443609556,0.047547965032144396,0.12998919356857147,0.003884463670307442,0.011041055422009295,0.22532855514984798,0.19610241399117043
socioeconomic_class,working_class,34,0.5419879463665626,0.1716160874852726,0.0966263776542345,0.19634799196547967,0.001930411286165883,0.002586994070178727,0.025879773225717467,0.11708086951551967,0.04423342393163372,0.07746487566720764,0.16843901762245772,0.19924169111715048,0.04414440941764042,0.1094130713071942,0.04472507058594869,0.09090532107078772,0.17329439421454856,0.26590744532123395,0.028541614986298716,0.08403813749566062,0.025809847506667104,0.04447238681310791,0.0679932382875396,0.14887416069444392,0.004521042987642645,0.008310314255454955,0.0031146885483073726,0.005529986962362154,0.03571062076747801,0.11793011564175451,0.0035790669721523847,0.005951098750883608,0.009205439539715265,0.022143471498564746,0.0021781776937560234,0.0035410817845694838,0.03133686758519616,0.07556405370878835,0.036244380138882926,0.15400023081058212,0.003426909462124219,0.004697382589758002,0.027090891065788183,0.04293462804763055,0.01691711763102349,0.07471301230131247,0.040203594438293404,0.05885874585260229,0.011610006244582645,0.023171512439205406,0.0027222501615623887,0.003640948870212577,0.035836628152002746,0.09268852130313524,0.016008950761341324,0.05499707436832861,0.22670918903039658,0.151917923804754
