axis,bucket,count,mean_max_emotion_probability,std_max_emotion_probability,mean_prob_admiration,std_prob_admiration,mean_prob_amusement,std_prob_amusement,mean_prob_anger,std_prob_anger,mean_prob_annoyance,std_prob_annoyance,mean_prob_approval,std_prob_approval,mean_prob_caring,std_prob_caring,mean_prob_confusion,std_prob_confusion,mean_prob_curiosity,std_prob_curiosity,mean_prob_desire,std_prob_desire,mean_prob_disappointment,std_prob_disappointment,mean_prob_disapproval,std_prob_disapproval,mean_prob_disgust,std_prob_disgust,mean_prob_embarrassment,std_prob_embarrassment,mean_prob_excitement,std_prob_excitement,mean_prob_fear,std_prob_fear,mean_prob_gratitude,std_prob_gratitude,mean_prob_grief,std_prob_grief,mean_prob_joy,std_prob_joy,mean_prob_love,std_prob_love,mean_prob_nervousness,std_prob_nervousness,mean_prob_optimism,std_prob_optimism,mean_prob_pride,std_prob_pride,mean_prob_realization,std_prob_realization,mean_prob_relief,std_prob_relief,mean_prob_remorse,std_prob_remorse,mean_prob_sadness,std_prob_sadness,mean_prob_surprise,std_prob_surprise,mean_prob_neutral,std_prob_neutral
None,(none),16,0.7092890311032534,0.1910465522237224,0.214089384629915,0.291140678871803,0.0030435324897553073,0.005514900218396211,0.002269969969347585,0.001204853596343805,0.00584189931396395,0.002686924765280055,0.21500775625463575,0.22502722618942966,0.029274799322593026,0.06222519679492194,0.06656142817882937,0.21928849603608191,0.09930321983119939,0.21152642220716478,0.02026341823511757,0.04085975085735984,0.008687803128850646,0.02296715967167852,0.009379818540764973,0.00828278781506281,0.0013957786177343223,0.0007335473067339786,0.0008266595896202489,0.000746666019589498,0.06803647613196517,0.19281061577820946,0.0020313620698289014,0.0019769925413767116,0.005519746959180338,0.004791968177168068,0.001075338202099374,0.0014657516390118445,0.04922593562514521,0.06814167822988319,0.246383654375677,0.37895849978671986,0.0017394547394360416,0.001928347446023191,0.027221502736210823,0.03128577223977151,0.004311243906158779,0.004775076074009482,0.022966735617956147,0.024568516482128537,0.0049298918438580586,0.0074992423234764025,0.001391979889376671,0.0014158894181986593,0.007362727010331582,0.01844013337528706,0.0040600432657811325,0.005396135070676937,0.16588290897198021,0.19954885020766852
ability,(none),544,0.6119460530907792,0.1879508501041622,0.10051355433054543,0.21218914982782394,0.003253331287744325,0.019152174783579872,0.011023624944541285,0.04648742077001203,0.03576793042157078,0.09717052715074084,0.12333841433728059,0.15095521410048499,0.08783967621574822,0.1668748667948021,0.058287695573894516,0.12472544272619988,0.14447162911352174,0.23452589257581935,0.09227177862917682,0.1929252954248059,0.04014592300882214,0.07809562189174223,0.03749558142012307,0.09972226581252011,0.0034576536902878774,0.005956114685811737,0.003551226318209314,0.015715592298084828,0.016685873003071346,0.06450841327321194,0.010265966751938001,0.05219609684873536,0.03352820957538557,0.14702604874786016,0.0029908679234722513,0.004788695734497358,0.03549819459915264,0.12543169521222072,0.08528641866258327,0.22092122885040252,0.01311705906100007,0.039356687510917934,0.04736834633063956,0.1053323095998551,0.007919524889797792,0.04026818433574871,0.03628283380770453,0.06591744677274271,0.006781098894327229,0.0135260868508625,0.015867547169604864,0.07108869184152035,0.061892787617954824,0.14114473337486147,0.007586333760948893,0.033701239647958216,0.193986797999755,0.20819674513273176
ability,auditory,68,0.6162415361579727,0.17023242765850347,0.13848836006517934,0.24648786608329906,0.0051239418712879445,0.02492993359892696,0.0038384071483639724,0.006759433583514917,0.027419747904573074,0.07048021046992983,0.1569174726575832,0.15652030051096474,0.05507495408357285,0.10093198575200071,0.03785397576832432,0.09298598051638939,0.10330349304935868,0.21114122252427683,0.09913584953242474,0.20855656602469078,0.04485348323428565,0.10032600018448755,0.02329280837918358,0.06293076658417994,0.0023809211090659067,0.0023981319911031366,0.0019111969248864196,0.0019802229581753522,0.01280664032246397,0.03890172698123675,0.008257920038886368,0.044172027811609706,0.042529705307756294,0.1739421085519611,0.002640689657924026,0.004669431740262803,0.040467470768763794,0.13722442964390685,0.0798739098416477,0.223585962303203,0.00877725821448942,0.029331159861714237,0.0506846388521166,0.10747657764038084,0.012279584707090074,0.04588525889175934,0.03760001403005684,0.03964288494244437,0.008482187310993835,0.01328034132182307,0.006672932664942517,0.023237755158742827,0.0587446530630319,0.16097556724539397,0.005692042412513676,0.025036618830559743,0.2366561917725074,0.23446996276344995
ability,intellectual_and_developmental,17,0.5225598777041716,0.20081650220060368,0.08507446374963312,0.22418324449210142,0.001988079015384702,0.001769136061899166,0.003648763580713421,0.0025641960993853926,0.017671320080647573,0.020288222916312507,0.12653641950558214,0.13140382758294253,0.1217315717435935,0.18225807204574046,0.051574980593560374,0.09513848536162421,0.0989926830653156,0.19776693492585345,0.1908998665988774,0.27821026365654417,0.042934570160201364,0.05714519393795587,0.020820758387665537,0.025470944722381806,0.002838956657797098,0.002825264987844333,0.0022101111723767486,0.0015434687602362005,0.010650757665965049,0.014248016348270796,0.013543868546976763,0.02669526296054141,0.008031304913696231,0.015195380127907157,0.003671741736231043,0.003757743488058813,0.051868780865333974,0.17019381520350035,0.08490258136161548,0.21988440985371974,0.03875111241016865,0.08736400814130126,0.0885879840592251,0.15677304819462573,0.007385046240147751,0.012527460613362606,0.037482504349421054,0.055953832743010544,0.010812837508103043,0.015390776753115938,0.029234363584477892,0.09715432901482147,0.07294458302203566,0.11879083162467106,0.002569924855111715,0.0017419637841094245,0.11669078085790663,0.10764098428708392
ability,mobility,85,0.6338760803727542,0.18280074816429628,0.08626517554375288,0.21112860758096666,0.0024032182779217906,0.00461082971698774,0.01660328873583828,0.08006375606465094,0.03324791031944401,0.08577852727898035,0.10467663690009538,0.12247823592096552,0.06798193298061105,0.14513664092378872,0.062336932816405725,0.13331278632931312,0.14292449140921235,0.250740431210768,0.1168074477395481,0.2302520214836076,0.042668429227984125,0.08408242627502266,0.025291818996672245,0.05641470963384043,0.00389047493603464,0.006424240835867994,0.002499516331590712,0.0025693027127871716,0.0053764559362795864,0.0052041079495208495,0.0062623332158717165,0.01570333377901099,0.007255123460987199,0.03016655484463264,0.0038579390332897138,0.005714779974902636,0.020797025837579412,0.056189965883463894,0.09834014696637443,0.259002364339881,0.012185894125415122,0.04651356844407379,0.04125710299019428,0.08235683663240716,0.007884190783336046,0.04371423889034972,0.0477463171351701,0.08198256269843124,0.008460671420770642,0.018214839812519076,0.02485117291661856,0.10776700904286886,0.09615430018645438,0.1894482727267038,0.0047283007787294025,0.013790014464055549,0.21058747708140052,0.2134925975261773
ability,neurological,119,0.5988353719981778,0.16769048483473045,0.10686104945758232,0.19001594443386632,0.0016360310346040748,0.002161269505127259,0.006917917634802675,0.021680839865177024,0.029597198459546732,0.08044336303373346,0.17454169906613207,0.1813873897043514,0.043884872062671776,0.10529701232926193,0.07419428059062333,0.14689509868546974,0.12991829678130595,0.24003307657530384,0.08493907538686778,0.18543860045554092,0.03346146323851177,0.07863626343583464,0.05473325144648239,0.14716355237265566,0.0030545621201544687,0.002637732180467889,0.0030244510766840736,0.00394541437180549,0.014233599197776878,0.06116406025851141,0.007599145924367261,0.028500774007139105,0.024213259924250115,0.12007565198784814,0.0023857568020877592,0.003268194798958811,0.02286427250296316,0.0838722269132087,0.0830602509169174,0.22674723476618175,0.011519173495745397,0.037684580681745614,0.05619286805461748,0.11999508854297412,0.014670344750972135,0.05919584590971246,0.06566246066187673,0.10689465732917847,0.008262033982837315,0.014791485426616945,0.010463491671360606,0.05292222283266803,0.043862583428746514,0.11878390456151106,0.010740353442149377,0.04771877195530775,0.2031260910326568,0.19739199605413452
ability,speech,51,0.5988691174516491,0.182000354893403,0.046161563941460176,0.13765553594014865,0.0015433756942751214,0.001217150710207718,0.019676120316052773,0.07240142258082868,0.05351339648797305,0.11916079149862192,0.0912347745661642,0.10493155924266714,0.06350273243836402,0.12549398374315093,0.09452919572975267,0.1839158813753493,0.1256865017326074,0.20097568688166212,0.13378239818392137,0.22408365109712666,0.051165224826785136,0.08592820924483437,0.03739438263480278,0.07680820920669099,0.004741233593199914,0.008159462794429119,0.0032194418029165735,0.005046976388137244,0.00520790384240065,0.005450570194417076,0.004114054744907965,0.003791818701070232,0.036116297399584094,0.165679802598003,0.0021638363570102726,0.0023979252528987974,0.010531726387995934,0.02102205307539059,0.10463835985979576,0.26076581418767614,0.00914805148061657,0.019564620739789155,0.024813324308899397,0.029431220041320386,0.0016370172054260312,0.003269522619052601,0.04957072507571794,0.10046547946916465,0.004223024310525872,0.006395062648271899,0.020021017417129056,0.10398858537269356,0.05232310853213729,0.11602693971507796,0.007205689382424359,0.028991159697730095,0.23094677910500883,0.2392275488538727
ability,unspecific,102,0.6162921716185177,0.18047753089392196,0.07997603323162242,0.17748257263113412,0.0016450590072268183,0.0013960882305620972,0.010366995991823976,0.04296215028528125,0.024455276288219963,0.06284693073749899,0.1578344948745022,0.18648863147534628,0.08187031421887998,0.16709412957185996,0.04536787611112802,0.11413486990578499,0.1235040618091315,0.22100790740318224,0.15353069155689275,0.24936775318673127,0.036594837367552896,0.06999621546791669,0.025325510835768106,0.07521893559579687,0.0037228496061574084,0.006630953682608033,0.0021815945737591177,0.002475735816216327,0.015932265334128056,0.0815379985770873,0.018644643374536113,0.10270935608809637,0.011212803480471028,0.059454050024687184,0.0030137409255486074,0.0036048212304261923,0.022579974650094908,0.059121509378267406,0.09834607341326773,0.2529353214814602,0.01143513759255738,0.04096428446778914,0.0371597634135362,0.03992280847723652,0.008019960755001531,0.03635547632700234,0.03299047846310571,0.045376557931347025,0.006853669528152072,0.013136457396264836,0.025328416753373127,0.10702023823347638,0.06466485902509543,0.13457852581395274,0.010045628170380095,0.045798005193343407,0.19495121361322554,0.20251973687144542
ability,visual,69,0.6074686581673829,0.18576903367959302,0.052953875382376864,0.15559221033890094,0.0021547343465077784,0.003944769127675557,0.009854981550471048,0.05635843140973499,0.022787840294557205,0.047795341545348646,0.1414917685982326,0.18051007488156864,0.05154074209512792,0.10857250073597434,0.06789017479741892,0.10116130309641123,0.16544689640885327,0.25952321856293076,0.06842569548272244,0.16217760156958125,0.03490887043754692,0.06919601601652774,0.033700007526878864,0.05738491012029516,0.0031380703912346044,0.006349873683413085,0.0030582048181542264,0.009900289979280536,0.00628144495303918,0.01107185427307391,0.004323196109802719,0.008862643066738311,0.025101869786116025,0.12849038905942034,0.0021797739284828413,0.0045222801181944985,0.027589435841419152,0.11374407813865219,0.08494026619482084,0.23207934403272723,0.004924117003110291,0.006473063560916985,0.03204735448462483,0.04258734277918181,0.001739546537346146,0.0024007454151372732,0.04288017870250927,0.06182870279054973,0.005327268413974957,0.010899202100406874,0.029975799055334748,0.12632016565045862,0.048041278678599905,0.12394127909135268,0.009939529565019546,0.0365837666732363,0.2719445559128687,0.24846612663954817
age,(none),16,0.6327578267082572,0.22950373728942094,0.029681012107175775,0.08478377344909092,0.0019046284942305647,0.0015720507484269105,0.0038632901159871835,0.002831743476483879,0.020483280066400766,0.018113241373563006,0.07115621835691854,0.1106450207231965,0.03272794758231612,0.0714763223867308,0.3193735248714802,0.3661001858317199,0.10330187739236862,0.1899125228758427,0.05869628908840241,0.11777836976978873,0.07495270131039433,0.11317794120069438,0.018609785329317674,0.01135225285213788,0.002559575583291007,0.0018173174864587228,0.004305874399506138,0.005074487072433574,0.008649986462842207,0.012497266419515457,0.008108440513751702,0.006054227725344076,0.0026113823369087186,0.0027036771936221997,0.0038919834987609647,0.005638087058227915,0.04250629837770248,0.1300908327367874,0.05382381354502286,0.18527789644747047,0.021224502968834713,0.02357893933987442,0.02856086500105448,0.025078599101266804,0.002148099914393242,0.002824295092568378,0.047838847094681114,0.050866805124441083,0.005052541842815117,0.0065506126767091106,0.011405630424633273,0.018487502970625822,0.10088840798198362,0.17452748085657693,0.004865908360443427,0.006223431795742138,0.19378222862724215,0.2674155936657902
age,adult,17,0.6546440632904277,0.22676255059471515,0.11281908606863855,0.171141044565956,0.0091246902165414,0.02299455011396086,0.010925624820896807,0.02843023740371665,0.04002115816590102,0.10775135836544154,0.1473140640403418,0.1629259071497427,0.10242290092933484,0.18634487954190967,0.10010774649323567,0.22940175711700636,0.06933326207731358,0.15403865370588896,0.024014923591440654,0.04645746255352699,0.010123172453056802,0.015082568545330497,0.061223095255520416,0.1874767210975534,0.0032008226981441327,0.005073637681484042,0.0017436907390433857,0.0021639827582677924,0.015618566473302268,0.038927203871074414,0.0022152320427053116,0.002092197303629445,0.082965697559035,0.24618911567042695,0.0014736495213583112,0.0016250127695383036,0.12454144717947416,0.2653808051338764,0.13908424682620749,0.2806102308424239,0.0025253007967394833,0.003858149824628594,0.025895433007356,0.03617427531833707,0.004342815787822474,0.005128484353232837,0.01854713899357354,0.009998636302464036,0.010639871657237081,0.021460722927834353,0.002793567700256758,0.0031104016156290257,0.008499854401794864,0.0116138760107661,0.002330128712963094,0.0025931069036100028,0.19311013321994858,0.2446127509835254
age,child,68,0.5836032333181185,0.18785627052356793,0.1036857148163322,0.21133086478552265,0.006566324610235717,0.030031801691529362,0.008853135672432151,0.028322345765169583,0.034197593070155775,0.08797830692531598,0.1050794520894723,0.10925817342242554,0.09816592459922985,0.18548128434407105,0.09331484570558292,0.17787358884594337,0.1627984386680456,0.22234246462656762,0.11142457415767507,0.20597998013785612,0.05109113349188941,0.11566983620172244,0.020518814497764278,0.036084529129687674,0.0032144632568815723,0.005820637901484119,0.0019172026094405308,0.0023878897979815565,0.01714858070430209,0.08522317209943102,0.005368012733336347,0.012601238094789372,0.0074423817208940715,0.025230079686537923,0.00244010823456954,0.002947773572096197,0.05024674296574256,0.12544393996205402,0.11050075617694187,0.26014468852031836,0.019754411098855437,0.07297744984686559,0.04372741318965221,0.08919159490578046,0.0029258993620661544,0.00492313239160623,0.023570235116708586,0.026489533393097228,0.005840958894516328,0.00832468536391736,0.005470672591935213,0.0070563983891815,0.05219641372797709,0.11221048634218989,0.002471243634371443,0.0023469788433811106,0.1809727039996206,0.1915699269887986
age,middle_aged,200,0.6142976459115743,0.1821071514517982,0.12099899425928015,0.22255703882161923,0.006289413334889105,0.05172625825614156,0.02136721986506018,0.09481357767967563,0.034218996098497885,0.07947331680659579,0.10368841977789998,0.1337823428968265,0.05694491950474912,0.12225559473268091,0.09213193248317111,0.16239626585063652,0.14175107361079425,0.22095928557557604,0.11576026193259167,0.21952813905886187,0.04860690241039265,0.11131022473811086,0.03776114244712517,0.08768280089103367,0.004894662914448417,0.01657271824618168,0.0024732210196089,0.003433693842236273,0.017321179371065226,0.0528294334472786,0.008994422735850095,0.04406700802490454,0.020444502296086284,0.10444250005688255,0.0026263135930639694,0.004076128240289031,0.05290787567239022,0.1437610220120444,0.13646662627237674,0.27895189876214993,0.014088250793065527,0.03820690822817402,0.04249105029331986,0.08464585706010133,0.005715271798781032,0.020247551690927314,0.03018354281084612,0.04698676995705704,0.005716401521785883,0.010969233803996383,0.018437179885586373,0.07781378510437394,0.052832979779923336,0.13198084049381667,0.0068774744658730924,0.026988049238004592,0.15930781370960176,0.20249017478033554
age,old,469,0.6345988266440089,0.18914660787713794,0.10846849116655603,0.2016474191436837,0.003804889897111434,0.012127238830246703,0.017573666192644805,0.07506761605302935,0.03353561908115885,0.08677151534379635,0.12187957104696616,0.15601101077312218,0.06741060249580404,0.13788640580197467,0.08480529947631331,0.1660384082168241,0.13902186757659288,0.2273311230266982,0.08267919179476571,0.17393571169117727,0.024523132428058238,0.05421801213367644,0.038498560620992106,0.09696658120344717,0.004311470035364283,0.014311016887193065,0.002366985170990288,0.0035791205238832496,0.019537929330082703,0.06237563780001464,0.015308283398604032,0.08687211202403305,0.03441048063344505,0.13565272803049028,0.0031532266196225888,0.006661914161815023,0.06923556327968756,0.1788443485692245,0.15524668732398886,0.29965210229590145,0.012388483778303509,0.04141119037520238,0.04253148652741245,0.08626347657964437,0.010617598346856818,0.04909222586950084,0.029587051993025453,0.050163861231979766,0.00792577101302066,0.014239765889642675,0.011730109001318715,0.06058096231065638,0.0483200808482886,0.14111995414214984,0.007160972953197667,0.025588974772941767,0.1672253078366044,0.20537334029104537
age,young,233,0.6461620745229107,0.20086162484752215,0.09782330392856878,0.2064209195220901,0.003098156123048358,0.005817594836278699,0.017463434369667023,0.08367394849038448,0.026963477468621704,0.06082575402086925,0.11029036890299664,0.14321848829150519,0.04708470105140594,0.11814991626928582,0.1067620013236436,0.20430881948067542,0.12870296813678017,0.22968858656898508,0.099942844114746,0.1865069355591869,0.04497239819543972,0.10947205847529831,0.03441775667824874,0.07980293224230074,0.0034060321711783213,0.005436176196817881,0.002194619346162716,0.002621244109607551,0.020124303570587802,0.06410691837162699,0.007245548516277088,0.034881791362795456,0.010614911205976674,0.06181323762762679,0.0022036298177511805,0.0029536167957087437,0.07206377524172072,0.1865946863006967,0.18557558769533558,0.32833803946849294,0.011275659933463418,0.042929626028810015,0.03482141675399576,0.07243422042755057,0.0068145197116826805,0.03590781010073926,0.030450003321558367,0.045704290433364395,0.0069153083915784236,0.01182110726908599,0.00640829610878146,0.020267972817608063,0.04110493095313866,0.1030623090909845,0.005378928136049526,0.017604910084757765,0.16640304890161484,0.20441037991676686
body_type,(none),80,0.6179552063345909,0.17732497623056526,0.1236935371052823,0.20948258823520235,0.0018584218432806665,0.0016018738942981153,0.01726587278826628,0.08209167073313613,0.03756267275894061,0.0998117942418584,0.1536151462001726,0.18256679693022787,0.06251998824809561,0.10362887157404778,0.07089955702176667,0.15692344660272461,0.13396533137347433,0.22320371705661457,0.09581363476099795,0.18541255275960394,0.03474388395552523,0.07738001723500991,0.03866645613743458,0.09511763142592727,0.004290719520577113,0.008005321770881545,0.0025289971719757885,0.0033553915963137606,0.01706937593917246,0.05288778105188745,0.00401539946324192,0.008437942700796815,0.011452641210416914,0.03508435320805744,0.0025610278538806598,0.0038696090084260203,0.050057648768415675,0.12933641576462304,0.14439768023657962,0.30394938945623884,0.007658376230756403,0.032822255680207635,0.04914855818497017,0.08751963931849295,0.020759151366974038,0.06140811513681114,0.030531840914045462,0.04516277177965654,0.009555198882480909,0.01981721562608803,0.012780009457128472,0.07973852050332846,0.04857740218285471,0.13240682481859747,0.0037517267457587876,0.0073798493449526836,0.17666020465549082,0.1979210996319683
body_type,attractive,187,0.6697809215694825,0.18620202872671038,0.14240889523780959,0.22867632107742966,0.002913950605972864,0.003983273478891412,0.016208480826621366,0.06714540923530198,0.02920655606135248,0.07308167067392718,0.10297352582574847,0.14280662045861955,0.06218061726297536,0.1358561242823659,0.08190681573649729,0.16748991121331352,0.14564988348352284,0.2521683256857214,0.15763131868378086,0.24804240557885718,0.029852348152874287,0.0807121715036313,0.03779228786529505,0.09365012125810786,0.004319663450898812,0.007934682050508837,0.0018140556432218367,0.0028983597604048095,0.01651973745590798,0.034058701960017826,0.006329867228078731,0.03471488579160227,0.010035750642449989,0.02877371631444312,0.002025062047498535,0.003484777408582676,0.061305150413327916,0.15783511573041897,0.23794527986973404,0.3501644775816277,0.006286516222221289,0.01832954784644676,0.054373135204416986,0.10209063160331662,0.007973180601328492,0.03325803082020229,0.017727647732475146,0.02445477381771978,0.005592401273362463,0.011164294781267145,0.0076007003616417115,0.039885596972167585,0.027680303220373185,0.08030460861539791,0.007704289370455485,0.03495553905793185,0.1214879355019825,0.164751699704893
body_type,eye_color,119,0.6785777416549811,0.17698818831470103,0.12160644710979604,0.2340157720020079,0.0031931857314809937,0.00538571504658608,0.02311641164172926,0.09367398844162766,0.03307541673063856,0.09077775596971464,0.11087873173846292,0.13747160600986874,0.0328323374034743,0.08992080896664922,0.12377081765155426,0.22171726099924985,0.12184208474061334,0.21611834121182064,0.06043088976919901,0.1469714882968587,0.03190312920404332,0.07238067476901532,0.03257062041862015,0.0705173790095375,0.005291202762252221,0.01452109614749351,0.002611641923480221,0.0037013342706872436,0.014125597216149777,0.05962669836771595,0.0044950637763401325,0.014448952586124364,0.024975688471615378,0.12356430026672507,0.002041475538104702,0.0028765767601319062,0.07606708481046959,0.21087293583744826,0.17231577346463367,0.31794894926359585,0.009491707592079526,0.04409476912666927,0.02732134494977463,0.0671433267866384,0.010023647527587786,0.052641205329802085,0.03606019746277388,0.054424771190451984,0.006804091093192042,0.014304246131979935,0.02989994197278753,0.1264734731067026,0.03693570062408552,0.10311348642540547,0.011539002997603095,0.052037645506146014,0.1976967930300709,0.24561016927085955
body_type,fit,153,0.6354678928657295,0.170471175492466,0.09919584718505468,0.19767026080954203,0.0018964887743517513,0.0014153885496588012,0.010332686726530418,0.05727314714472133,0.0310859348491029,0.09737312694130869,0.11059305945934814,0.13946254359821256,0.06653367982891212,0.15726381833616532,0.06489865446928889,0.14668584629555817,0.15911030970811327,0.24398665878458278,0.16678236091351198,0.25371225596950076,0.03659430272676343,0.09982547407245988,0.02660702579895193,0.06404895056991286,0.0031505684954954275,0.0050637302720663874,0.0016147967249541574,0.0019874146024213726,0.02173951020775503,0.07056955437831904,0.014469049058913929,0.09753200321098629,0.009569829206775229,0.05764195536233214,0.0015759568812106462,0.0017547965839218118,0.035233970820520294,0.11034019013080233,0.11814988268447242,0.2592210987717411,0.008794827831378724,0.029358028053548098,0.04886221744765351,0.08616291147835914,0.0029513883202609125,0.00489851686884091,0.024146830203510772,0.04108262391107597,0.004711348847718149,0.00823643055344718,0.0033563690674164046,0.0044736186251870085,0.02569604163237671,0.06354877063952909,0.004859194715524068,0.019526271287829976,0.2087166612432186,0.22173704313482634
body_type,hair,595,0.6730900531806866,0.17937336654270897,0.12841455935385127,0.2296897898385278,0.0040045722812793744,0.015619057252338255,0.01589018427673923,0.0773807276692089,0.028285690649420398,0.06854336537874042,0.1205473516011188,0.14191131008847252,0.043407211864480606,0.11389611983242902,0.10864018328945708,0.20312610154752694,0.12927490971677255,0.22983043579781337,0.08143526421617248,0.18024267603400124,0.0249166455576705,0.06469229778019428,0.050410271839027396,0.1257894610990511,0.004810762976662122,0.015845644503455186,0.002795921629412147,0.005881717693386733,0.01777398139155204,0.06213936272308254,0.008828553948903597,0.05946296117587391,0.016933410253083262,0.09291739960840867,0.0018871190333582398,0.003945381971176442,0.05278480596362981,0.15211444485535447,0.18902129589451844,0.32789128249570604,0.0063340277575394685,0.021691130702650756,0.04021282664093213,0.09637356064615005,0.01266035350036422,0.053125985125766134,0.031857321558895854,0.05565791277278531,0.006544319407313968,0.015226022539155957,0.012706461084146687,0.07944500737637625,0.02665137618598176,0.09274587505472924,0.010776432946631529,0.06077552063020667,0.1875772765782826,0.23061310859712245
body_type,large_stature,306,0.6370120039270595,0.18135088793523468,0.11476362246511736,0.20525266899405323,0.0035483592610807747,0.01572101268112497,0.013935967648684905,0.06352175364177458,0.03511105056051652,0.08214892321673152,0.1227348364670487,0.16666011663189212,0.04415371604024104,0.11127652742365725,0.08978755594352168,0.17635842201348825,0.1240676572782998,0.21385216320875378,0.14238828213202914,0.23341029547019876,0.039871570043984096,0.09294070761938282,0.03889420826834158,0.10212997650505364,0.0042503240485553895,0.007235714409868605,0.002504463441380044,0.003390546198365251,0.023520587879294695,0.09410735870199352,0.004161752522443695,0.00645360057873058,0.012326396166625071,0.0740181169559998,0.0016984857280310274,0.0019566048800311376,0.029607095511392782,0.0920508245532645,0.163453014618759,0.31617553951381394,0.007902172993008029,0.024965048595544416,0.036638766236518044,0.05421382483996272,0.006345357788364601,0.032987499208247166,0.035801019723484526,0.07927717504549125,0.004806727964546702,0.008276594469007784,0.007871693155988502,0.0468044984999872,0.026058395072479968,0.06422498645728805,0.008208636173543222,0.04104363763796181,0.18619092928056966,0.21457115359626075
body_type,medium_stature,51,0.682293693224589,0.17195088866995017,0.10984789838046566,0.2254149797137923,0.002222021597131685,0.003674073937909029,0.04344701728390932,0.1578385927257217,0.05092818387236227,0.11971808519862583,0.11791717409904973,0.13225385074034027,0.03267524230713938,0.09836215235284812,0.0745013405936405,0.14054438923757903,0.13400954554740832,0.24128050136368465,0.043302159166356144,0.1377466636164641,0.029662558975556464,0.09164017631687404,0.06518980789034828,0.13159062476703706,0.005472271121107042,0.01277965926880604,0.0017766644456309686,0.002380688940868126,0.005649498276932932,0.008255699348393729,0.0028030365818481453,0.0060060295481723,0.004170598084444874,0.010236743100196124,0.0008550659954826365,0.0006755532434667936,0.02776859477322147,0.12461460066111239,0.14900372896512387,0.3135327495489189,0.0027944226754947985,0.006625920884401988,0.028629895066842437,0.1038305761318518,0.002528244257715129,0.0033927227676567168,0.0346668054596247,0.05922386522929078,0.003981784100509614,0.009399648174376227,0.0017588760763151095,0.001905634604042528,0.0061050115493308825,0.007911443071857023,0.005840435757087178,0.023889459928190856,0.28729201842318564,0.29257614665454384
body_type,miscellaneous,185,0.5979978240019567,0.20837159099562938,0.08133531317171465,0.1770096095774814,0.006770033890938361,0.05934637517141673,0.018430577265885283,0.08042361614792799,0.04013436037820537,0.08515475242680637,0.10347464185057056,0.12501324141779957,0.08499160747490571,0.16916353732728853,0.10002516575560376,0.1763674216962627,0.14250510098928637,0.21418253617093622,0.08824576922170063,0.17380624882433213,0.05028561604951785,0.09115298922277529,0.029043698644366216,0.04688399009949368,0.01041256916847684,0.04306631132151248,0.010428077147682072,0.06474534506011224,0.012389486417098826,0.034415134055525896,0.007880285109009443,0.022406705698055463,0.019013037794738428,0.10239558015022025,0.0026042766283058587,0.004429982888578433,0.03817717653315363,0.12281725348891637,0.15846199876993794,0.30838935762795266,0.016221825617076073,0.05120963492816382,0.037108405131997695,0.07227898876674335,0.00874143852596643,0.047599447552580575,0.028829466079588275,0.04447134124671811,0.006662781460909173,0.014040521543204204,0.03146950297609815,0.12590708733866798,0.05344945412361994,0.10573910506093241,0.004604904982418678,0.01085742471196173,0.15517759992162117,0.19191095780127643
body_type,overweight,340,0.6073695833630421,0.18422069862769558,0.10934658168732901,0.21788988526521233,0.0034262170916703966,0.014491982082526457,0.02118358395408209,0.08276124991536282,0.0428179931224269,0.09974770313019156,0.10385071694275692,0.1281943544316437,0.07163778294377741,0.1556717094230095,0.06706282947989702,0.13732381687855574,0.10820214372112841,0.19877763666742043,0.1396643792563255,0.23774795107701047,0.05982343454687747,0.11591380851484885,0.048544353790759276,0.11735283157061749,0.005631520682243932,0.010881392715401303,0.00487300667565946,0.028962658585888902,0.00937309429530561,0.03666547548523576,0.010002756171760505,0.0620779953386878,0.007103169429490877,0.02567337938849905,0.002458024641408188,0.002459093397358353,0.03686083842253805,0.11656045210069761,0.13933804576064338,0.2745264559714204,0.01409359966243809,0.04443678504606964,0.03398850877865163,0.06535849437487269,0.011018098835644623,0.04721166262048686,0.035260968156131535,0.06697595893935658,0.008301748558134182,0.0201744542274013,0.020328115808746695,0.09551284850734798,0.05383657377370743,0.10781046605818317,0.004411031836849254,0.019463010298617543,0.1640492372214794,0.19309098162157143
body_type,skin_color,68,0.6666227868374657,0.19563309800702292,0.1614020185216385,0.27446521583426187,0.004060387338754749,0.015783346109551396,0.011750139206175363,0.057780557531651004,0.021906051456051713,0.03939560071342828,0.14138417483499163,0.1574334561959558,0.08242755630378858,0.19202453407129447,0.0904957277337363,0.18578900171072585,0.11331286543923745,0.19115386198620485,0.060745580003747496,0.14053414605053674,0.025810749686035493,0.07221018828985834,0.05042542754124631,0.1133038654705056,0.003594087194548646,0.0047089276769141,0.003954941529467332,0.007259209437974098,0.01525803110545145,0.044112987655328895,0.017716914854912936,0.1013393134960592,0.02927384917240809,0.13025440813362493,0.002419399008538355,0.003010362024690679,0.04986381772922708,0.14872480996489,0.1411660412174088,0.31215364987489114,0.013442992972747614,0.03814596364040379,0.04491327516392202,0.11748387751817435,0.027979924494502484,0.09958380095822539,0.03778791956959621,0.05243980182263568,0.010300365067557911,0.019701300677511076,0.012701240694321528,0.06920526518649808,0.02637139191125136,0.07477066185891111,0.026613982294614234,0.10628681774963016,0.16400691256036654,0.21193177853343567
body_type,small_stature,204,0.633879283333526,0.1758156548568322,0.11265993016251527,0.2228093221483395,0.004445125938218553,0.019450377847688546,0.011286184693602206,0.06251833542824402,0.021804355192180797,0.04306788748590672,0.10763827050515615,0.1284057030520146,0.051513244593675775,0.12715569485978098,0.0935452668981823,0.1846431783652048,0.1658800701399884,0.24688162451622145,0.13301743215033282,0.213282797899626,0.03519875027396826,0.08666331220918817,0.029968317462857264,0.05483122765889939,0.00354026029754987,0.006875788498447101,0.0025598585753137813,0.005117581174469032,0.01743862177482144,0.06379815262728562,0.004177432284004502,0.005970932136143919,0.01218283204434556,0.06547382150113037,0.0018301019459328266,0.002284077061734008,0.03406908603552866,0.10244827124810373,0.13538687340455818,0.278692369085394,0.005489390889195812,0.013979809523493156,0.04265285764168035,0.07943515036290932,0.015730942842274803,0.06686532717633537,0.028592013147906128,0.04178545213806972,0.0059626656463175704,0.01340655491384702,0.013643545327296107,0.0760626626878385,0.027511720096477874,0.07891386833575473,0.009880551661612402,0.059041222744661385,0.21117678454702757,0.23936108507957685
body_type,thin,153,0.610459923452022,0.19516074857445673,0.08344168396547948,0.1867309168780878,0.004612222383311627,0.024499154806140365,0.021769875692876264,0.09726677725568507,0.02649635709730872,0.06204088721699719,0.11628349634264809,0.14496089670035056,0.0821021434750554,0.17226910983191926,0.08421533676952403,0.1664601018095634,0.13319698191613866,0.21724110274419725,0.14805536308048864,0.23159586921311215,0.02729650650757785,0.051155449136825,0.04429972128869564,0.12090099366369406,0.005804301758283092,0.014435589238626012,0.002215435236043394,0.0032281937781803165,0.006869802543067136,0.007922550951011529,0.011162742602203674,0.07400595869712914,0.007470412114106295,0.036921985794836965,0.0021360963410842447,0.0031233018732367904,0.025572979466851154,0.0906524103623351,0.11583223814537347,0.2623729487785501,0.011771625751006307,0.026807127244285946,0.036741196548450566,0.08362993518943748,0.002309253836821786,0.003175167213711401,0.03287600389730453,0.04756415219793385,0.0059804714623811275,0.01114966027226944,0.01072859716962329,0.05543970701861887,0.03577660633444336,0.09010879397525193,0.0055416347251617615,0.02678474351738885,0.1992097460281323,0.2158978821375034
body_type,unattractive,85,0.6152646066511378,0.19157251327594588,0.052703273041612084,0.11723450637910152,0.002916942213949583,0.006007996144114358,0.016515005980481338,0.07510351199098636,0.04089804587830954,0.07021477433506514,0.08733237394515206,0.1252425226591437,0.06127717636032578,0.13553426445524638,0.09666124375208336,0.18613075705885512,0.11789666486575323,0.22035914425217393,0.14176613627659046,0.23857546518621683,0.08471899425802643,0.1498436523089073,0.0518565156880547,0.08562813531193358,0.01469450610320029,0.0613669056167688,0.004152923160205211,0.0054996442464639575,0.006449603929650038,0.007282757531204117,0.042956235001260855,0.1690447138025926,0.012296806823852582,0.04995313646456305,0.0034815324692959513,0.004397137912987786,0.027643915951964172,0.08180977723035883,0.12067200709819137,0.26913059896393604,0.02892438603209003,0.0801457115916751,0.040697674413540344,0.08254844181743254,0.0023364384890609312,0.0034347906605003294,0.026046405749066786,0.05100595154223749,0.005456503697068376,0.009655311202655049,0.02818051254246658,0.10087174190624652,0.0904242761357797,0.17956485908214864,0.0033919510229572874,0.0041610580151326656,0.1329819605630987,0.1663747219728345
characteristics,(none),448,0.6243013817085219,0.17732036805991963,0.10798816982813671,0.20952717139418134,0.0026425641995047044,0.008096238593569961,0.02144927972774115,0.10074168457660164,0.031127453945633272,0.074442891980617,0.11088672425207083,0.1258335537977876,0.08113287365098845,0.1737831998987111,0.07120002837031539,0.15111332096774013,0.13862280116024653,0.2219548335090149,0.10177793803073396,0.19712053880141928,0.035664941196955624,0.07513830837928656,0.036714031573345504,0.10058194370075121,0.004717681327097775,0.015325249505705916,0.002762098689605149,0.004762267652073628,0.020707007181174828,0.0842141344326407,0.009813525366228402,0.04933107286578321,0.02528923389328546,0.11639912895625025,0.0027761331953765228,0.0038219255590333837,0.040042918699197926,0.11473804002478676,0.12528441054070885,0.27071013110581227,0.014594349028487028,0.0496963446353166,0.050481790997374834,0.11722281992714852,0.015566183809620984,0.0639731016708034,0.03181058932594689,0.05782635517046491,0.007814793936696722,0.01634549906966678,0.013493385474898137,0.06945176488012907,0.05105604072273958,0.12272546242419757,0.004392898254991451,0.011646596416787744,0.18206625119741407,0.20783540999426484
characteristics,addictions,136,0.5931494537302676,0.18367391069622183,0.03238673505642081,0.10360456739733434,0.0018720085812246373,0.00131331277874119,0.019618515101148447,0.07495798608307212,0.03913415466633845,0.06867752779875527,0.08188717266859706,0.11864482242918854,0.12146325477378388,0.20606619192646453,0.07803839134644744,0.12272159955538274,0.1191529178786903,0.1880444629082101,0.12413304189291974,0.2195580932815448,0.06969613058454878,0.11387909632090795,0.05411977456841508,0.11946626973032903,0.005449021445255151,0.007829206022433048,0.0037667374302092116,0.004030413692758784,0.012690581563219894,0.043635611792881696,0.042446246760578905,0.14671074241263127,0.009717283548525302,0.07207499430579004,0.005291512854027507,0.005851176030683003,0.021906667243884466,0.07674525239671019,0.12468821467422565,0.26431614570329026,0.03582237800016147,0.07981071097258699,0.034042223503895325,0.044946054546636416,0.004835057973302944,0.03532633550020331,0.02870290897279868,0.049649918782887555,0.0061648239098918995,0.014978766880953032,0.05958268474162597,0.12367394435588011,0.14216750464915737,0.20892197250410974,0.008299708174437162,0.040152767276152586,0.13281385689590344,0.18339214049641583
characteristics,children,51,0.647275826510261,0.16798541154632785,0.11421666439284808,0.20740765428716293,0.00284983745808074,0.0031057742403804494,0.008387010090290477,0.027540682591645774,0.026990399212010352,0.060120306729150225,0.11047179771441162,0.13760335023252182,0.04935098743276196,0.10464138769058733,0.07102935627449815,0.18627137691958306,0.1398124166698122,0.26688683921951617,0.12393050819781481,0.22503478188488635,0.019555403337375644,0.04912175150401367,0.07187959876404527,0.1552209942065727,0.006391700198554306,0.023166614906267674,0.0030032308896610917,0.005197849580557326,0.06061614556557627,0.17165587717708056,0.01472256872597534,0.08348151027320212,0.016363940315832402,0.045167715026155554,0.001728644609958043,0.0015700080491998368,0.09131554274719354,0.17970045404625834,0.10630224739068973,0.2537336017653525,0.006461310392136083,0.018827278439679903,0.04094789872247288,0.06963792384754988,0.013440752631283305,0.05961677530667653,0.03769291946938371,0.12173130009935922,0.009523148067505555,0.017425903760682523,0.022292234444095956,0.10883334410391075,0.015877823322536608,0.03360577804221383,0.005081036295878756,0.008119772717253042,0.11759130802809023,0.1468214141035992
characteristics,domestic_status,102,0.6336576041637683,0.1789286305426064,0.06121121821685366,0.1469072820264464,0.0018062181422696904,0.003276034040941745,0.012701230783325931,0.05596731816061362,0.029706543504360916,0.0536393749401074,0.10345791894759909,0.15960139932711967,0.0724359709722693,0.1506733763207017,0.06363871128369104,0.15385986548097053,0.11122509206510514,0.21616868607135384,0.13917536058351307,0.24004709274023897,0.06365274914823399,0.10755895621677866,0.03894240028046839,0.09507752990932478,0.010590939267821536,0.0660108521039827,0.0020873840469136542,0.002171587131572535,0.018386349254618763,0.07809073328492266,0.012244316397175449,0.07619843483719209,0.01664430858720295,0.07682683488187435,0.00390186898456544,0.00529202669337734,0.021309802313243933,0.06922970268875954,0.1449740055963333,0.29535249620317694,0.009502057125335377,0.024521780711526203,0.040124199318918675,0.07556867606145153,0.002114816108409215,0.003343081087703644,0.021028267623692313,0.023859557172773195,0.0032682104083862355,0.004256709068716897,0.0174201329660433,0.0719239773436419,0.1377938536581282,0.2477719866392654,0.007890200077193132,0.029141381796258053,0.1676111792113778,0.18061431593556804
characteristics,handedness,51,0.624712152223961,0.15270186420792828,0.10502342973817505,0.2250534703079702,0.003864714411297338,0.01265645433660961,0.006174718400728249,0.01573458923162779,0.0439138083271317,0.12079096806930228,0.19986033761033825,0.2101069448107726,0.03626006843029138,0.11039125206176104,0.12576262622058174,0.21729321180474329,0.12513640314379396,0.21536138284526746,0.047384500817404876,0.12691001666895663,0.020516617144868875,0.037221312506829744,0.029987190955081115,0.0722528096588689,0.0032334866780586832,0.004763780695842283,0.002949342829250621,0.0046345352270688225,0.010345873776731976,0.021280244496394516,0.029783779359194358,0.13620064393432255,0.004176837357340892,0.004825684593361082,0.0015106160352326126,0.002637766701762102,0.028884203626326852,0.11875303649420356,0.07729100498745181,0.22738123749885883,0.011292714094309429,0.038782760854641815,0.03208481676091312,0.03814152614211588,0.012445493942233916,0.04829224056744259,0.05565790859891065,0.08671879132841688,0.005280739374118675,0.006228163516040605,0.0089355254689615,0.050000623303585824,0.016894781446157425,0.07473355132461022,0.014388323447657931,0.06499481003436958,0.23665205429435945,0.22363013345420013
characteristics,immigration_status,237,0.6268710457574466,0.17220049474644747,0.10584231322107616,0.20898102882652067,0.002248824954367899,0.004045939786736754,0.012401872908746635,0.06417906304225028,0.029110185917906997,0.0737552650687416,0.13729314289924213,0.1646277297101459,0.041822032163505156,0.11819855904427393,0.06027919874857632,0.13792566146602855,0.13917278860047763,0.24581018363445864,0.12022121408625155,0.21115004142829383,0.03541528216449206,0.08889539725531448,0.04502100674219366,0.10909583447618955,0.003224486472597935,0.004387303856593428,0.0027755713564312314,0.010186227338714503,0.015449854152577729,0.04889638856704151,0.00800336706221206,0.04087876393447219,0.015480745399571201,0.05917774381988804,0.0027527013370661135,0.006222480605578028,0.04808200680737223,0.15966627285510998,0.11150070261846312,0.2610130594374871,0.006446036461601722,0.016334998758093314,0.047965374504577545,0.09531527088542743,0.010496630452220001,0.04007871236218949,0.0357879231799834,0.06065015316809529,0.0063613197592603836,0.013078056384694869,0.012856859372283296,0.07738177859689045,0.04771844104039463,0.1373683516922647,0.01124049951607275,0.03908285684659096,0.1983154590540263,0.2073350520861138
characteristics,job_status,222,0.5939449335674982,0.18054138382444615,0.10894371499490992,0.21256612904706987,0.0021646224014221917,0.0040821774689120734,0.009439777793034466,0.050920811001195165,0.026040514413506497,0.0539227529939514,0.13207778249036622,0.15167673496352443,0.05549156083201,0.13165110368631808,0.0817488982357391,0.1659028362536924,0.11690004351918548,0.20549433957286076,0.1066409461779692,0.19753499739094,0.03989354336239934,0.08672461608905206,0.03965285531431856,0.08925555567845031,0.0032661123753699416,0.007478057626631933,0.0021572706259043494,0.00485414991703942,0.015044904445342065,0.06551627135264093,0.007244436343400823,0.051957868850235914,0.006580348702111944,0.014683943676022201,0.0022939984807414256,0.004255242262612605,0.032867132409985456,0.10472442322214282,0.10821929920466328,0.25220306533060044,0.009733564415246537,0.0376406480744611,0.048393513768206574,0.09178311016649146,0.008396827796631286,0.037515743816439136,0.02963155177883334,0.06007395051096217,0.007245236016371548,0.017346556076611914,0.005924018697188076,0.02521856386899237,0.04535916510461788,0.12821090715455027,0.004394339629200388,0.016861223467242524,0.21864875744575182,0.22160374212562908
characteristics,marital_status,187,0.6226219903817152,0.18622082684515898,0.07677532729374016,0.16428247995982956,0.0020651405843418033,0.0025906631188355477,0.01226715217525,0.045138825380769104,0.03476174919801281,0.07407918192642614,0.11931613221625115,0.1481994612044015,0.06274672109449411,0.13816198041037173,0.08340967355643394,0.17014562966017838,0.13080335457240888,0.22285859154933382,0.1401688331616096,0.22344625457394612,0.03957038374062388,0.08672806655951704,0.035330470746014524,0.0788937783908526,0.004571566225918518,0.009100895731249201,0.002714948948437876,0.007118734128722383,0.013912793145394252,0.06187457713159734,0.014809737582585181,0.08695127175714122,0.017191422349937698,0.0891384241738854,0.0032509355411278382,0.006654798386113913,0.038140870899679186,0.11956521183540887,0.15546033851024793,0.29911265013089783,0.0114479174987347,0.04314253357323979,0.041879497932887734,0.08626231100866792,0.006741761973247251,0.0344514748738226,0.029647968639744157,0.05681400048139917,0.00628874155214644,0.01559883768856152,0.007772910974721828,0.03363211120808836,0.06465930834146127,0.1634309757545837,0.005138338544097216,0.01681904919427533,0.1795923949821907,0.20670902197761953
characteristics,miscellaneous,34,0.6437135741991156,0.15628391771054856,0.06668886838494525,0.1810249372968032,0.005447373554274878,0.01641578773328312,0.03319079783635542,0.1454647236328328,0.051739130128065455,0.09083386817966235,0.06725089138318949,0.08753625153909388,0.034252795911229705,0.095285828759242,0.10540981076123632,0.17407385320609595,0.17574650737600783,0.24132533410941304,0.13638216418707194,0.2515988002035662,0.088300178419826,0.18551691052063277,0.05400928723461488,0.09729117454127954,0.00424980658264009,0.00463311996949398,0.01081128754252431,0.04529225473167351,0.028147759227602577,0.09096174076071474,0.004069636452614385,0.0047991536835251,0.0031245293777079925,0.003948438816959967,0.0017253582721904798,0.0017795991081228262,0.07658661635565188,0.1995655313904223,0.13064827667617732,0.26551355887810135,0.007331660732127014,0.012658634259251685,0.026077265262275058,0.02546158824478697,0.0028037054109839067,0.004069477214493248,0.038252612521104956,0.11298728734590706,0.00784321430247099,0.01981997311545235,0.005559716521769159,0.009882877541449097,0.03917379503357498,0.088494677905819,0.0060287660213789954,0.011402272735930623,0.15449404031695688,0.18056485225881813
cultural,cultural_stereotypes,286,0.6260618274653709,0.18624202653572466,0.1091603843724824,0.19635735201542656,0.0034939098822960785,0.021529716780553272,0.018456937402276764,0.07794717503366007,0.0384101795465718,0.08265620990329219,0.12779796437907417,0.1588178914025529,0.04097393040270121,0.093953990009052,0.07069190968763428,0.15416679567133107,0.11854828995910158,0.22285565606426377,0.13951280261422475,0.2367275846051813,0.03767775382416753,0.08311797837701004,0.050705792363635364,0.11365745794988652,0.007745737040584738,0.043432923632040675,0.0027904335593184376,0.0066480979664502084,0.01940953432550976,0.07219423608311668,0.0033081092766300496,0.006574441326888818,0.017923973250598482,0.09314770334739057,0.001879637487704045,0.0027980748654653715,0.04373638219453665,0.13450522332624282,0.15723513911349596,0.29551458549842347,0.005030444085586188,0.014642309852553336,0.042657718867946,0.07842357247816754,0.014553014196522539,0.06235577655597302,0.03491347147578413,0.09915077655014734,0.007673493025214265,0.018840439599188682,0.010967694397346553,0.06478549456619033,0.03332897986654173,0.10397304117067344,0.0034746409336249896,0.008104728626917987,0.17365909649150355,0.19709307586104355
cultural,generations,119,0.6335783668425905,0.181191998814943,0.1330699047392641,0.21040247448909208,0.002724168903855685,0.0061284307815382775,0.010414555697445562,0.03638793066231258,0.0352995587716333,0.09513682595797282,0.15537818534957135,0.17445944202297373,0.04051628736182343,0.10708024971960013,0.054914023795169034,0.1290246454225849,0.13942807066271926,0.24357689042611266,0.07522700336016323,0.181003880804927,0.022047171481697186,0.07469735091330634,0.019805021385443124,0.03610360216090369,0.006116210508449864,0.021236947844496548,0.0033778682436222725,0.008946314840873335,0.02097025639944937,0.05946169872921035,0.010607652136510113,0.07269570177888245,0.01645634791049754,0.08639527015813708,0.002458327587673386,0.006709488681345377,0.050985886711439415,0.13079004186486795,0.12955702608402334,0.28542768957130926,0.00689880308382577,0.03195352128423748,0.04281685107285861,0.0869419640132888,0.02388994910213397,0.08111626057686008,0.051893939371729474,0.09457334268465933,0.00971760088174326,0.01876470492313218,0.0032668906405123985,0.005983329403846435,0.021593145108507836,0.09396723782208556,0.02225228775725035,0.10835195824772063,0.21541071710560253,0.2277590082272367
gender_and_sex,binary,51,0.6123522286321602,0.18496730388032717,0.07390508513815482,0.14833719719170685,0.002467961649195857,0.003650462338807129,0.008142125726604433,0.027338978717635617,0.027305946566675808,0.06577825074908228,0.14716591375569502,0.1446633349864181,0.07254972869037267,0.1303931030284391,0.0844347602767669,0.18997477189429857,0.1217828219078536,0.2378028988799894,0.09672855016633905,0.19123623339445056,0.030971862122361714,0.0797113553611933,0.039232032862035374,0.07217958326806179,0.003595270615929336,0.005658894739146859,0.002404994657149027,0.002991818405404285,0.013018580634083015,0.031782435489462156,0.004289846923247929,0.0042905431597498895,0.0053123351569999665,0.008079392427249244,0.0033761019591360773,0.011763776669901041,0.04956810855461905,0.15030890341291644,0.18278738151888782,0.3134207917424985,0.00620667927033341,0.00940989353178069,0.038462569991893625,0.09485721510808245,0.004644962976396759,0.012226029879078615,0.046019196167916936,0.05821180850587446,0.006660851943260972,0.009484660468243498,0.004397885642224448,0.0045808003861068985,0.035360789446927166,0.12378227238817974,0.009954764578473187,0.038034410744951744,0.21566630708163276,0.21611288783785518
gender_and_sex,cisgender,34,0.5898784289465231,0.1722507753179518,0.05795228136840331,0.1464793002111656,0.0044477253900635436,0.01665032541075005,0.02154080247376388,0.08335668271528308,0.033333156942663825,0.0687035734793774,0.14910108124946847,0.16024099458181093,0.0578017497798154,0.11318207860597215,0.1328600044875844,0.2060597493925256,0.2099777631896466,0.2572488236241159,0.05838872958659468,0.12569275884638517,0.026206258886411565,0.04404182848821932,0.041176347294822335,0.06746426731777524,0.004913981870392009,0.009845223097506196,0.0034291252437362667,0.006899165346365693,0.007499235112096786,0.01039514114032263,0.031212939228520125,0.14790567807246516,0.005650836907614789,0.01395771350450032,0.0021241806183859486,0.0031087954607547518,0.020204850030816433,0.06178434118454172,0.11443950658705195,0.26600908896165365,0.02359850477831274,0.059547888664221525,0.03847386435304275,0.06502240654606337,0.0015880980604646646,0.002420032896743693,0.04567458896952517,0.08100756686476486,0.0031828658205032456,0.002783139592071582,0.0220938905087464,0.10090786440915105,0.03083649936803233,0.06430347262458853,0.006206767761956572,0.018166887985529585,0.19387404467253125,0.21497339991254677
gender_and_sex,descriptors,168,0.6600381377197447,0.18101105429185446,0.11248182262975856,0.22168900589529542,0.0032303534866341146,0.009414283200781479,0.014396832210574454,0.046767747299114315,0.03752599106658073,0.08799613222210967,0.13122253199218817,0.15999767185541527,0.05390597254396804,0.13652662871854152,0.12003848904506802,0.21090722221295255,0.13197972042031497,0.2316050964899301,0.12052648480797264,0.22266183123148603,0.04012444189824497,0.0920657169126831,0.05448126415805226,0.10988193230483265,0.0042536572204664395,0.005486423878051025,0.0030111388425991337,0.005458718726952444,0.009679319758496214,0.019237104538571564,0.008596341892067963,0.06289541836199493,0.021850046689256226,0.11294352397829542,0.0019815374421991044,0.002467755282976396,0.042711858411556544,0.14497911773209152,0.16024684809374212,0.30338703074991724,0.00766265106037844,0.025313988674765565,0.035211079339552226,0.05553773018026516,0.011256742878317925,0.0405471107475668,0.02896082245085078,0.04197993576632652,0.006759740338436261,0.01828203353186561,0.019705081995371507,0.0972629249633328,0.03232466353143709,0.09299484465752157,0.004414954422481103,0.011740430444771029,0.15677596108400307,0.18820002411490844
gender_and_sex,non_binary_or_gnc,221,0.6530716933006615,0.17642823018763223,0.05018285768605954,0.1240097214515525,0.0019361425356568592,0.004459547958274243,0.018027491944450125,0.07377776285463432,0.03835541693645433,0.09049413479573061,0.18265225266515198,0.2168119826437513,0.04810004069773286,0.12586031338057524,0.1465674450661043,0.2474799348594851,0.1295238626284348,0.22888875471387468,0.06349817505506672,0.14769505305522973,0.022389525819434975,0.04986833571330479,0.05945109311339542,0.13617678607125916,0.003845237882921632,0.007652951581745476,0.0025327683586313294,0.006420591606819698,0.006885318250560762,0.014834593493108676,0.003589414399879989,0.004969835978233644,0.012235080782214509,0.08487900044247747,0.0013199791078991993,0.0018941382575095372,0.03107444181873956,0.1291496977462892,0.10218977136089681,0.26256926518181034,0.005756788264643464,0.018189247266385752,0.043359207717398374,0.12273155450159212,0.004953012140812795,0.027051618948164557,0.049535870841784374,0.07863403186086745,0.004967433583503379,0.01072680860535301,0.008703490828108085,0.05970938564043995,0.014709899255982706,0.045171644375795565,0.008272431416693038,0.03361422072497833,0.23636319092580232,0.22600187274824987
gender_and_sex,queer,11,0.6302166906270114,0.1329657047992916,0.12655498734040355,0.18059456384764055,0.0013189032218757677,0.0007332917663881326,0.004950558195229281,0.006749651239018748,0.012058838736265898,0.018483347543764864,0.1673853320323608,0.19767499029548388,0.03325780911836773,0.03489563080563657,0.11585567188872532,0.1688642345324005,0.2294803446381014,0.2966306118656429,0.12227612758182328,0.18298455489379353,0.016435237855396488,0.038024021420677505,0.017409090503034266,0.03528563366740444,0.002722277829889208,0.0023871229783864537,0.0014542485904795203,0.0011549515264445574,0.009757708811031824,0.014232541328814166,0.0025698177897456017,0.0014480419575040738,0.07434547114693983,0.22908576454810725,0.001929460021942346,0.002154992870326252,0.012366018305659632,0.011748354027817778,0.16932021785231138,0.3170620952647115,0.002007540590553121,0.0014328043893536804,0.1012785720046271,0.21217196204466626,0.00788015352935128,0.012236102801044549,0.02760829111899842,0.04462769498432648,0.005041636510709809,0.005804555424999532,0.012359185620549728,0.03086671771008484,0.010975632308558985,0.014167860294917236,0.0027286398531445725,0.001787885358378883,0.17223790745166215,0.1613717347754869
gender_and_sex,sex,68,0.6602525645319153,0.19126391177834476,0.09328751943608307,0.2033314131477091,0.0018389503298642334,0.0019152256677205399,0.01848341079483576,0.08539641252286602,0.025914312083520654,0.06593272556573167,0.14825015312389417,0.19025749432591452,0.04211433877935633,0.11393520812785948,0.09926455030868322,0.20081284286904982,0.16369985089627068,0.2705592442010331,0.07413630737745039,0.1580268228395752,0.021117851259666223,0.045659057679876124,0.04069173097377643,0.09401790094883027,0.0033041351194055203,0.004661612827162266,0.001890715420278652,0.0026843600843656644,0.012237422817955068,0.04754172178475255,0.004051362451932886,0.006567568643386862,0.007108822458094972,0.020767361009861717,0.0018584765082992176,0.0030507312533649246,0.017474643635282786,0.04262685594530958,0.19288873642611126,0.3444590227528444,0.009615358536179616,0.035085779799681256,0.02191222832291661,0.022498903200955118,0.004594679791433223,0.017734683786989305,0.03475866123335436,0.09447320243754297,0.0034206745904692285,0.005308929834556657,0.003190291421881685,0.004015039926200512,0.039732695236178936,0.12642063017805583,0.009116604393485057,0.044139672966852825,0.19219715481021388,0.18878041982944946
gender_and_sex,transgender,221,0.6388579720959944,0.18825113347188224,0.10267030046799755,0.20848316587740584,0.0023638533447538313,0.007330423135114879,0.008099373820347382,0.027259901439258664,0.022478374193224432,0.050595313781442816,0.15237830167349714,0.17301589903002773,0.06421572162518994,0.12436058656121084,0.09098173927898177,0.19537384955482937,0.12229831037622543,0.22265971920874397,0.11455863506566918,0.20751652045897848,0.032772677287362446,0.08060245313853895,0.04620289019460693,0.1268062386989048,0.0033825092491476766,0.004988204266640608,0.002578781890101853,0.003942891065210963,0.024878037530071274,0.10949372729114165,0.012919854420148747,0.07187981936088002,0.02716354399588174,0.12373358319635591,0.0026695858283527826,0.004664280707881648,0.02955568636260817,0.08914983846381906,0.13774516864332614,0.2919743425471681,0.016534353626749217,0.05634056960201237,0.04909604363253012,0.1051420221510687,0.00658146361800646,0.025463358148715802,0.04138331688367403,0.07699241476017296,0.006568495953656792,0.012737905096379393,0.012973001970313237,0.06828981286669504,0.05053158293449746,0.13146339955872566,0.0036037970535516134,0.006023174395184001,0.16760439162113075,0.1898611250216971
nationality,china,50,0.6531329402327537,0.18559116192420516,0.21111593427602202,0.27865995526515447,0.0021907924045808614,0.002289243774225156,0.009700033849803731,0.020010506849990457,0.03413366662804038,0.09005359486715783,0.1505089010950178,0.1501477494049109,0.026498785589355974,0.08136663603106713,0.045717554650036615,0.15008529686156818,0.07095754584704991,0.17598441623088737,0.1702620302059222,0.23705851527631494,0.02358224491821602,0.054179463829327076,0.01821655532810837,0.03696108792204292,0.004608345018932596,0.006904674192541365,0.0042067346413386985,0.011178226452445606,0.015361986542702653,0.016322810429305105,0.002953926017507911,0.002786881246025409,0.010563788245199247,0.010463613365596754,0.0022586700110696256,0.0031583423148099006,0.05168824726715684,0.14473309701439627,0.21368567316501866,0.3410553229730783,0.002722433173621539,0.0033330428706714868,0.05754515050444752,0.11292515922281057,0.03881405449094018,0.09577424809202179,0.05107177253812552,0.11518183393127529,0.008617278091842309,0.015749332710518822,0.00322208454424981,0.0028299277547198156,0.03526364853139967,0.13417313891531585,0.003465349834877998,0.003631713188085994,0.1410121178254485,0.1712278390488527
nationality,cuba,34,0.698693697943407,0.1551081267585034,0.2156023150515359,0.2884777721547648,0.001563027614953599,0.0011785732385013114,0.005530790694619474,0.008641757808072728,0.018926009056432283,0.05173916448773947,0.1042237127035418,0.0873337688981595,0.017549283182768917,0.021558726087248008,0.05073903890340315,0.11303736305907099,0.13512887428805698,0.2386777361870336,0.12755545121720335,0.21215738214847735,0.008295441707185306,0.013663804742567925,0.02106123775079408,0.048620959420663565,0.002680008700254428,0.0021340925896467184,0.0013850993897957617,0.001673591142255203,0.018095598175183542,0.03702192027625786,0.0037147777218385324,0.008968286463438127,0.009670274642035914,0.01904308797848218,0.0011080745141097235,0.0011447920428171092,0.025193163216018173,0.048017421863709116,0.3338615729812505,0.38975141323819684,0.0019081487630233716,0.002539356502869774,0.045242974514086896,0.10816444015291204,0.015356431044732317,0.05600719386405447,0.029373028904528302,0.06715561418419201,0.003030589307908325,0.006149527713273792,0.002592303637356963,0.003365036031352938,0.005196456650189836,0.007166284249097044,0.003294978724785752,0.002329114302887251,0.18404253051780603,0.23816481471904066
nationality,dominican_republic,34,0.6137742097763454,0.1712831853892219,0.12022628073292949,0.2025177308955815,0.0022765512609005194,0.002014771237599092,0.01648026952855563,0.04776484670291529,0.05575638296603061,0.1418727073227507,0.1398492906078258,0.15332829506898277,0.01451825354631771,0.01912555044788435,0.08268445485052378,0.18638667677035264,0.08930133610470768,0.17048755853735312,0.10687441560302806,0.20906400680353304,0.030493966954321983,0.06276250061529279,0.05108824330519008,0.14135731218325265,0.006174185914192896,0.01613726178551515,0.002543855245355243,0.002711959025138849,0.04370575298568891,0.12184561905311639,0.003969725406290416,0.004787962585458766,0.008476919175283162,0.015042117408979783,0.0018762143008643761,0.0023480904342981918,0.05992393868270002,0.1495585453934202,0.17464593938562115,0.3124602756434724,0.007116685028235866,0.01921424896640859,0.032947194995358586,0.045594100377640334,0.01808502112330376,0.06502853315532765,0.04294254897874506,0.053291459152220534,0.005952749129124533,0.008981328356731239,0.0031233136456541937,0.004115649500105371,0.030324719154604655,0.1018362370834187,0.03058105189120397,0.11231560037015122,0.15796849591767087,0.199451500002984
nationality,el_salvador,34,0.6605018482488745,0.15982186911981178,0.24286548191380194,0.28108436424674715,0.0015374132721369866,0.0010326700459679242,0.012704758723403382,0.027078920864251416,0.04068163663203664,0.09557621309337143,0.12585096021511538,0.13329019648888238,0.05818536862224231,0.1425979893000456,0.03914039242012864,0.12324602864985097,0.08914361881461981,0.21255773474089112,0.08919262658010292,0.143641801756932,0.025224518236320687,0.03952350543153729,0.07118359113605145,0.16292607233282275,0.011454525054432452,0.030416901557171652,0.002895612532430438,0.0026378008392121577,0.01596411910962642,0.023424486934819445,0.006669507918345249,0.011711163534607723,0.026512040695011178,0.07473492627974296,0.0037005554905216046,0.005352199840092787,0.019709043379407376,0.03180336101959693,0.17823466242921046,0.31873607978810325,0.00921606648069642,0.031660967280915706,0.09025911069885992,0.17698076067316248,0.038997622137471544,0.1012042464880225,0.028189797926803723,0.03084641324888021,0.007541630435940426,0.013847474445297943,0.04656230293724494,0.1737578967009057,0.06770837717511527,0.1730285606566581,0.025980820637949577,0.08127929227119426,0.11055948147002388,0.1539140554475782
nationality,guatemala,34,0.5946326917585205,0.20788694208209982,0.15193845764459932,0.2572298139625745,0.0015290232618366752,0.0008273357032238866,0.013714194587116842,0.04410231568249942,0.025156205547425675,0.047967051929662885,0.12628878587993847,0.15459817006381896,0.024555728267467415,0.03472786856936994,0.08593188792720492,0.17307009843986976,0.1943369866502882,0.2705660225143857,0.08784499680726132,0.16957788787224967,0.033648756750421054,0.06509224395110363,0.028603389537345397,0.07491210903233603,0.023839854671250042,0.1191517215419261,0.00214530569535461,0.0026676353338662764,0.020562971908742945,0.048919368136097825,0.00467169658804778,0.005330918709995093,0.004070977363666958,0.004248592486313408,0.0033330453306381755,0.007067822433447258,0.012764420172007865,0.024644810817652876,0.09728106078931459,0.25285155938606724,0.008599749703588552,0.020449938123410987,0.028216363738893586,0.034634594436258805,0.0050267532449866205,0.01760597872773978,0.025163252242183423,0.026144443225924987,0.0026796193911543336,0.002395333593926907,0.005587048355664592,0.011382161274255441,0.0742422937285429,0.18223550290148574,0.017025657582802094,0.06730421886567454,0.16596498280106223,0.15825174299991213
nationality,india,34,0.612171917277224,0.16088854916205447,0.19747263865942574,0.2536870282336267,0.0012874924834571121,0.0011763188854733678,0.004935695990057224,0.009840170875250312,0.02171959265765241,0.06160979168008646,0.1571168222135919,0.15188046061767385,0.035842232423259276,0.06866780419614868,0.06860612816458075,0.15256437619251,0.15557346641606487,0.2715446740222916,0.18310859780724378,0.25652651308187613,0.02273165140479036,0.04954946435770397,0.03143076262409415,0.0820382434044761,0.002653960222446853,0.0026913788493564132,0.0017618829322814504,0.0019005910609742873,0.01860612314981956,0.035965720990257244,0.0025502785369206,0.001641907377808443,0.010756391288904363,0.017212322279783206,0.0016543197810225299,0.001680461599118355,0.02908543942270198,0.07678476063183738,0.09528261930716005,0.21819810366106387,0.002867156095282339,0.003145544765051921,0.052437836002996736,0.06832923644069595,0.014989369740386097,0.045261496164964596,0.033046928932890296,0.04358267478993288,0.005180936972679132,0.007918618428104124,0.021015720306690234,0.10743494023462737,0.017725503327229115,0.047120353452548794,0.002888473264379975,0.0021237814880167415,0.1630325764965485,0.20261034822108165
nationality,mexico,34,0.6670510260497823,0.20581294431520247,0.1676451228764456,0.23118337104111458,0.005384573324323248,0.01565539540702107,0.01049020474516403,0.020404905249251922,0.04348138027468368,0.11401813381045048,0.10595069735256188,0.12654533477945387,0.032491273291217274,0.059472202735127135,0.021117053785607878,0.051558395138781105,0.12632362601032263,0.23429479513883916,0.1564671700779239,0.2535259605901514,0.010433311153011507,0.017480004199217844,0.0433396214947981,0.12954960945337346,0.004986428929602399,0.00893282071195658,0.004067764843485373,0.012902872124277813,0.019470974537612432,0.0230932684137378,0.002963157896267469,0.002849497282025312,0.03102963578353143,0.13923613957644052,0.0014930714002248885,0.001372196247571819,0.049226580177406394,0.1416764219018247,0.24138608219030122,0.3608355540859198,0.0026608579595203455,0.0048953715469213345,0.06234657462439774,0.10864201593040997,0.03137632270997582,0.07561105753831268,0.02752349924926153,0.06312440955834574,0.005583857669775812,0.009068650655378097,0.003730141665608458,0.00890157071304434,0.006329418968080598,0.008852067891510834,0.01162556597709601,0.05018638708931612,0.14972285252502737,0.21877571385036512
nationality,philippines,24,0.6819793544709682,0.16116540914376876,0.07295158409397118,0.17699211768347908,0.0029170303993547955,0.005416802794571422,0.014289978091255762,0.05790704350268789,0.022233836721473683,0.062423287284479115,0.0774234236838917,0.07595850901818345,0.012261355989418613,0.017770906184365363,0.10875872610874164,0.19937158106131975,0.3151764140287317,0.3405102671401885,0.06243574821322303,0.13116351297520232,0.0256472634888875,0.08681933596521316,0.028052310488419607,0.09122394425116365,0.002771009921464914,0.005054073404242603,0.0013657885720022023,0.0011905104576346083,0.009843562125752214,0.00979169908610626,0.004043287452077493,0.0053598006863592555,0.006543959945702227,0.019233981497643986,0.0011947193403708904,0.0010741624721283252,0.04125204338924959,0.17192340513693632,0.08226153627765598,0.22887251968503486,0.00430008901336502,0.009722559191624333,0.030601960529262822,0.040220310341587184,0.0067669479343142784,0.020809293589553655,0.029794021723015856,0.037384025897088474,0.0037861344450599668,0.008888182267162563,0.00235144593170844,0.0021657954624959624,0.018893953240573563,0.06250244704700231,0.023238537236466072,0.09535518352502283,0.2562740305438638,0.2601268098509158
nationality,south_korea,34,0.6622687245116514,0.21157730785024306,0.12956604434807292,0.23520589744852075,0.0023292323141290315,0.0033245210062872823,0.020824667569660747,0.07364536073377366,0.042808980352300054,0.11427148180120662,0.14221456846879685,0.16497465340128303,0.055459791698547846,0.11768937439992971,0.017045239048243007,0.032202852586694856,0.13473953730392488,0.24389012745334102,0.10486488296609263,0.15526608622322743,0.013741227387286285,0.022889130983158756,0.029512205592575756,0.07641705394970383,0.00348967599668814,0.0048476464529193354,0.003093296117560171,0.009652753650739018,0.04047991220859865,0.13942510633560942,0.00321130919516744,0.0037154389691011988,0.0365965927759295,0.15780310876627202,0.004021159648854176,0.0122323683826027,0.020508862338508207,0.028194695176545916,0.2013294501675238,0.35394879303830273,0.0054965130573905565,0.018393146625998606,0.05924953264184296,0.15709343916765867,0.014264285346571877,0.057512423567655103,0.05155752279439613,0.1470458206516649,0.00603046110336436,0.008707151609805305,0.0054344355851165295,0.012009985073965043,0.03601202351273969,0.13347181769425015,0.003573292747793911,0.004393301274628286,0.14533077087253332,0.16694120752691113
nationality,united_states,16,0.7066892199218273,0.18527029269319267,0.16224007771234028,0.2780681170697097,0.003051833398785675,0.004335107644544711,0.005638168950099498,0.010322469451792817,0.018197014491306618,0.043974970938948595,0.15485070878639817,0.17658871400969173,0.03859782996005379,0.04727975528423125,0.03952959779417142,0.06290445436146085,0.2405092931658146,0.3377246178195475,0.0472786137543153,0.07113383414606483,0.007694908941630274,0.007372966084906828,0.014935738960048184,0.022588992026033844,0.002003904290177161,0.0018126937043636381,0.0015656155210308498,0.0019209996311846337,0.011253213167947251,0.011090256866208893,0.003413889029616257,0.005791295985355818,0.03504057523696247,0.10812892767275592,0.001552520610857755,0.00171256273218764,0.11928448737307917,0.25380459852782133,0.2518860245036194,0.37916153413219844,0.0042317726474720985,0.008471992331943857,0.03275647191912867,0.04156363069270632,0.004812923387362389,0.006362316068566221,0.016944262402830645,0.013780028227467893,0.006239672594347212,0.01227036732889564,0.049839873161545256,0.18972822677780496,0.021421471508801915,0.04578253258250205,0.0027302210219204426,0.001734459493555015,0.0943163896445185,0.11059535920993821
nationality,vietnam,34,0.6479175362516852,0.1506220563713174,0.21468956352841548,0.28708118145429967,0.002029455063166097,0.0017514077349991388,0.016744245833251625,0.0737833899413925,0.022381339181105003,0.057332522924170376,0.12761416517691138,0.12189749542344422,0.02825750028440619,0.03541269813199323,0.0600314036162351,0.17448690399422942,0.15083961119543185,0.2559372502285353,0.14876176620258347,0.2144856586763799,0.012982498553088483,0.019928746259444834,0.04647896504577469,0.1280652323197997,0.004289449048776399,0.010960153484061638,0.0032714561007999104,0.00829729362265183,0.0154865417519913,0.014880597590439427,0.0028968074030297645,0.0021676537648039835,0.014618213927058284,0.03483800719548466,0.0027571277391603764,0.005390267592878073,0.05336806912707877,0.14646926630200138,0.13166272017748698,0.26459441193590794,0.002982315154547584,0.003539143161048248,0.04427341270424864,0.08099825352858844,0.03419280351098517,0.09475788056061929,0.03311687679824365,0.06911072867545645,0.010020605235374258,0.018937240246424215,0.022122678913600632,0.10955183904933019,0.032517130493515116,0.1270270939257865,0.006132303004372208,0.018417840602563986,0.1598780420882737,0.21228632034628117
nonce,all,136,0.6371930362108875,0.1865655992632119,0.1330368854349431,0.21335291130832582,0.002230895120138645,0.0019075687043571038,0.02671523267738795,0.1121142888138443,0.031645282217890355,0.07507809185734496,0.11820427516324665,0.13094268956027316,0.05664274634567418,0.13717895486623707,0.09629478881406077,0.19217162832890908,0.20677375571411924,0.28924050976008253,0.07636164994490922,0.16121261689326247,0.027366430947201,0.06910014518535994,0.033281113973798175,0.07308786177327989,0.005129942600486923,0.017208804309823397,0.002972524724100367,0.005635486552771455,0.0137204349572558,0.023026939812744656,0.004256598616741351,0.00779316560967493,0.018115854539513854,0.09461845267010528,0.0017911942326035762,0.0024773739577564342,0.035377577974834234,0.08969492242967986,0.1643220681925253,0.3071994898185631,0.0064246105755634796,0.017393381989542177,0.034394437651773094,0.05579895587369257,0.017949576130430453,0.0716078833200021,0.027805919868542868,0.05899761765405481,0.007295410695566234,0.016355882053848848,0.01589034106783562,0.07612373337350463,0.02623403957028024,0.08791809316284123,0.007453052620536148,0.026644436467234127,0.15515885097727947,0.20217195202452187
political_ideologies,all,425,0.6071582108034808,0.17264377376583923,0.11397978404975112,0.19895984689126947,0.002231210489236914,0.005686202099931047,0.013513687033726669,0.05547262234376141,0.032994902873521345,0.0754347577722354,0.2373172819384319,0.2401756133905122,0.04037184896180406,0.08475524087429391,0.0688831072433523,0.14230098517904774,0.137746198125841,0.23683252591821435,0.12348667369128259,0.2095405217469593,0.01875252389047733,0.050077531763833776,0.057045738315483666,0.12504909848721524,0.004647217386758284,0.015694576281233195,0.002041558134369552,0.0038814350429409302,0.011017533419379855,0.020091734460753415,0.005818718443419237,0.023626483004819284,0.011347657842184965,0.06408372168166661,0.0012333607640090014,0.001395916492880641,0.02709317767773481,0.10718827495111731,0.09318782564499141,0.22800691422152128,0.007965612838092698,0.0420512645609848,0.06311899246045334,0.09877703334805159,0.020147673495315866,0.07257176918710921,0.04562888973337763,0.12732992199203272,0.005667149537783938,0.010861359182315095,0.004172688466941883,0.02951695030282846,0.00900665493490284,0.02831354368287328,0.0053485244747443015,0.03828297224728023,0.17353635379825444,0.17389754255528994
race_ethnicity,alaska_native,16,0.6107243187725544,0.19588445227143975,0.3380068006517831,0.3558240023250537,0.001801661130230059,0.001634023007194568,0.01940738047778723,0.05468602479024052,0.04254434515314642,0.07836360022849165,0.14236153580714017,0.11035232569285186,0.024677263994817622,0.034712178083832895,0.0508307608179166,0.1579349243765906,0.007714810912148096,0.01573828446561438,0.03842512986739166,0.10183219698202126,0.03742821785272099,0.09321808671044864,0.05199710599845275,0.1461590426251655,0.0048017581830208655,0.006626941434395469,0.006423693001124775,0.009117542306988516,0.02718892950360896,0.06354806504377958,0.0037875777852605097,0.002995451330726235,0.06958480446701287,0.1635173594460736,0.00278402199910488,0.002997493501776184,0.024027058876527008,0.029443885028419135,0.04260810307459906,0.09682885519657417,0.006091876013670117,0.014717785577207562,0.05810233688680455,0.17283917999997828,0.10469633395405253,0.17481844921892503,0.041368171136127785,0.04674069831260033,0.016908718025661074,0.023846741171682825,0.0037535074316110695,0.003771053787992194,0.012160866099293344,0.023534817084682157,0.0040259130892081885,0.0035334966223797507,0.21439122478477657,0.2625101117153729
race_ethnicity,asian,102,0.6457974346829396,0.17584242527164512,0.15870187181965723,0.2513894738523286,0.0032098892409646628,0.007510560739741719,0.017738377137849218,0.08757023475547275,0.022259681143195313,0.056379271589012486,0.1481706145922562,0.1675004210444078,0.04599047340703763,0.09731259457327053,0.03612015478018507,0.09032179574192278,0.1266097399984217,0.23830799437819103,0.1442224398705031,0.23069105303348517,0.02207556173237333,0.05496179916320576,0.02748219893934826,0.09321703588411094,0.0039750463178029796,0.009488858036338857,0.0025016393260824878,0.004822421830867683,0.022952869378130736,0.0598198809751669,0.0038993758247599154,0.007282988745214041,0.017559735085609752,0.09017845877946912,0.0027548485756828905,0.0063116779637193985,0.07656848951991574,0.18377953382492643,0.1638679072094223,0.30479496977576676,0.01287983122878644,0.051275023932643396,0.034625917358104795,0.045935774245224624,0.018131429148114893,0.06183809751640754,0.0377619263268642,0.07236374423905674,0.009758189648125028,0.018898401015824115,0.015801899952873334,0.07798184800233375,0.04048678374223813,0.11799022711224372,0.003122593940454809,0.0027226631027812594,0.1504301904499823,0.1828195081266226
race_ethnicity,black,49,0.6227933971249328,0.21603404124502495,0.1951630764061167,0.2860941856772934,0.003170608769156685,0.009979587207918514,0.008983528170240472,0.013533587417215168,0.05077812325076333,0.09736848747314143,0.10024680263761963,0.08150254366766108,0.041579160190719576,0.09477748642847214,0.05074563621286759,0.1082381149398493,0.08221693703612522,0.17807588081920675,0.1397330503963048,0.22863972344803862,0.04915517178953302,0.09667938739948638,0.065245237486551,0.14181975279276085,0.006735342862417123,0.011267395415459538,0.006692023511277512,0.020925484520800203,0.021753995881857807,0.08190076963828526,0.014681519347727679,0.07758572781472824,0.028168854427794755,0.1306705610906584,0.002931218484430859,0.004290423577947094,0.04453818556111382,0.14522762891045357,0.13993881486726886,0.30195813945204875,0.013602913855052344,0.05841757301758495,0.040893490675703754,0.057505494714488674,0.025162662068359334,0.07369841316102692,0.03080226711890831,0.05423677942751549,0.005918173459168448,0.009279071739570493,0.035022399811150164,0.14341168090108283,0.04673844039421148,0.11021082147499894,0.0030773446796585483,0.002818375994611006,0.13345625852139628,0.15611771843491826
race_ethnicity,combined,33,0.591889065323454,0.18581779478268284,0.129773306353441,0.2539904212311651,0.001498505477546573,0.0012675000097673867,0.004654251622868645,0.007085193832679031,0.02256568780197113,0.045616391995025374,0.18262882000117592,0.1854454083000129,0.02647624996660108,0.04115919396582772,0.10798807984930604,0.16277192041724073,0.1705279721072381,0.23615937126696038,0.08698264811766532,0.184226557729869,0.022261177066177355,0.042971509871379,0.021668763549038857,0.04026001644199988,0.002846199444981969,0.0025948398011196696,0.002859364418933789,0.00451793261311351,0.008940636025120815,0.014266685969479567,0.004514653883013649,0.0061583299003144555,0.03216218575658841,0.150266144987556,0.0018008479065346446,0.0022038000025740106,0.015249013692620352,0.030176844740006932,0.08194701962003653,0.24375035392525635,0.008363398828254449,0.023313998012416435,0.028524833554966433,0.03419307776575895,0.029130326236940386,0.10706721806886035,0.05144117857950429,0.07713135016511052,0.006058090608955051,0.013734299580956887,0.003433388797213521,0.0037015290761285226,0.026573901459800476,0.08629642691531426,0.005673637975247182,0.01416407378880623,0.23283103051962276,0.2336507130023084
race_ethnicity,indigenous,66,0.5630453204115232,0.17349802227158118,0.2281576477619114,0.26148715784127924,0.0029083075994893797,0.012790519074544766,0.008033938762364965,0.012895169539403641,0.040112589193141146,0.0840428948613092,0.15837344714920176,0.14119227698115142,0.03915790645017599,0.109428977303508,0.0392186201907779,0.09813429631629708,0.15747419245158337,0.2608877205890126,0.0849403861599664,0.144851154948698,0.016459402827560112,0.02807726241689073,0.07779494894202799,0.16348011895324457,0.004448301629798318,0.009995839809485547,0.004128245079879311,0.007937804239118188,0.018602222036640866,0.02187780740646203,0.004771635706261309,0.011425385811515242,0.022285082923851653,0.08596312528039013,0.002180751454778312,0.0024797143916135632,0.03094556023962937,0.09313869584244062,0.06886630168159943,0.20754854966583952,0.008266376745296206,0.042290284771539406,0.04514266893789737,0.08132626061095116,0.07914266791097664,0.14997555947271865,0.03161770525515418,0.03613651048825179,0.012607512674797115,0.02012459490603857,0.0028875897299836984,0.0035040311384982583,0.006644130455132461,0.01065978816909284,0.007998171681802805,0.025253825261618935,0.17224842659903294,0.15699699021294117
race_ethnicity,latinx,80,0.6304807730019093,0.18582020970015953,0.1979033204683219,0.2690057107078186,0.0020074734264198925,0.0028482978567730614,0.015722819000075106,0.06443984732385657,0.028775441738252992,0.06342257946839767,0.13712500823894516,0.14013815463051776,0.03665099351783283,0.07397573374760053,0.05382785920519382,0.1321441415159756,0.14629302000939787,0.25097287825066367,0.12488506535300985,0.18851720042730596,0.026099525722383988,0.06576651687669578,0.05481071277463343,0.12532543406023752,0.0038325200446706733,0.006012366234262311,0.0034100756511179497,0.006991496874905764,0.01969657557165192,0.04758389597826615,0.006542545962292934,0.020092792837996882,0.016607145383022725,0.053317035305270655,0.002658337270077027,0.007484128495736399,0.026648650519200602,0.07529832034167128,0.17734881480137119,0.31507746267513415,0.006858319281491276,0.02139923011379391,0.051411504627321844,0.12401245182341977,0.022580914484024106,0.07587424860096967,0.033161134662805125,0.04800325217473546,0.006611721598528675,0.013658493146044105,0.00478350706071069,0.011909986283203717,0.026547889366338496,0.10515706507382594,0.005171024735318497,0.011145864339459235,0.14990732118021696,0.18905810428127037
race_ethnicity,native_hawaiian,17,0.5810309245305902,0.15591036051063598,0.16577492066083804,0.25499496539786287,0.0012391491977990989,0.000592994806580742,0.007129653695943382,0.009849718902173614,0.033736523898208845,0.06119956153318191,0.1410053878584329,0.12783629466110322,0.025468887398293352,0.05084417209370177,0.035363002050229735,0.084535905028899,0.1666003024969113,0.2628954793614675,0.11611385432907435,0.19626615281388576,0.024716000709518352,0.05305647883736306,0.09721427136922584,0.21261747400146466,0.0036542463657336637,0.004847787091181433,0.003275810999398613,0.004278293810372011,0.011347577530507217,0.013960498626000772,0.0029480985848589197,0.002654684356054635,0.01023604312007699,0.012875253629333571,0.0035592721371144496,0.007307334372829828,0.012074961042826009,0.01870293204122393,0.04140952397274839,0.15605407403595947,0.0033479900362983566,0.006247131256918137,0.032651565845727044,0.02988739113530917,0.06464739048939971,0.1338087867941179,0.040078544879660886,0.052293533159215505,0.010315693565644324,0.01743359559056104,0.002973010325256516,0.003129553163968135,0.05449423900641063,0.19580033073460446,0.002846112385775675,0.0017557822217477911,0.23626443130128524,0.20944483997722405
race_ethnicity,pacific_islander,17,0.6141826107221491,0.18568110110156716,0.13342363999553902,0.19749938525867017,0.0014792966437252128,0.0005630206902488433,0.05447170140413458,0.1428612983199918,0.03821680901626892,0.07541975319287327,0.09668256279409808,0.08681932452165152,0.08990870983175495,0.22707209380755042,0.19320178685901576,0.32705484604968604,0.17246345368980923,0.28006846575341315,0.09219646846587934,0.15436781127580015,0.01798135629745529,0.026502198764223654,0.02436592655859011,0.025416881307110468,0.006748645336997202,0.011750482121353592,0.0036075969161602725,0.003853549759161433,0.010305022266145577,0.009630868275283252,0.005933421954978257,0.005130309510427933,0.008349270032554427,0.010913409914531578,0.0025904255042619563,0.0025023650767804777,0.014834280738689224,0.018652574732541193,0.010232997325468151,0.014590793771386345,0.008006904885405675,0.014757794109422278,0.028700601158882764,0.030939690748920026,0.06675697934277945,0.13280331148179084,0.033247705672264975,0.03040845802792955,0.010544466631151462,0.017592917632670187,0.003908078057814718,0.004074045610226027,0.022793768329874557,0.05553115362433118,0.005265917882378048,0.0060529106027695945,0.18932396732270718,0.1956378115893991
race_ethnicity,white,102,0.6587260678118351,0.18650846596056575,0.11642508167663917,0.19940613207588628,0.0021450154014803725,0.0028430296150986187,0.02919129223800173,0.10877615317954756,0.04510468417806003,0.09267477504816565,0.1271003945274096,0.1643182297085585,0.026714960229583085,0.06269411292150874,0.09586595795083079,0.21213132116881356,0.11645026795118682,0.2339751062239161,0.14973433604053057,0.23786537742009944,0.028057006598614594,0.05624387014659025,0.04964101649181662,0.1145856765152245,0.0065413090073978344,0.01533934452869853,0.0027072256306578933,0.0039764257916582455,0.010906346375407999,0.01588080609746246,0.003873892309653171,0.00957527987842308,0.024562562490281575,0.11056962885006207,0.0023786598304629,0.004535865629797003,0.04334914578837069,0.126924685205428,0.19126134420438057,0.33659661661958534,0.006041914736794983,0.026428013852889818,0.038898999503740636,0.05821392205429891,0.020890144246782167,0.07158900390758613,0.03153423166961646,0.042677842623498434,0.00749229708333801,0.016944404099111444,0.01324554662506653,0.07580173427904573,0.03377141630249646,0.10681706936270903,0.003316817895335821,0.005204123648847778,0.14852301008981086,0.18775782941826763
religion,all,663,0.6377422992999737,0.17038485938496084,0.11964079868907058,0.20749936815866524,0.002107687088385924,0.007620070240066329,0.013332915350611829,0.06427811728238257,0.02773510761468406,0.07187946895841629,0.17297727909208827,0.18690812119011424,0.042006573875889124,0.10732380202679763,0.06972935174006778,0.14983529508385052,0.20380114591533852,0.2952262556450973,0.0946604729232169,0.1836628523237238,0.01949732958428354,0.059823601324545325,0.04423021537453346,0.10573031632110123,0.004643573258900917,0.0231699593140458,0.0028589743307684892,0.022414978790636208,0.02214951015389728,0.07490639983458854,0.004232902671466828,0.03355829482744791,0.020888541560371787,0.09010519285517876,0.0016020538314258986,0.004493941847054468,0.027356105084709408,0.07817876900595933,0.10645025339109969,0.249694962654447,0.0034943126523447592,0.014512290231723263,0.044223626130710035,0.09235252033177,0.015426211715422165,0.0640536519538708,0.027351275747670014,0.06339494674108902,0.005415064033532977,0.011363885416685366,0.007215979578369262,0.044434664873531746,0.019075935194655117,0.08548142207762409,0.0055385847878809185,0.03173820817168896,0.19437196583319932,0.211634296002289
sexual_orientation,asexual_or_aromantic,51,0.6070190562921411,0.19410018676538607,0.1574583202509173,0.2802728257829205,0.0028825414900019693,0.010149192514032533,0.01982612428757563,0.07691389822275287,0.027346807038959337,0.06353520833474657,0.13446645595717663,0.1493793900063983,0.03659259665565675,0.0654637180464617,0.09500324430957656,0.1985705365108443,0.12298980447596085,0.18515545153385257,0.14123868225964115,0.21428280605806854,0.023116909529027695,0.056832019065644314,0.049155382211228796,0.09746151617067621,0.004688693538043356,0.009861838401060651,0.0033078143537482794,0.009046486556483962,0.023499028154023393,0.1097480591557401,0.004190806576790398,0.008200621803760761,0.007784187625956666,0.015714346815884392,0.001767673602158788,0.0021322458395595296,0.02932435034673807,0.06164014843411802,0.10852819132874263,0.26272748221134895,0.005341004972875703,0.015203426238047693,0.031076971738252277,0.03621302412952764,0.026043291657640345,0.08164606341167303,0.033235546813218615,0.0480936248441254,0.008013250340203134,0.019552051476807955,0.0035690207105111694,0.004962324372946135,0.023410992534812904,0.0828102589378125,0.004321078642604726,0.009042517116580138,0.19643092679553756,0.21074545606559714
sexual_orientation,bi,34,0.6551921845358961,0.19839003111027878,0.08218323595493156,0.1606291217303562,0.0018480915117406232,0.0016543287747882518,0.006170569211997858,0.011112171639266536,0.03014309803599163,0.06359585090296808,0.13249831260455883,0.1823901561129698,0.057088771715130215,0.16024886439338473,0.16620111781829858,0.2590745337598774,0.09737914422465324,0.17633797745699542,0.06331881105228711,0.1810457421300797,0.055290328451733595,0.10968489326337007,0.040959197336205226,0.0908734000021735,0.0037379573725903515,0.004701658548907086,0.004019615618316867,0.005297915681047407,0.006776050245046944,0.009747911070494346,0.007541545118061442,0.013777608255313803,0.004014036530005636,0.004254040195895826,0.006704831209122751,0.019678084012547,0.026008295773542214,0.07276926354325292,0.1829111606673584,0.34582066280449447,0.01896715000475524,0.04153561090327929,0.018045984982403323,0.015492305115620551,0.010376657264286597,0.04943674907335291,0.042069255360676086,0.05687799095854693,0.005264326298749759,0.007844029131840723,0.021280417689601618,0.08524822649677875,0.09376915849176892,0.2056036787286976,0.002931790268870399,0.002380824919752097,0.167739597888773,0.19159187536993194
sexual_orientation,demisexual,17,0.5560447748969582,0.17415026944887355,0.013018031940138078,0.03377545568019631,0.0012616320660419982,0.0008217407046925862,0.007348501335774713,0.021422202101672515,0.020946415962980074,0.05176994975606297,0.16321196067420876,0.16905713666886438,0.016979652169324896,0.02183590669917381,0.14776918205761297,0.18510150627275085,0.1950845340924228,0.18681845473242129,0.04819673959247987,0.10274716195965078,0.01829827722737237,0.04416910852818777,0.059213448288467,0.17661376722505084,0.0023721905616933808,0.0027551364901997775,0.0012597059043507803,0.001111462311068314,0.006251165896708912,0.007893767445574322,0.0032094893566168405,0.003043986844885179,0.0014572125219274312,0.0014136959142145623,0.0013047462373780197,0.0024904864477728675,0.009772371380891213,0.021510367502071866,0.051242747494731754,0.15717598136546843,0.009249091786948745,0.0279363743141424,0.016506373526199776,0.015349628852068212,0.0006823739814161159,0.0009370012671336442,0.03552719254923217,0.03169487345606957,0.0019891254855525296,0.0024495794987236183,0.002808740355677026,0.004296057690914197,0.03645593919517363,0.13193263966799906,0.0036504382253898415,0.0032422504044295605,0.3399367799215457,0.2680936642412744
sexual_orientation,gay,34,0.6405223480918828,0.22046263440856453,0.1149627985432744,0.1966303584174542,0.007895424739485058,0.03704479883075629,0.005716640289927668,0.0035347240124109195,0.013163718545590253,0.014113456185470316,0.16059254854917526,0.1609752485977443,0.04369248249841964,0.046034356612333516,0.0894424558877397,0.16066174495455818,0.0906014542980462,0.18608067251422583,0.17978159740553512,0.27040507249621837,0.012640615486923386,0.015769711103743075,0.05103733848013422,0.16166762880278784,0.0034291092272135705,0.0024084252238153305,0.0029180746950099572,0.003516423006364217,0.01165571900577668,0.011604130934591741,0.010275170924347442,0.035228657753669144,0.007173359652583981,0.005964492829035329,0.0025845753501498084,0.0025920711239903237,0.04956856359015493,0.12095826007495372,0.31885928635293725,0.3732608840555571,0.013824338221799253,0.049145082672669364,0.041132233256255,0.036814445021358055,0.027421454878469163,0.07400865849875221,0.02958650576115093,0.03112516765984147,0.009130614688140614,0.015239509462736523,0.011667997742359363,0.03454623146511642,0.023965389842701638,0.04723356908809291,0.004313282456303782,0.008392377210130104,0.1151020847096601,0.15277624514151117
sexual_orientation,lesbian,6,0.5442832758029302,0.2634371814610997,0.10942223120946437,0.22526422039249275,0.0018701720643245305,0.0014108907443214005,0.049924396676942706,0.09784337097131056,0.10215407718593876,0.14593571418472967,0.08355969873567422,0.08234017714158537,0.015319248816619316,0.005973316121550662,0.01408389265028139,0.02539785817369687,0.17125321303804716,0.3595775180320545,0.14160689779479677,0.33073552867943273,0.03703137875224153,0.03701075682397951,0.06963416662377615,0.11299197440411787,0.006900487196010848,0.006326045970099375,0.006908774016968285,0.008508736086238628,0.00958519302851831,0.009330622631586055,0.0040497447092396515,0.0038560422768934228,0.006942164114055534,0.008262996138952216,0.006995512880772973,0.012541934802172172,0.030292916131050635,0.03779600230383653,0.054479147035939,0.11231123177466307,0.0036669228332660473,0.004531724724828343,0.020117050192008417,0.02370629394206832,0.048744360195996705,0.08137786072179459,0.04059176341009637,0.04799515109790022,0.014816403010627255,0.023663146768728847,0.005440350544328491,0.0057228783161806015,0.056521178766464196,0.11792975232868787,0.0033838467546350635,0.0029347050195828043,0.14025593611101309,0.13459757942890027
sexual_orientation,pansexual,34,0.7014947603730595,0.1638365217459739,0.06709127189071082,0.1303966123870395,0.002813578615827924,0.008049210755673256,0.024339986572158523,0.07915944888886678,0.03789859493126107,0.07495629020707907,0.1655189413988196,0.15590151780205194,0.09096777641132255,0.18372510521549454,0.12889525609652458,0.2820598847515676,0.056647322352920824,0.1380623924250097,0.07160272032899015,0.1392520409841743,0.010343795491601615,0.017017746101671255,0.058514161220313436,0.12834665163243916,0.004353754460359649,0.008686562241617776,0.001217390014704399,0.0010832101516981079,0.03001761866343098,0.09889855929757808,0.002542913898223025,0.00173322762092258,0.03290695796878187,0.13700471067769737,0.0010464922067031318,0.0007375297838274272,0.07896636678111356,0.22213674007468864,0.2598064006066552,0.3680492800827053,0.0019730717664488647,0.0014329672005647393,0.06841567241559353,0.14157267187375974,0.0030557889767806046,0.0053032140054883985,0.02673585560884984,0.039654483749969625,0.004801844736314653,0.00946483956669038,0.002693307726397453,0.0026039443585693747,0.005198487866437063,0.006472949282597339,0.0024729791017735433,0.0022715335514162066,0.19887906578643358,0.23395873954312546
sexual_orientation,polyamorous,34,0.649381011724472,0.18144197493295672,0.07657073561602053,0.1470285662499345,0.0016786063172142295,0.001062512592467266,0.009091260257478365,0.029108182770972095,0.022403053514768973,0.0563202509050535,0.1668212694554206,0.183366745720838,0.1168511739336228,0.221735206390031,0.09601183140458648,0.18049995941309116,0.12739618025165433,0.23314563504566962,0.06588989343863967,0.15389710276981258,0.012365068086450371,0.017256546580414266,0.028333189527449364,0.0598107277579727,0.00265359235002988,0.0024780766517436925,0.0017135683584081777,0.0015978878723921558,0.02056812770966002,0.06008811670582661,0.0054093796643428504,0.00970673436785524,0.008111512075308436,0.012077311031079008,0.0026047374549842276,0.004376419358940462,0.051701997971737426,0.14095198329001749,0.22404606238106842,0.35287705755108706,0.011018127331386922,0.03645602433489153,0.03310589369057732,0.034008360011495424,0.0042353359783780485,0.007907380672722671,0.038220591952695566,0.055291841928054475,0.007067809246911886,0.009351862680717294,0.005077950445839259,0.006987329885353269,0.032701076422681045,0.0821675353951063,0.004848434968153015,0.009236807238366784,0.18478361404884389,0.19636120956105554
sexual_orientation,queer,22,0.6200392015955665,0.1720186444838894,0.12061016948957165,0.2308178125097824,0.0018330747936323116,0.0022360273417801344,0.004255600543481044,0.002552722463970905,0.014790389157662337,0.015859118708464414,0.19292162075130778,0.21730686842349844,0.0771324206461114,0.15783478493959224,0.07793547625822778,0.1764920047228479,0.12917351769547994,0.21760308690660934,0.06699798489518632,0.1430672015553012,0.02446890224448659,0.055996882012726706,0.028606496306813577,0.0660043748788157,0.002698599485235966,0.002089176829672519,0.004650482090338218,0.012257837473477386,0.0433337300544901,0.1567228654274619,0.004775237651880492,0.006182373129442866,0.02497791866136884,0.09851910917825028,0.0022111309226602316,0.0020095752822499244,0.02017982401461764,0.03880348251697469,0.1576881073256531,0.3003499178095101,0.008731017606227066,0.022364734288484286,0.03177767318927429,0.028311973724306102,0.019962626713095233,0.07535663559546964,0.06594448623416777,0.14305228477669438,0.007528860844269564,0.013949819784522213,0.005542542346202853,0.007615708666905455,0.029097080960954456,0.07296469670439888,0.033597662923222575,0.11984404219507275,0.14347896407443014,0.14188552335917523
sexual_orientation,straight,51,0.653534941813525,0.16043770638490057,0.10389096607846737,0.1997021897098058,0.0027445249183003007,0.004348452101219063,0.01457722574317207,0.04946616182391723,0.031978311971304754,0.08277312858078247,0.18446149631385125,0.20229732713530763,0.043316120206487965,0.11048331922061988,0.07458174377953743,0.1530887423862566,0.14183745151796542,0.2310773814670532,0.11343318347901325,0.23726067168815754,0.016600564355030656,0.02814237554372901,0.05091481260024011,0.11628241261889309,0.0039016952836319952,0.00622194511842635,0.002338871269089663,0.004068769036337441,0.018855331689872613,0.043559325987061095,0.0033046834572565322,0.004175006847393986,0.012718578885017219,0.03173664901902013,0.0030874137654809245,0.008629589366202207,0.058054026717310955,0.1603010035423377,0.21600177230806472,0.34439892923599535,0.0032193569726694155,0.0033794015951853556,0.0328941333162434,0.03214482445711945,0.0031958097455322323,0.005677613641412825,0.03835639760683419,0.05855856380806362,0.005267356286126682,0.008457040615040457,0.030282326907777758,0.13314210708345428,0.03886515205821899,0.11878337130344023,0.020302215793658523,0.09343718816045511,0.14491768256195037,0.17271095920573284
socioeconomic_class,(none),96,0.621508990569661,0.17588669797738915,0.1294886509567732,0.23474818908195505,0.002049736030130589,0.0028881503799896924,0.010846752012488045,0.06322505698817778,0.022570543211865395,0.055507492404480316,0.14021813400904648,0.16293741518127494,0.03829710961205516,0.06369556571674345,0.06367096787956446,0.1258974250648314,0.1426306212279087,0.23001890731871527,0.15362733472587328,0.2454171829020083,0.03672740091496962,0.09433354392602836,0.029602075194513116,0.07578746645849196,0.0022548754034990757,0.0030455124334059294,0.0019218478416102396,0.004022954049395079,0.025371487914829533,0.08843655394481775,0.003669258681232653,0.007412980239220106,0.024238334366903775,0.11275123714899989,0.0016030250552224363,0.0021678410313795663,0.061693427967232616,0.17353449413916067,0.10211980172895589,0.2490812962956938,0.007629450785619459,0.021992155848350042,0.06010132191052738,0.08011255776078925,0.010465568665002442,0.04668286692191635,0.02867720791255124,0.057713959005104,0.006512885799111245,0.014553982957133895,0.004110796928822917,0.007177066090811808,0.027492377931897256,0.08150364595044217,0.002895355022398386,0.0026019946199111396,0.18919232785022663,0.20835173808129365
socioeconomic_class,below_poverty_line,51,0.5707156681546978,0.17996959588897188,0.10085196313950434,0.23357372062345194,0.004992728035979192,0.021077360004282633,0.01421825935169324,0.04363237793955224,0.05389411693584977,0.08196735436026127,0.08540642983736653,0.13092369296841988,0.07174448336602426,0.14905046895425847,0.02805426329209962,0.05034265510209339,0.05480453890221029,0.11229249519534094,0.1898226580358859,0.2703808068446677,0.11869327863678336,0.17660570630585568,0.05898635439556457,0.1007772896622098,0.004366734821815044,0.00502515410161781,0.0029237715204419824,0.0034405835430064468,0.006689191028343367,0.007875048905640596,0.004232228020270008,0.005611843089485451,0.01900007449890551,0.06015692851094714,0.0027708650033637953,0.002835560157723303,0.04481487373784915,0.14333289201589286,0.08892789863931089,0.21116435975219072,0.00927122201092596,0.01468946267979566,0.04218622408898584,0.041221718290132846,0.00536106220376906,0.016830836169971785,0.019879481143445944,0.02097384667503437,0.006642093255946997,0.01600733152035292,0.00631018814245038,0.0068733295254606985,0.09142668574464087,0.15702759900200736,0.008837625927602252,0.047854117630017776,0.1479718433419133,0.15931273020727346
socioeconomic_class,educational_attainment,34,0.5717766372596517,0.1586592594390421,0.12116776106139536,0.23442588508042664,0.002778988850289298,0.004735178222515495,0.03204421260264045,0.12389130023703229,0.06008404028355418,0.1268964244264235,0.12779280496761203,0.1495099050434537,0.026356880000093952,0.03656195478755591,0.11640102081069284,0.17597409892383803,0.16964902064886273,0.2540289754330828,0.09017061954192981,0.17934073517379925,0.08151067588615286,0.14780440092092542,0.04899252238957321,0.07001171802828264,0.004975734448046698,0.009142046009582187,0.003646427227067761,0.00731082214162074,0.010962083359652966,0.017981863323877554,0.0035860563118202504,0.003991855338574261,0.0042716150261078245,0.004942826078500825,0.0017629929934628308,0.002105841207371864,0.05700151065213825,0.18865904908479192,0.017788158760488254,0.05069736244111298,0.008769559353822842,0.01593361979629715,0.03175797834581531,0.037273645086893556,0.003091819447410457,0.004742960245926574,0.022136105142314646,0.022480529213933613,0.005467006821538021,0.00920888253690613,0.0045747628105078444,0.006330088636823673,0.05997210769804523,0.14268052711869586,0.002924375720527571,0.002491634474922537,0.16244322729899602,0.17603656448661717
socioeconomic_class,middle_class,17,0.5124511438257554,0.1342247197219226,0.10643240793690305,0.18172478630987446,0.0016619146678268032,0.0015928010348448876,0.006177686045275015,0.00707113079642498,0.05065216623958858,0.10398493375713487,0.12949639931321144,0.1802162338189475,0.03625272701302653,0.05826348520241958,0.06448221891118652,0.1253580500080583,0.08485194263801746,0.16179523050337594,0.16404123017427458,0.2181790729220358,0.07092790993149667,0.13379670073309877,0.05581996751510922,0.09271809563475734,0.0030490352895439546,0.002498665846642916,0.0026516919520765763,0.002851326217526289,0.011947997705326141,0.014780061312065707,0.013511478525983608,0.03691662434106639,0.00406053990317399,0.005262407156600874,0.0019266497042468365,0.0014124208303695433,0.05199861795956488,0.15724211162093857,0.045759254850803274,0.12701133623054178,0.017778160445981055,0.05038803383539927,0.06148398049887927,0.0864111117060002,0.019109691351118004,0.047864945115752684,0.020911206436507842,0.011803238588209038,0.005476922296699794,0.007200888797522086,0.004319620883667513,0.004031280274276955,0.02768811392460895,0.050295699820196216,0.03944123135742677,0.15370726868785395,0.1755015296751962,0.1448322542235334
socioeconomic_class,upper_class,170,0.6215246019117973,0.1780742945208314,0.0862812823657056,0.18573463526285877,0.002413829684476642,0.004678220748234769,0.010883608389892342,0.036706876555867296,0.03875311703065082,0.09383901707927148,0.12675748765194678,0.16368091326291995,0.0425368223373559,0.09300269304249241,0.08489046653986032,0.18532253606197663,0.13048039992110502,0.23163920094983412,0.16626138012849398,0.24081339223944762,0.030549749377293184,0.0668153604962054,0.03703918446896269,0.06997984436619534,0.008858640163945143,0.06405758160100065,0.0026480008734164158,0.011827062006711197,0.009507057291236432,0.012504446747395665,0.0030034948006847544,0.004579256272493521,0.006922165978432852,0.017790810944404826,0.0015430294856367468,0.003006742519062411,0.07633917002890753,0.19824367529783485,0.10984769284841604,0.250094476588584,0.0036997217488105353,0.008211452402761953,0.051165457703994915,0.09032079224860873,0.01095094916619179,0.0491816529993933,0.01940118015387698,0.023877246834994904,0.008499220527044278,0.017822323056562575,0.002922673172724899,0.0038818632137941995,0.02110126688870985,0.08555242247329434,0.0048407699941034315,0.029792807450773572,0.19882653767571729,0.22018344697539
socioeconomic_class,working_class,34,0.5721203903941547,0.16309081165403616,0.09769103659303202,0.15065727798027648,0.022034960246802418,0.09429095599659067,0.04311377918244997,0.16003238068504522,0.03929257005288759,0.08261924112952136,0.14517419611322968,0.1843089559861946,0.06099953540080391,0.1246610283521054,0.0566784232539837,0.10716467051238786,0.1426415109941873,0.24361134926897085,0.10739934292060378,0.20839223694561226,0.03744195241426282,0.1149932526897794,0.026291992214015302,0.04035351129013028,0.004603201364208122,0.00872627626396412,0.002383476984772749,0.0027881417689928274,0.0627301647208001,0.17898412931274876,0.025260340560207088,0.1262363982105634,0.007331844652071595,0.013556254540446953,0.0021425337429665137,0.0025011529820796095,0.029996948374900967,0.06423478825548493,0.05264224220574012,0.16417347049088957,0.014640257006035159,0.056993543536588864,0.05629466021406081,0.08192536589295578,0.019822934035426655,0.07159255091384516,0.03341032735154252,0.061551627150308076,0.0070572132210466355,0.011481572384609446,0.04802655062624527,0.17898003725154452,0.026374881715609637,0.04255188411159363,0.005213694376460112,0.00966743220328994,0.1495927166303291,0.12705853131948508
