axis,bucket,count,mean_max_emotion_probability,std_max_emotion_probability,mean_prob_admiration,std_prob_admiration,mean_prob_amusement,std_prob_amusement,mean_prob_anger,std_prob_anger,mean_prob_annoyance,std_prob_annoyance,mean_prob_approval,std_prob_approval,mean_prob_caring,std_prob_caring,mean_prob_confusion,std_prob_confusion,mean_prob_curiosity,std_prob_curiosity,mean_prob_desire,std_prob_desire,mean_prob_disappointment,std_prob_disappointment,mean_prob_disapproval,std_prob_disapproval,mean_prob_disgust,std_prob_disgust,mean_prob_embarrassment,std_prob_embarrassment,mean_prob_excitement,std_prob_excitement,mean_prob_fear,std_prob_fear,mean_prob_gratitude,std_prob_gratitude,mean_prob_grief,std_prob_grief,mean_prob_joy,std_prob_joy,mean_prob_love,std_prob_love,mean_prob_nervousness,std_prob_nervousness,mean_prob_optimism,std_prob_optimism,mean_prob_pride,std_prob_pride,mean_prob_realization,std_prob_realization,mean_prob_relief,std_prob_relief,mean_prob_remorse,std_prob_remorse,mean_prob_sadness,std_prob_sadness,mean_prob_surprise,std_prob_surprise,mean_prob_neutral,std_prob_neutral
None,(none),16,0.6633527334779501,0.1484367979379721,0.19861862362449756,0.31900172809899824,0.0013016585780860623,0.0009866236107586883,0.0027524034594534896,0.0013765274829906013,0.010379268846008927,0.0066091227377791,0.1958413232350722,0.2043030260397708,0.04421877690765541,0.043446488670744784,0.048111378237081226,0.1553399102586236,0.09635352091390814,0.19205570521959023,0.11756360752769979,0.2402000161438457,0.021157323390070815,0.03990341371947301,0.011779605702031404,0.010824972996224683,0.0020908595943183172,0.0013420886592994147,0.00134736322434037,0.0013434795870047058,0.006591188870515907,0.00585825005449303,0.003068421756324824,0.004077113335783545,0.00878571398970962,0.013765729776336439,0.0031157047942542704,0.005610322915884133,0.00985829647470382,0.014181958331001656,0.13668563951796386,0.2780694476163716,0.005685892772817169,0.012625703106667446,0.10557236151362304,0.19014523718787132,0.017052675128070405,0.05154957675363613,0.0316813682729844,0.03883003607535673,0.005844809578775312,0.010688538250405477,0.003508780740958173,0.004708347254639496,0.07832114533812273,0.19976580148869008,0.0031573989563185023,0.004649116671844992,0.21499333623796701,0.19805635712530975
ability,(none),544,0.5937768883784028,0.18431301310320963,0.11318000619939994,0.20842044056449754,0.002820626860097143,0.022007791953724903,0.007902542851993263,0.031834354668244795,0.0368363784509711,0.10573801801831571,0.16524070249408182,0.16805708136806102,0.11746087273690244,0.18971103402602113,0.0492487119317957,0.11000184614510061,0.1280685150713372,0.22117999748212214,0.0631155627701553,0.15955576623303505,0.038208671411078234,0.08118970958345688,0.025176863872355383,0.06633913560813773,0.002982333241508219,0.008719589316893312,0.0030087102623731292,0.008236940024085045,0.011732229267128039,0.05276265919550418,0.007369901806990075,0.03829493046737661,0.03684215040836053,0.15312772380516257,0.0027916069396483447,0.004189429675528336,0.033289610267756335,0.11769911786051204,0.07444079485904855,0.20821499943558583,0.012303946029693607,0.03102978329086037,0.03909455769055913,0.06729678133054252,0.009452508876941412,0.03856948246438701,0.05491448509008692,0.09851559125457562,0.009825732483531122,0.01821946142308033,0.007234397241892807,0.03853354953707171,0.05088866086289807,0.13293450451631467,0.004818464571679428,0.021137485814979477,0.2146693952184732,0.20534905320085797
ability,auditory,68,0.570657276931931,0.1815392693988838,0.12108913640087635,0.2149583298585416,0.0014668736968066216,0.002482570268101625,0.004611350258261047,0.011000488069526233,0.03323241179425489,0.10394752194568609,0.20275801618802636,0.17524223374719103,0.07340080311747871,0.13287693627377897,0.030067133946645567,0.058700066607514576,0.11335045814827455,0.23236897010251106,0.04815018785131328,0.1328916062658792,0.027025144411976832,0.05747231746258374,0.013708689452066799,0.01900785487190316,0.0021830550352152545,0.0023329818081663043,0.0025646672057679527,0.003785215372623987,0.005650894219904919,0.00811753078036714,0.0036514311933013447,0.003910399609203914,0.041675522199297765,0.17360187849501277,0.00309652634720859,0.006710957792508006,0.029252097483121735,0.08465213817169007,0.05822375635376803,0.1846651192473855,0.0060366158690800045,0.00916362975839323,0.02684472799848984,0.03751922119884636,0.023198124324206967,0.07130485916427835,0.08177709406214383,0.12413794461476124,0.013832194497380816,0.02202258239548252,0.004294149777492481,0.007957357792700822,0.040204480469743856,0.1313526398172835,0.0026551150645793636,0.0034938407127248507,0.2621805320959538,0.203623630358643
ability,intellectual_and_developmental,17,0.589318582240273,0.13618190620971812,0.11823505115257028,0.24738837728383364,0.0010360992181470945,0.0007004919075365802,0.0026796118712381404,0.0025083642341710614,0.015383243012954207,0.02044635033497806,0.15719398768509135,0.15751480652870894,0.17681174536290414,0.2586654579459213,0.020565564408624434,0.047277964876066,0.11948826002395328,0.21165869285066952,0.141447669134804,0.23328013300271713,0.041206140865517014,0.0967211486377851,0.015601805520846564,0.018539289082596225,0.0020851046394775898,0.002278742750121078,0.001325030581724337,0.0011304567953637685,0.007524394923273255,0.014585815358532839,0.003356841122320689,0.002425469209342139,0.018117499167976135,0.04499757161479701,0.0022342752473538414,0.001943871724692938,0.004960399874321678,0.004920299950011425,0.04432318593128858,0.14270709127747194,0.0057719094089835,0.007501540532736024,0.08436690281857462,0.1673037850984685,0.004186343925111406,0.005674417620702354,0.040748427622020245,0.04776248688389376,0.006961672170505421,0.006011482243226948,0.004145260051111965,0.002981485936510892,0.03126346603761811,0.05062136239145179,0.0017789201331598794,0.0015130837489525878,0.22529310283853726,0.14794823123811418
ability,mobility,85,0.5680731243946973,0.17990516033284765,0.08418646920540863,0.18381224971059099,0.0015693362295518026,0.003254614320526889,0.01887001871227232,0.08812050688924285,0.04742065711385187,0.12541025683844195,0.1495738686665016,0.18157907169205548,0.08157746421912794,0.14967502226077037,0.0421743831878035,0.08345339383641973,0.13361747816259809,0.2141002855423538,0.12686696034883532,0.22379276985373497,0.03766644284786547,0.07592159773314959,0.021697930495857314,0.04428793037906058,0.003372230478014578,0.005532169800259053,0.002504286014557104,0.005038269244168455,0.008129651443211034,0.02216088480379373,0.0034587776452741203,0.002958711047677077,0.027756759747931296,0.11905154095215827,0.002702868835801971,0.004386519644552575,0.015415851756081204,0.042335334402749586,0.08248128467581838,0.230448408260644,0.005871876825489487,0.008005131743916047,0.044570861310314604,0.0468176386640088,0.004601418516754433,0.00823005252615576,0.05315757171415231,0.09720441332390051,0.008195542957743301,0.014389145614890918,0.008173148303552914,0.035114486170086855,0.052222062630907576,0.14533920537378373,0.0024472711515366374,0.003258553823002559,0.22615981267436464,0.1817850746572984
ability,neurological,119,0.610965721371795,0.17982528846837142,0.08222678080866379,0.19389471862175886,0.0027292252326493755,0.008303155551103544,0.0031749051154254613,0.0038512936543417895,0.021608675788978442,0.0452492851616691,0.18957807084921152,0.19090744403872512,0.04436998311068252,0.0975377116154041,0.04632605481090635,0.11109678263723909,0.13919693527218863,0.25135769589264495,0.06816376006708112,0.15675734443963293,0.034067346322146724,0.08386653965471612,0.021131257989302966,0.04591054582574029,0.002467440119396676,0.0022792622218756535,0.0030775748608054734,0.00481509717763384,0.007353517755879746,0.016824162701238935,0.0058189588386131095,0.011333947071598002,0.026761526308910717,0.12868456797635486,0.0022677448021782122,0.004208378408417092,0.033018136114281206,0.12618053590484984,0.07050674740457907,0.2189845153022365,0.017386428289545383,0.0596596674106826,0.027940775679635713,0.041501027832684646,0.004221066337716159,0.007920428248698338,0.10126742433967899,0.18197917385813545,0.00804693107613061,0.015924066371980163,0.0034672538696068236,0.004299969037459133,0.04445710314482748,0.12173616086351542,0.004771812231242735,0.010339454058673866,0.23891459981433483,0.21500587452051081
ability,speech,51,0.5437818800701815,0.18217303400744303,0.03678898285736567,0.11163889109243856,0.0013263368960264523,0.0012266811272479909,0.017096566770216634,0.06282443949733174,0.06718529223957483,0.15706010907226828,0.1142068706891116,0.13581199600853242,0.06837559762803436,0.0910717065206014,0.08515466738026589,0.16168908606660723,0.12140629393066846,0.199065023496827,0.1156343667306846,0.21722865528853877,0.0530705595886627,0.07774265840450993,0.026746192682242275,0.04846063988192101,0.0052846316385137685,0.015022958397085916,0.002779660654007731,0.00362164260782911,0.004648427259834374,0.005517817218734706,0.004980117321133102,0.006467108325553201,0.013216411081421207,0.0788275923814079,0.002767104042611797,0.004140019753171411,0.018183688863691892,0.05256518298709856,0.05201980925516645,0.17777698710414508,0.013222496571389082,0.02387069004124402,0.04375881731838865,0.10013878079427717,0.003223932833540911,0.00889106902933931,0.031455379239666986,0.045768104600073536,0.0069392576098085985,0.019943469161898597,0.0081542193474175,0.02207477976803245,0.07548148730112349,0.17693476135523276,0.002457152964209444,0.0031185911567646295,0.24739220787716262,0.22668293559086064
ability,unspecific,102,0.5807238313205102,0.18650241892819613,0.06918507412546222,0.1408915364196173,0.001994086619507631,0.00326285098638331,0.00436054042188962,0.008374215573889076,0.022052152255805684,0.04868123438888855,0.18219081150806127,0.1837788666011067,0.11811973602287289,0.19162504397077884,0.03972969726915015,0.07484986555180452,0.12801646757311663,0.2269343984044737,0.1280231799070915,0.23890292989584822,0.03716751541736919,0.07035564305565019,0.023018684601137304,0.0423227793892688,0.0028249795497828803,0.003694549219124286,0.0029998407128504385,0.006991617407125819,0.012943396652083132,0.06147709683931267,0.00638608584224986,0.010461441422752415,0.025037810126805733,0.13548914641759177,0.0032819447124162325,0.004498789626264495,0.04385767718457489,0.1530973824621182,0.06540165866232094,0.19491496324950658,0.014405912888868638,0.037100593399593165,0.050998450154164696,0.10143431727553454,0.00622600483813371,0.01703870727915811,0.05543133232505152,0.08736208547954227,0.01061134120462549,0.01851876407233197,0.005726682625975752,0.010087059490218177,0.059324043796069044,0.12377038991355986,0.010387780898656952,0.057514489566334065,0.17883570207392468,0.15264242790037574
ability,visual,69,0.5661623028741367,0.17011118187949953,0.06607899742042375,0.1694542892491064,0.0013361959663334478,0.0016277748438017399,0.008644547070498053,0.04300336256826979,0.03536860790252146,0.09240941390823326,0.16668977743635574,0.16742689967456953,0.11101313758189317,0.17797506240847072,0.059845526229448456,0.10635895023649283,0.16852498519575168,0.24365695878225396,0.03662184972073073,0.10739971673413808,0.043182579049692096,0.09322046872473186,0.027004412297780316,0.07806597697403876,0.0052474283771859346,0.021872314797215887,0.002081772730520427,0.003364407213726428,0.007826398802074213,0.02112361089897083,0.0034719971080303894,0.00391894444451189,0.022584101565872264,0.11304280845385073,0.0018640633577993815,0.0025461647422900884,0.021822433717096683,0.09966618700218464,0.03350148317353476,0.13148768515807074,0.007015224940572069,0.011964872943310643,0.026796904520766027,0.026423791804196132,0.0024802419528883097,0.005314051217607694,0.05092543052455437,0.08663837624031023,0.0052376282802087835,0.00736437713072945,0.0033440634787953254,0.0039525822068595725,0.04136063773066912,0.10841013752101815,0.00324690314532811,0.0070066925446472484,0.29116261511555186,0.23535741154187903
age,(none),16,0.5487092612311244,0.2376655800108515,0.04287934355670586,0.11288075369704847,0.011119701523057302,0.03140273168553574,0.0040034390767687,0.004162640343755026,0.026364270743215457,0.023803205892246042,0.07301206438569352,0.06871304873220975,0.08404427758796373,0.2252196778458584,0.13155505085887853,0.18195757076598418,0.02867887608226738,0.05723761161104173,0.05503346181649249,0.1087878137704008,0.10677608143305406,0.12338022473684956,0.03296139040321577,0.040588069221184735,0.003022466928086942,0.0024821064205689867,0.006206277979799779,0.006421473778170433,0.005635203793644905,0.004224677671632421,0.008296472835354507,0.006874373209856743,0.06269625524691946,0.2385969080257421,0.0028516642887552734,0.0016976188430403575,0.01863490566756809,0.03829371233483583,0.041390672286070185,0.14301738623130533,0.02759628517924284,0.037198220545089145,0.07368302150280215,0.13953149834077513,0.0026541707520664204,0.0030173886119741187,0.1188331114826724,0.21406566496946514,0.007342544813582208,0.007898886108886576,0.01164654816602706,0.011889100287860527,0.05185920080111828,0.0632556489482866,0.004826323465749738,0.004779541022109162,0.2226587604091037,0.24680832070639486
age,adult,17,0.626343111781513,0.16720612267178664,0.12135795049834996,0.19243827296218022,0.004169736355406177,0.008565619661221173,0.0039275835083304525,0.004630589163678959,0.016951547469943762,0.022524567699930144,0.10442797352066811,0.10112979779077709,0.09969156865468796,0.2251718306821155,0.12819513019092163,0.23778724943337126,0.0753849662552752,0.1232832623391169,0.08391397775096052,0.17741813986409838,0.03699955493485665,0.07434215367819286,0.02214064955820932,0.045429487721378815,0.0023123853949501235,0.002451311816986453,0.0021434773310936768,0.002795346728124151,0.014026828000650686,0.03309572982778449,0.0028500915984349218,0.0030049428647978063,0.009811436544302577,0.025956254120769313,0.0025474713269538958,0.0042938058084082565,0.07403203947058715,0.21933258940424802,0.1899641034508343,0.32435734304247343,0.006375437201795113,0.012750979692365664,0.023109115057570094,0.02182550438880323,0.0025092461951049592,0.0028377594612975137,0.05770277111407589,0.1084455467629851,0.005817322142641334,0.008769792369048549,0.007148311637780245,0.016117165497981974,0.05349901046001298,0.13198169859788864,0.0033629385596962973,0.0036210770896458067,0.19987293294466593,0.19584822599982646
age,child,68,0.5870858137221897,0.1640166051014326,0.10825182191397556,0.21001903619975462,0.00437703373908709,0.010155123800898117,0.015289740595001015,0.09041595705885395,0.021888950007611558,0.057352465876287825,0.1267599454971359,0.11906976571017343,0.1428707687985426,0.2246136144653536,0.06944046875629711,0.10186477241437458,0.24323692198017585,0.2810611414831245,0.052287069729679975,0.10712678429030513,0.025481048158219305,0.05870970117648782,0.01337362184387851,0.02789677941272465,0.0026042335799395327,0.006129812469700159,0.0018157461167635012,0.00250840013154641,0.011248471348046544,0.01937557061816458,0.005581187517022686,0.00731070421268446,0.004928999169565299,0.015504322472542938,0.0028788307084623203,0.004230323961825467,0.06574832373606863,0.18305363138869132,0.09718971843882601,0.2270269799449747,0.016477359499463894,0.04013899566181816,0.02699021537623861,0.028409879548890585,0.00278246341205137,0.004075468028516873,0.034573470252593434,0.08017701586396657,0.007376492011591087,0.010544833223892366,0.0061675936042721495,0.011256470558007185,0.04921013416220804,0.11339605430408893,0.0037329779361778706,0.005871562069369044,0.17986828909145997,0.14764482256403783
age,middle_aged,200,0.5865226608514785,0.18865173498405177,0.09788200280308956,0.18664729422167248,0.006377425706887152,0.029458854151521385,0.0068157769012032075,0.02271640164700707,0.037353419376304375,0.10000413431790323,0.12450686714961194,0.14226757913584023,0.08644730197949685,0.17059024057631786,0.0744240060649463,0.13782963110761626,0.1633653120008239,0.23698231745154322,0.043215060412185265,0.12444888852476693,0.040719859442324376,0.08891213139949737,0.030940708675188944,0.07805479352550443,0.003869733778992668,0.02124296763274155,0.0027345479298674035,0.004466673290198507,0.01868739450641442,0.053163911777679936,0.00584305219410453,0.01028129200655552,0.025092193415403016,0.11031603609882125,0.00332267734578636,0.00650184606064605,0.07590735775593202,0.188851513203238,0.10366157992779336,0.24606888256021658,0.015904600587673484,0.04215978847974697,0.03709129221912008,0.09123157731690193,0.006514528965035424,0.027476249463528,0.044342627436853944,0.09171292859126279,0.008989830470090965,0.016986403935926393,0.008295280749807716,0.03172778560026048,0.05949070088245208,0.14021245894818987,0.014818529892654624,0.07728887724401733,0.18099062799941748,0.17843787787661144
age,old,469,0.6261991116601521,0.1867477584615312,0.13001019945308598,0.23763764069488455,0.007188594090749325,0.04266020141053005,0.01350293704693311,0.06933869795793678,0.02990088038204083,0.07467973220019747,0.1157221429373648,0.13619317801584885,0.08240713604871354,0.16798310393165858,0.05651473567808923,0.12107782841812985,0.14275878249176854,0.22085111562407708,0.07568077910540086,0.1705081702359527,0.030714026537598735,0.0694782987313261,0.0262441505657644,0.07154509006074182,0.00378756812559679,0.015652063701454135,0.002186603615120518,0.0038466706128488736,0.02724151302556962,0.0835812875065674,0.007248843334049785,0.03928586170214854,0.01886523685187597,0.08815977069085548,0.0031885752972684056,0.0057314112944394,0.1210595283434907,0.25774271847498026,0.11012655473177704,0.24238327412362934,0.01169660080433153,0.02881241182778094,0.04293945218016431,0.09561471226031147,0.0071600129194073015,0.026720610002846826,0.040712235209994764,0.09294439158769506,0.009651779282885516,0.016054847576083466,0.00457039628014242,0.007636776081670156,0.05713441851406124,0.14906234351505818,0.008532561673616459,0.040302893223554195,0.16031061946404482,0.1750223014658514
age,young,233,0.60040258459523,0.1920524005230809,0.11950862792679288,0.2338386507084019,0.008638504057445128,0.05216162779202575,0.005559407617515073,0.014849378959677135,0.0295234574404717,0.0748032338430531,0.10737202443030579,0.12971225322095742,0.07994823169528782,0.15484654265940925,0.06075657131659994,0.11308941485156586,0.14620425935750708,0.22707953584538343,0.07793437610949937,0.1772503585168737,0.04865926801693694,0.11118272523223449,0.02741531739830811,0.08426703896559744,0.0035293805447922694,0.016819106876173034,0.0025307817545483615,0.0041540417130357405,0.014857691569406691,0.02554232900401842,0.00874535124581567,0.05068040218586704,0.011775564153023192,0.07546604006415193,0.0026808894824440484,0.00451137259622485,0.09272570481205103,0.2242973529202829,0.10537108348216861,0.250379661301464,0.018325455466414255,0.058193592308369936,0.03322311852211252,0.05489023130256973,0.007323677855701303,0.03592933934588853,0.039378736858643876,0.08075755763082541,0.009263371718101116,0.016416225975692412,0.004634747850506811,0.0063744525089285695,0.048914750220050214,0.11457601847940993,0.0094654980510805,0.04792476192018621,0.18363487681717705,0.18345764176795307
body_type,(none),80,0.5561269499361515,0.18959730333658595,0.1067798486968968,0.19660092621749892,0.006586419690211187,0.023644446776937847,0.008408071268786444,0.02059730673982385,0.051008946349611506,0.11721550893869982,0.11884704708354547,0.14670815839595933,0.05751630709855817,0.10891469617249591,0.07990410454585799,0.14969643860247422,0.19063257095585867,0.24967053001694597,0.08876836334238761,0.17407635628821924,0.04101170930662192,0.07517659513344865,0.040360636968398464,0.09914701429010911,0.007632865529740229,0.026766976496832812,0.013533636210195255,0.0874044805854291,0.022702715433842967,0.07865991190213177,0.0107536559291475,0.04991211065224144,0.028922289291222113,0.1428937434731595,0.0019467211190203671,0.0021807957373583104,0.049332483155012596,0.14447106456031075,0.06765718832539278,0.18909035057664664,0.01331298549521307,0.03915711862386396,0.051820701868564356,0.10870598951942716,0.006736646045010275,0.02655569987612115,0.04472802584641613,0.08584070268583538,0.005289912180342071,0.008827754611540931,0.005273854594270233,0.008042709182125024,0.02399732981939451,0.053677264972890944,0.0059962489402096255,0.016209591558757883,0.19171865293756127,0.18521297782872023
body_type,attractive,187,0.6354806715632505,0.1926637862523261,0.1500470177345177,0.2216806876880776,0.00653597605003811,0.022228502739004535,0.008927678402680108,0.03721187846294181,0.029605695797269915,0.07938593826160414,0.13608636172926603,0.16204755110733704,0.06012329075082061,0.11282618000570632,0.0572774569444199,0.12927681451365347,0.13499822355679206,0.2285700332877334,0.13546695827100586,0.23144575389009545,0.0245201636658593,0.05646851271325485,0.034679323995117355,0.09382531585286459,0.0036740410905816956,0.009433222101623683,0.0028330953995620006,0.011966472261746621,0.024295532213396986,0.08079292410078624,0.0024101652513459863,0.0029313480535386113,0.009321381336539973,0.02947372489425194,0.00159052351729653,0.0021477654009166318,0.07874363625016223,0.1699003073000315,0.2208022560428126,0.33953461632077403,0.003503749102934881,0.006977913846462819,0.050343262056576056,0.10191904851393191,0.0049985591963596235,0.010163833708002496,0.0205534168539001,0.02971148683028181,0.0049758202415476375,0.007214357935642129,0.003421275710165974,0.005989508113247465,0.021586186789632353,0.07424767977012778,0.004870322272262442,0.021697809782158965,0.1479368956789454,0.16604088893800362
body_type,eye_color,119,0.6614060727488092,0.18382957180748258,0.13151070773660228,0.2263696173210949,0.0037014940528574737,0.00629332267128933,0.005994023658832175,0.020590274412270976,0.03346961424999064,0.10798976743780123,0.12158753163329944,0.12145729043484899,0.0432317347570025,0.09441727856305432,0.08440138687508791,0.16371285754700646,0.15577988578603377,0.24033401377792188,0.07238362268730607,0.16055623585526324,0.02422313448902564,0.06321659461963126,0.023404716142304556,0.06635209854677042,0.004559195899070014,0.022125359786358306,0.002660369641390167,0.005945578723991836,0.028276374876135255,0.09939129662342219,0.004477363313106084,0.010619476442838133,0.014714474600134222,0.08369965142654984,0.0019070587718679312,0.003580139199377004,0.09880044553556065,0.23243948829251476,0.15901646732074842,0.29844662811926465,0.005156694206569595,0.010785162503149813,0.052198052541313676,0.12356425907707635,0.006996335970319048,0.02357799233876492,0.04137534149648512,0.0825444352334576,0.006581309746374658,0.013425185113756836,0.0028323682241274844,0.0033433298598068537,0.028151501930796175,0.10615562386699001,0.013981461156151813,0.06752092642010503,0.2022103187158516,0.24819025101211045
body_type,fit,153,0.5672305238013174,0.17621774203003865,0.1384389792474632,0.23081579734418967,0.004156275235194092,0.01304332845700896,0.0074604300251748,0.025149770655730257,0.03226643860084461,0.1038213588141084,0.14587914655472037,0.15431622047693733,0.08167813099339434,0.1590786229953868,0.05423318063615809,0.11103614057281157,0.16379522832203353,0.22934504259871125,0.12181823916224994,0.20531786105691477,0.035722495667679,0.0921885043711873,0.01831142311714882,0.043735286833441474,0.003934709649316942,0.016800531239109837,0.0020431057839910044,0.0030638635847671223,0.023452990463352003,0.07038471383192199,0.0041761919409051855,0.006515202854552391,0.012115623693140162,0.07938077174208932,0.0019673505743578977,0.0024992138037865748,0.07325837653003986,0.19689321282826067,0.08161898212791938,0.19800505250742514,0.009399927777350041,0.024118425308324632,0.05094005940238537,0.08401145002238233,0.008144076117305839,0.027684857087498176,0.03701474863634098,0.07585497148248838,0.00914079134426311,0.01498648068429741,0.002987947171741147,0.003939421666136914,0.03073292422630319,0.07531933258965694,0.0034826778864953667,0.0066939677309496345,0.17234461732038292,0.14583314842073763
body_type,hair,595,0.6193039021321706,0.18521704942582032,0.128048031152903,0.21912086293503868,0.006255746244241585,0.03337449639075257,0.0071499991633718,0.03923726853727448,0.02495374022767793,0.060770504407101654,0.1321153972892701,0.14757801673026397,0.060603242985485514,0.13941982898561747,0.08034710061859668,0.15382379837977708,0.15147400713509082,0.23392323154612296,0.05736922967294622,0.14836749904061722,0.032510680660112375,0.08400147103990836,0.029484060802692627,0.07788994125026985,0.004759516947200334,0.022118776130562196,0.004798269669154557,0.027522789474831746,0.019467576942748994,0.06541377478990043,0.008084012027937496,0.04253006907816225,0.014759832678192506,0.09048831207176797,0.0019908807616819775,0.0034074854669642954,0.06831841513327667,0.17293577033912025,0.15982709707897216,0.3013657789129483,0.01296118201397872,0.045501960945648255,0.02886614962285306,0.05469680206973782,0.011616921522956637,0.049094705362010625,0.03835083687474497,0.07200883782808032,0.008393576795513108,0.020274847523372636,0.0045603478674927506,0.011778524770711478,0.028413442386893414,0.08475765302560614,0.007176860861926332,0.04330158035282027,0.20427879099460208,0.21524507724125375
body_type,large_stature,306,0.6133558733595742,0.19501411134227667,0.11632048649739267,0.206741032521686,0.005541548753492808,0.03440574269212364,0.008942692161665535,0.04657658185082318,0.02978301737487949,0.0863249397204312,0.13447133486244364,0.16003994606292296,0.0763994178759829,0.15533787173075245,0.06317270695875944,0.12051832383494755,0.15244819989815594,0.23097730124980181,0.09093153696610695,0.18521389936788674,0.04238484203804047,0.09660559631116557,0.022613574110056742,0.06867169789145011,0.003132051944632229,0.0054466932447367195,0.0028172581490080537,0.005267156655682908,0.017137224044121217,0.0608756133452231,0.011375059349994249,0.06327627061531338,0.035406434962484495,0.1587762213408452,0.002040454936445861,0.002701515218684178,0.041017380676588375,0.12620380340288145,0.13926253787122417,0.2922585752908375,0.018154225144588566,0.06103764539056421,0.036527589962169454,0.058558447062570046,0.005675457763406479,0.02192256806185151,0.034721804421328106,0.059529854544365,0.006264833126919423,0.010769261392640964,0.004388739986537675,0.006047369332060949,0.033946947748559754,0.0944122888092508,0.005794189130968043,0.020179718038924738,0.19277026475668926,0.2023652625492253
body_type,medium_stature,51,0.5871989966607561,0.1746645553405924,0.05598374070627067,0.12362684226307323,0.0021483943707483145,0.002528190317627435,0.011105305106064086,0.05081075117418875,0.04572905866228336,0.10950825047445453,0.1422716492750481,0.17984974126427739,0.051722562435886583,0.12790667455335178,0.09996827120217038,0.16267410223408163,0.1805693658431718,0.25191243551173625,0.05557963114309435,0.1506412118094626,0.044828186353769006,0.11538748601752569,0.03765788539678004,0.07594691996299803,0.0034830219679575997,0.007697264629053779,0.0023611108972188817,0.0036714387364475604,0.010555910566301249,0.02127019787499963,0.0029523157316040903,0.003570889400359083,0.00435192374896039,0.009996571088784073,0.001353095615723207,0.0016502927546562993,0.06221653184940235,0.1739779758812748,0.08914376378878859,0.24337296948901319,0.006178888330503148,0.013287732842135512,0.0219005377616222,0.022518585250006464,0.0027665389687742802,0.004489029431461511,0.04828736800061283,0.12144426692004778,0.006431673835750724,0.010118299562981868,0.002678453709414302,0.004109156407081598,0.017683912215836567,0.040074698842525326,0.006805240121263755,0.021156928545354062,0.2574297789959054,0.1958536824406582
body_type,miscellaneous,185,0.5747664393605413,0.18742952718526126,0.0785910504505139,0.17063564730240938,0.0044957695000276375,0.017985622174623263,0.00634105888091506,0.02170327736685496,0.036512186684066784,0.07574764377611466,0.1255402947473969,0.13803101484148753,0.10294832749971868,0.1788636536897121,0.05900500802751127,0.11790176179151775,0.14230384741079163,0.23490815197108328,0.06723200672123632,0.1654261206329931,0.048297576940417086,0.09350115307780468,0.02656487021658167,0.06094380219992375,0.016482052406944284,0.08022651017367159,0.011663072254678638,0.07894530834406113,0.012241735373705475,0.02518497913538233,0.004390419648670768,0.005983017754438645,0.012818904654704966,0.08074031578479184,0.001853878254061439,0.001662942472414701,0.05599507734752134,0.15136784345302878,0.09642781512622998,0.24190218223058307,0.010234686067466296,0.021437454333785255,0.02869153090287,0.033534128646892945,0.00679967893060215,0.026030642897626008,0.04417894002352212,0.08281007853911092,0.008829479805049108,0.020911284223815732,0.005195906473012213,0.008081871411982468,0.038160879673857895,0.08964847018857892,0.00383448895472857,0.010418340227974419,0.22351052071144048,0.21498475763753502
body_type,overweight,340,0.5483293286141228,0.192671375674506,0.11835806908921394,0.22832961586083292,0.007082638699948267,0.05313444789425014,0.01244995980660486,0.062177322854726144,0.03750949451658765,0.08452571000505019,0.11769940502777257,0.12656981696471659,0.0835704922415864,0.1568978021759184,0.06466561645502225,0.13130102963193765,0.11838379058441634,0.19889374300489465,0.0879957232862259,0.18772764014992213,0.0738235872838071,0.1376753131524977,0.031681704452014806,0.058086862054622004,0.0073975720478783305,0.04434654682828486,0.005697645508403452,0.021870043123395574,0.011023568289922825,0.04006571696190878,0.005098927440292969,0.00633800934692962,0.014365766963558546,0.08049748986243328,0.0026356295429971342,0.002803185853969496,0.037948770245352266,0.12252687756773681,0.08083971490799312,0.2138195696515786,0.015943051243983278,0.03298000838400893,0.02729055512943031,0.03421705088680582,0.013725417960877702,0.05612341045588225,0.047079594307989976,0.08987675860200807,0.010185551535387811,0.019434635233264497,0.006556900482588817,0.010543434169603128,0.056697983494685855,0.11051265240173952,0.0067450841855401554,0.042673524030899995,0.17665804544573321,0.17000047643780059
body_type,skin_color,68,0.5903552768423277,0.20294499353970535,0.17484350897618295,0.27882651091880767,0.0037465575857341346,0.0075899222587556365,0.008278625658610561,0.019378486564145214,0.025429727468530044,0.0529986799598534,0.12054878659546375,0.09869414608533822,0.059529438522397816,0.13395653807212307,0.08845756993361968,0.16441858515073418,0.13068845128359766,0.2010766175393246,0.06855488864119466,0.14465694550678912,0.033367121213814244,0.07593693902413919,0.05493804659037029,0.12549118605037263,0.004220911293112508,0.0072092215790490995,0.0058764612147249005,0.011168018292088895,0.018494345933825516,0.03497715079905621,0.008019621847351492,0.015959135099055336,0.017225421385827597,0.08999083905787886,0.002465399252661668,0.002739646430965691,0.07226385898898383,0.19463367004932303,0.1398634957440663,0.25911654694738306,0.015116177505286247,0.03259010012903663,0.039557014537208224,0.08109273468146891,0.017924704205356915,0.06455650445357944,0.06456194989561267,0.1161622756876568,0.008556443515237119,0.014047909284285781,0.004785841126731076,0.006059160715135328,0.031028829130638556,0.09194557567728502,0.01141820395081167,0.049347612028174545,0.17352500937276466,0.19152612649031467
body_type,small_stature,204,0.5687362940653282,0.1916033379340668,0.08785302599626091,0.18717752812800173,0.004443956170243658,0.02391592252175756,0.012996137198391735,0.06353848361980287,0.037058151420662364,0.09953372743994865,0.1276433874017504,0.16009543205563156,0.08905952631703615,0.1681496965159071,0.06570797859760705,0.1105426871614311,0.16988604170882016,0.23600960751252134,0.10041716065333116,0.1883768228729207,0.04781306241456346,0.09680836862646088,0.027551693397838913,0.053856418822760224,0.0035103998687940046,0.006847090028855878,0.0040531336616921034,0.019063811759904528,0.00878737475874254,0.017794433349915165,0.006000363185925309,0.010986625268328108,0.019195872557497305,0.11091521219537996,0.002092315022951773,0.002574403572357072,0.031236300559505575,0.12438500738204784,0.0852509426521126,0.22731365798085668,0.016507080297314507,0.044804609363091136,0.03670535649357857,0.05262842208812815,0.004656513963977084,0.019724265901351304,0.03500549151909118,0.07339244004902203,0.00651504801063828,0.013461270751174783,0.0054895989240179134,0.009231138693128962,0.038676349686997416,0.08885443178654912,0.0034196204755526016,0.008096912578146197,0.21089644356192472,0.19564280815136906
body_type,thin,153,0.5674996892221613,0.17574338339695797,0.0966505636495319,0.20189471650718313,0.006831985550211268,0.049163190835783695,0.004963179425187287,0.009548799973934246,0.028689707714601668,0.06057645150911267,0.1095889719002241,0.11865230997964445,0.1189507222764827,0.21312094403314644,0.08618888772074498,0.15798617471027118,0.16507483598547135,0.22356066569621624,0.0799928235899797,0.16185554525912152,0.053767377065929885,0.11386570752392246,0.03437318966657021,0.07499234362698724,0.004798671746553451,0.015513743859790279,0.0049841670685423405,0.021957589878967617,0.007934918598039076,0.01580371721458692,0.010013465062537067,0.045054456544818586,0.014548419864606294,0.09684699796318615,0.0022606610145885497,0.002148520785870509,0.031247617820851517,0.11627528020611731,0.09184023208198673,0.2192097115097105,0.020864931553993313,0.05288657957732103,0.03219084130003561,0.060526931466497465,0.004361874769172431,0.01368299074559435,0.05117445954523396,0.11329803117448414,0.007088807666863717,0.012909213304544729,0.006245353573771937,0.008659489693581456,0.0390876316784248,0.07546134125852426,0.004157796132133276,0.009024966661036245,0.19999502895679933,0.1911253922987763
body_type,unattractive,85,0.5563295955167097,0.1817280171771567,0.06344844332813998,0.15359679452972821,0.003562256298370331,0.01352673094885379,0.015812610950909883,0.07673127854503728,0.047821091326391875,0.07501632415721222,0.10440044543870232,0.14186719416817245,0.07790991185534307,0.1631046413089624,0.06212669288849129,0.12565367469683247,0.10331050542402355,0.19411369249462337,0.07677761390120448,0.16937785408815947,0.11271721886827007,0.16601517896294454,0.056796970425228424,0.09101614569096826,0.006308072683168575,0.014129732877228789,0.004381062306107624,0.006650819730484938,0.005240923184079721,0.006282390501444104,0.010267362676506095,0.04713618037952692,0.004144213326713618,0.014034027516867378,0.003455987822278129,0.004412674596099068,0.03525673396892243,0.12043228649506821,0.07534971441423027,0.19552173112846738,0.016563172514639412,0.04473731437454606,0.03201485145289232,0.05026081883651034,0.003663650394146851,0.008521861475854852,0.046676882904242066,0.10656724976263994,0.006142570698113345,0.009930826598050372,0.013999831046128427,0.06269959289353007,0.11588018773370148,0.19888410175525104,0.003221077042604413,0.004905966468429032,0.17940760433454725,0.18908377645352362
characteristics,(none),448,0.6019677973818034,0.18131861286593978,0.09749983305729464,0.19705731304001695,0.006340744245530264,0.045218195450013446,0.008265616696527494,0.04075893705404643,0.025077076203160686,0.060357819578439664,0.13064415361753032,0.1444375836202289,0.09660690917592417,0.1775202358941492,0.04627318139202024,0.10208704694075442,0.13470946417237428,0.2205099499930511,0.10245016547937016,0.19626693415662405,0.031653498690112816,0.07014095915609714,0.02919483193987357,0.08679361707635579,0.003016126441252709,0.005696101806615409,0.0032676084628227337,0.03047818084866442,0.024964443067087165,0.09465640947541396,0.007931312001411632,0.04324343528089656,0.020404328553857858,0.09595839776995793,0.003030014443701085,0.005689479286586683,0.0480853227120081,0.1467215586823199,0.09032468909539862,0.22379523084795508,0.013236167023900893,0.03565382458540848,0.04352741402466823,0.08981167084702128,0.007964393731258821,0.03865486273055737,0.034392750227457976,0.06591016656032772,0.007448013322638352,0.013265581376256668,0.005080044735060645,0.008822088438351508,0.06257931515074233,0.1549677341107166,0.004271717110181531,0.01879349275800299,0.21353863526435038,0.21999579878573997
characteristics,addictions,136,0.5921689805519932,0.2060467820068336,0.0551790123414214,0.16128365456336705,0.007871723683124669,0.07651785898154069,0.00950918050854371,0.03139947216216881,0.027078719778835553,0.04688575137409252,0.10952810773639665,0.12629573209622538,0.17519966881167526,0.2519691523769547,0.07078105230603422,0.12020253139366173,0.1262726651293633,0.20375790931617516,0.09047454203006483,0.1822287577308246,0.0633072150461992,0.09684887146154103,0.029931138430530316,0.06633522966641686,0.003834447509742698,0.00552721577446142,0.0024325146634296023,0.002248844852840522,0.005436826726081027,0.009538051577060773,0.016848103589248185,0.07639647764578146,0.016657581211963108,0.11220043347009986,0.004835835500510738,0.00532009335637876,0.01071787533660159,0.01848953710038804,0.09237011264314574,0.23317767283732593,0.022127258286726667,0.03274566530725344,0.03981088986449108,0.06664888386434147,0.002282189398101764,0.004024281455683002,0.030935852499062416,0.041453567900342075,0.006516669474555837,0.01202997266019926,0.015533747057762573,0.033555806837991954,0.139240274185688,0.22620396983428612,0.004575953547935248,0.020852638131811273,0.1467820174225113,0.1721515852444055
characteristics,children,51,0.6595272228998297,0.16210350218300001,0.09561768039494899,0.17488504344746533,0.0031976812637831064,0.006288600048019051,0.0031756667189720067,0.002127516081223418,0.014119501892185094,0.019962385515772497,0.14388682755331197,0.15204799230843008,0.13005250397220472,0.21709547082990469,0.04532880517745427,0.0966284918950354,0.1264387140251404,0.22932168122518973,0.06912397971495475,0.13648602372090862,0.014882320239135594,0.026562530537834913,0.043314494872830955,0.06741728388990016,0.0016978466015893454,0.0010715844246941815,0.0015732322530775313,0.0026541111311748117,0.03191855363376603,0.11148675740650948,0.004091260012001822,0.005989641327844341,0.012542445200048023,0.026545454869537227,0.0020058425428692763,0.002283213714706626,0.09936987785919223,0.23925472538255407,0.13952623118358828,0.28793531632062236,0.00873872836282495,0.023062834313605833,0.06644708139356226,0.13379815591916663,0.0038362635926151756,0.005548486073796207,0.044477865866878456,0.10332335070245931,0.008832453156869365,0.015810902224080006,0.01663535918615868,0.08603798747027569,0.020478642150741435,0.03887267208203822,0.002801336497570589,0.0033705464505105393,0.22863844432411531,0.26049484175483273
characteristics,domestic_status,102,0.5846336536547717,0.16822344838305806,0.07559914305559634,0.1571451874396409,0.0013041260601455054,0.001204193684013016,0.004016896709229103,0.0052541888071814,0.018202525049941066,0.027448904674640413,0.14191513003635348,0.16510358371717085,0.08846046749386005,0.14288047600500026,0.04508648339006137,0.09358535638707773,0.11011515667618654,0.20280591076670576,0.11604065965637382,0.2210891793444472,0.05072695067307601,0.09003361349458633,0.020269227117144812,0.04652210460482636,0.003341029363903491,0.00598068038277514,0.001765378896665175,0.00239450275967418,0.019892424053692844,0.09059650107241572,0.009300155371117095,0.03368891364207998,0.03212906295597991,0.13158272604837107,0.003963997548899166,0.0056455474554460445,0.018962286018387543,0.056955915721575844,0.11356964932957792,0.2387326167865286,0.008931145549343223,0.013824858013062886,0.05478701230102018,0.1078648706048395,0.0036220912972531353,0.006414766220075952,0.0336270556721252,0.04927606631528388,0.006193054161877965,0.012414149156143273,0.007656193736800239,0.01291794335330302,0.11677245772101313,0.22902611329514885,0.006985618673805969,0.025198233559018093,0.2098510755390367,0.19818550369829702
characteristics,handedness,51,0.6273515177708046,0.1614745533977179,0.06128893983344931,0.13050382765757737,0.00570418127622985,0.014252307634889848,0.004598220764070421,0.007844708276156536,0.0411583110096627,0.10954292124262055,0.1842217032121969,0.20350881544644933,0.029273886995974416,0.05733244859446944,0.14468142404631876,0.23476776750648762,0.12911375637700342,0.2266887004099328,0.03270913915955188,0.12424566037220047,0.0331332234063131,0.07463882765398128,0.026545205883973955,0.047877488321178475,0.0027615718701032594,0.003584557545693641,0.007993728779575915,0.029393114430495988,0.015179929801710314,0.039381856091095346,0.008515589308409094,0.0218651192145582,0.0030308401220085503,0.0038531156683749195,0.001588622992059362,0.0021048779929610626,0.06562287042113751,0.19635176984592081,0.08027052876251914,0.20764915418175992,0.0234173477279803,0.0709185915581399,0.023678964104357304,0.02717224760931045,0.012006018496322213,0.049363743149509275,0.07878386089578271,0.15776871885486676,0.006730569257200056,0.009977523552797053,0.0044997823156425545,0.009663125286898843,0.013648035829914185,0.03556680535889421,0.009945601152995712,0.035579433203079304,0.2917858386302696,0.2591964991548119
characteristics,immigration_status,237,0.6063759758251126,0.1723042355743979,0.1137575556603673,0.22407915157488684,0.002800301570820579,0.00912171406389192,0.013323797921223747,0.07066897353491206,0.033583876680787106,0.08750730140984052,0.14226832934203343,0.16408222422377633,0.0464244627831936,0.09970209652753084,0.06195044800303169,0.1387197224018107,0.16210243850627143,0.2518427698472113,0.10383223218279439,0.20037245157291378,0.045300559332556944,0.10228945391742196,0.03118766454747929,0.08389228519872736,0.003238149363555423,0.005155610231577697,0.0028139741923429175,0.005574794742713783,0.022805754458806813,0.08124926413540376,0.008910899209069827,0.03973283584827626,0.015279320908861652,0.08511968545358647,0.003125057677737877,0.006999916787002135,0.03838868364141586,0.14255286729104016,0.06694544464637592,0.1889886230317206,0.013006741889270576,0.0460880247921614,0.05752627005729871,0.12167300416219146,0.008124476828023433,0.02979988710293733,0.054621210391534974,0.11491309830473656,0.006815597092617845,0.01450522022427406,0.004945150204260739,0.014200960544564037,0.05414762220739383,0.14556239399957652,0.013083892526892937,0.05009877630501307,0.1913846377558409,0.18481089491619448
characteristics,job_status,222,0.5944245683851542,0.1803405356877348,0.09269824126412303,0.19832642617201646,0.0031351464179654918,0.009146315782603609,0.005942739142516108,0.028988067567785658,0.024282314311209564,0.044570610881827004,0.14833924676048327,0.1696522605767676,0.0548122440155927,0.12453800160764812,0.0542543416529231,0.10851244513359491,0.1296388633468719,0.2248165525621237,0.055879422027443594,0.13821627741791942,0.06827894315046996,0.1420410425108977,0.03460153983643715,0.08361216114702812,0.0029085487241884023,0.009252948284954392,0.0031467420517688255,0.007595230651429811,0.01379225981843381,0.059144425242721704,0.005959911285957263,0.04441023008199303,0.02063159164121775,0.10916509012708948,0.002155069974046578,0.0033888662116626986,0.07249810093508295,0.19528805640706665,0.06003397558949498,0.1967877439492904,0.007505758387376953,0.022575878911929092,0.034213297479148315,0.054766946077045166,0.01023661885319434,0.04414152508529997,0.04458233591710293,0.08419991000320434,0.00940673993141359,0.015179790998549403,0.004466471287184856,0.006288603521093648,0.0472029693983705,0.12710990631821692,0.005281538641193529,0.0243575660936851,0.24740982485247087,0.2226155589026016
characteristics,marital_status,187,0.5926383036502543,0.16772244909481995,0.07322129866458167,0.15177341816980083,0.00463070680109042,0.026459571329557934,0.011438536373674271,0.04445006382585201,0.029691827534523638,0.07104611034474462,0.12345943285182198,0.139673135132523,0.09210710803776441,0.17474016808088086,0.06648341396712713,0.11792751454671532,0.15567105420756797,0.2246051066805483,0.08615072127830058,0.1772107744294192,0.04553314605117701,0.10291664419790911,0.03932198706608425,0.09886579934729275,0.007261774302547409,0.05042093917367092,0.0023777920740779817,0.0035227059311984236,0.013685817044928052,0.04165387954590904,0.00640861270108813,0.016471784963634196,0.004856174599278449,0.0168411231422411,0.003978171583326075,0.0065786007171702255,0.06096310295674447,0.18239398764174317,0.11770737277861201,0.2518210282839808,0.014403883829780724,0.044915207499409464,0.030355181960254548,0.04506415433673185,0.003924722758540914,0.010481437608062336,0.03773035934409077,0.07699579395734445,0.0077427916337249126,0.014757346434960667,0.0095670031787352,0.04935329353617479,0.08861084533936249,0.19236247740032256,0.004868452240498786,0.01938781012492151,0.19928902364958495,0.19640451315394314
characteristics,miscellaneous,34,0.6209083392339594,0.19913894257122933,0.10956046233460416,0.25370673531294674,0.0044095107159056865,0.008363375669995487,0.027636075685115752,0.11883073767347206,0.06752168863792629,0.1395986620574623,0.06816462830037755,0.059796261102966174,0.10139365193026606,0.21638207963955147,0.03626684832167538,0.050587927835134494,0.1973811689805349,0.27753233972587027,0.07291452489409815,0.14892249861293982,0.05420757002224598,0.10536332058594881,0.03683930796379333,0.08275701568169992,0.008853906084208147,0.02851484606300221,0.0035015117823872168,0.005620430986671385,0.012784745331908412,0.025862537810995016,0.003314132327967159,0.00349143231731315,0.0028651278172379963,0.0036133937195955666,0.0018246332303319564,0.002467295822051038,0.05545049489763401,0.1579155976354517,0.13737474409401115,0.2893797896375721,0.007252391105901231,0.013859077318112699,0.026975659567944926,0.026492981516964744,0.003556069780375658,0.0064644176023988574,0.04831668138777947,0.10714535417933321,0.006522711575277807,0.011415092259280907,0.004170691290175241,0.008498126115506712,0.0269215187187964,0.07450822745017911,0.0054090727576027245,0.00847732228455229,0.16893814964329495,0.1457049765704406
cultural,cultural_stereotypes,286,0.6167902756300006,0.18064167176596632,0.1270282868976897,0.21713418848435628,0.006425471374784577,0.03304478006802213,0.01604745792240471,0.06833570951423976,0.04070744861138763,0.09224924588075482,0.14886884831243774,0.16676098346361232,0.057611635602014204,0.1402344735363589,0.047543037603194074,0.10441643458008602,0.11121282555444582,0.21496600257013895,0.07876537533104908,0.18510789273082848,0.05000016097344907,0.11032848667170041,0.030969858325861552,0.05999665359265428,0.009185877116356319,0.04811507430780742,0.003253396288687168,0.007921658807284352,0.010446413847488772,0.028472440490879956,0.005563769500822291,0.02767097403845664,0.013507547373490626,0.07459332749900781,0.002284026140460282,0.0038600469955906605,0.06455669349887395,0.17956515109473345,0.12378070190444286,0.2637517565198712,0.006704664168241547,0.0182983227056461,0.03061033824989507,0.03817794745760588,0.01317618564587122,0.049386033583604876,0.038239716099562136,0.08944155054517447,0.008163502427492489,0.014377459663773096,0.003912028291289551,0.006292742406201813,0.051058715258414,0.14072475095860543,0.004306429542669899,0.019914304083024095,0.2107023202937904,0.22499627476456624
cultural,generations,119,0.6267115195759204,0.18810905904734318,0.14081818844581084,0.2527010342662712,0.003413619362786334,0.008766786387107432,0.019367124201258364,0.0973733845305394,0.03437043840120382,0.10677603665205511,0.1485373354243005,0.1635024758266151,0.04436123703739473,0.11688220218073225,0.045640404733336144,0.07855814815549877,0.19191624407173222,0.2772624440391224,0.0471344480399598,0.14192239876378843,0.01458988688150499,0.031295474857730654,0.01331913732716172,0.020463553630723337,0.004179217120898622,0.01451706379688135,0.002159620011802528,0.004116290855404848,0.02480481530660998,0.08620674605050234,0.003110217072603786,0.0033412316588225183,0.038968510150116036,0.1647917485282902,0.0025877605889143202,0.009534379253958196,0.05677115072901243,0.18510633818347524,0.019267237879983502,0.0936236480912134,0.004380773531714212,0.008996128944617775,0.036162893880675194,0.08269720588329896,0.006537742743343448,0.012824237887988043,0.07069013748677964,0.11140363704575003,0.007206137097653925,0.01340465171389183,0.0026761606005959587,0.004165476710013477,0.021202664064173,0.09188252786734416,0.010017430207529692,0.03855376748608757,0.2632068227820036,0.2366426699144916
gender_and_sex,binary,51,0.586919793603467,0.18122785119922838,0.12118286235422335,0.22510527835836383,0.0016192200093749253,0.0030605730788645018,0.007137212180989045,0.018849471484274617,0.02629614743294523,0.05886473457128259,0.16618999135771803,0.14709227004677844,0.09386802952298347,0.15497218865196474,0.08261086085614949,0.1619368386448502,0.10725755077117927,0.19537653153608456,0.11884263320027065,0.22429998926555705,0.021860845907426932,0.03882879570940442,0.03591348340406137,0.0867063570934272,0.002768326457133334,0.0032144982241502705,0.0020379316587886753,0.0024023371104547734,0.012093527338983417,0.020380011995154153,0.004090855140627052,0.004389900600198645,0.06094028313778907,0.19607515158380343,0.0022916522233144324,0.002844276199000591,0.040573795202790815,0.14429117894137716,0.09748962132931303,0.22219563023943734,0.007716168052866124,0.015190375501246035,0.04136856964004098,0.05434450034578353,0.009618671636203276,0.03447495282100401,0.049190277859166846,0.06611751794145475,0.005877841070554603,0.0067022772559178125,0.0049117854048781025,0.007286222866274061,0.04385985176001365,0.1308755781777576,0.006232360870960881,0.02040030780802826,0.20401065931746773,0.22925654369082463
gender_and_sex,cisgender,34,0.5638218167073586,0.1427641396147018,0.050083418357911906,0.13070171679338746,0.0014628842567189543,0.002374404764670218,0.012475274128305232,0.05344726461674878,0.03076209594933864,0.09566363939667127,0.1961118501391919,0.18169112883490127,0.12316036435967202,0.1896252872941417,0.09531654873760143,0.16075602171471634,0.18512260661244748,0.24932226848963107,0.06629294874009621,0.18419904270649876,0.014867993414073306,0.031837411446667616,0.02082724991144941,0.026660650170714586,0.0030416260329622995,0.007078044992612352,0.0016640503103296984,0.0019779838835606656,0.008425077758147381,0.020341183857958432,0.007398923278635587,0.02157518585654903,0.01450161709491273,0.06680917537415028,0.001608901605804396,0.0013699308906695291,0.02893826277816997,0.12414741975646529,0.05799098063931417,0.200429113333287,0.017585934530121878,0.06666380276886866,0.027379555634551626,0.024071335652966222,0.0024566047747665676,0.003317608325723289,0.05268343879074296,0.11086115960995573,0.005792348144442418,0.007987889853213487,0.008440529963563141,0.02125657172215674,0.0164089957389104,0.02665959948846944,0.01132912966867854,0.043035086845075045,0.24934863126562798,0.20102866506307354
gender_and_sex,descriptors,168,0.6160492441129117,0.17697324539466522,0.11299723432568412,0.21729868164500796,0.0030880243691734947,0.009687546684971092,0.013470448606572713,0.05066665449040334,0.03265035503344344,0.08118124461629316,0.15888561545649454,0.1787599697818973,0.048619107269111,0.10459632252796466,0.07833355047859229,0.14144688681643638,0.1473156894921669,0.24098690597890235,0.1347293287988231,0.23619204096044405,0.03355088552537685,0.09322971590170023,0.029960102350395618,0.05738931807496102,0.006005821482089925,0.023892275666449334,0.002324521353373365,0.004944695830763654,0.010310068273178158,0.021676707257386334,0.004188438639262347,0.01060317737767006,0.015234604022961798,0.09545344055783297,0.0014513758039053453,0.0017634425955159105,0.03400144599990675,0.12457002307526199,0.12564442457507885,0.2692791019270595,0.005695943332501061,0.018244991376529032,0.04583806272767972,0.08948621176209523,0.012003512454741991,0.048355161753059844,0.0347903537746918,0.05472114361776965,0.005129961537369084,0.013393845076402254,0.002867254621031905,0.004085904403166104,0.022552566340891644,0.0869086991869217,0.005710991048718348,0.022739257196325188,0.20997482425688455,0.20725151048506227
gender_and_sex,non_binary_or_gnc,221,0.6036935186359138,0.17686389397403762,0.07567664384088643,0.16882263186590565,0.0017442750196421427,0.006895698917993194,0.009958881399661673,0.046122091565036,0.02598982393884888,0.06923134863648694,0.2145048835466519,0.19740609253211855,0.051113631023195195,0.12734227198349476,0.11102439523664012,0.19285211687387058,0.12739372967080764,0.22599472493228334,0.04984283529862559,0.13916599540028182,0.02361757229071751,0.06605205119099773,0.041652592249863625,0.08029710441965233,0.0030587108408593956,0.006499599857550282,0.0019961474672074713,0.0029116636690688915,0.005625383523466672,0.010359568351195503,0.003849720368235545,0.010209488102134569,0.01774435696335366,0.09995238074644529,0.001446625228989153,0.0026645289897463237,0.012066818299393562,0.03502448783331711,0.0712583127893282,0.20981134278011238,0.005990092114653919,0.02852325128501131,0.025070529138222674,0.03362554241911014,0.006544143650923751,0.03642665031468538,0.0759138511230419,0.1250133131237578,0.004814141089208867,0.008946620912885084,0.0029806896780271977,0.005883377220753048,0.019845964225078616,0.0764953502198734,0.00465729046279535,0.01848899046899078,0.2870915835065877,0.2426809209087124
gender_and_sex,queer,11,0.4606168351390145,0.15104087492458657,0.16061699015765704,0.25180671887184586,0.0009523607150185853,0.00046136018529978405,0.004843646417033266,0.004093253319129297,0.011677529535848986,0.008751922464966881,0.17620958116921512,0.13195977038332973,0.09328621371903202,0.11421061703920758,0.09601312621750614,0.13810480371324663,0.3055430608325299,0.23572147182641492,0.08139918218578467,0.1416686350792478,0.011881235161457549,0.01704621092124254,0.012172992298887535,0.00797541795842573,0.0022184844128787518,0.00145321303837449,0.0056657432208091696,0.012618217265123539,0.008903742143460973,0.0068893224251996114,0.013995553567920897,0.03461116436463129,0.003577537474815141,0.003915229636959281,0.0022142694400496443,0.0020619873074789316,0.010336621013596992,0.012893810301588118,0.023486620217392392,0.035179587379792425,0.011651913630141114,0.025800467153248158,0.035529354121536016,0.026687589532806796,0.043651612193736415,0.09448907538296955,0.05563553422689438,0.10075012218471727,0.011992083703675731,0.022741573447480765,0.004262267320882529,0.0034580984148227874,0.010576858608560129,0.014217843072271938,0.0032655158164826307,0.0018447577822880185,0.16835190203379502,0.12006628381981949
gender_and_sex,sex,68,0.5990293665843851,0.17652682139798045,0.09529847954827882,0.1951240098415368,0.0013399128459722681,0.0008352847319812335,0.007837654700886239,0.01599461351668426,0.03687772967660909,0.09137253623310684,0.14128688214730253,0.1613211069736276,0.069601505436688,0.15128886997929522,0.12650537357994301,0.2157144920474311,0.16038051123092267,0.24045102707083318,0.10507352309308343,0.19986337142847319,0.03334639616557123,0.08712372972273734,0.042776293717050815,0.10622013959661318,0.014117606036426663,0.07613314524764132,0.0025180972751353264,0.0029725099291149377,0.00569707436079625,0.005745150577964692,0.004892417960731751,0.005766260308045279,0.012742389369069476,0.0626844419396054,0.0016939859359648406,0.0016514796685707077,0.01794563003589728,0.05328616723035853,0.14298843376780176,0.27738370916964156,0.009416477009568446,0.02333634022249709,0.044922614980297274,0.12235681893069542,0.005967877126535955,0.02235826190229532,0.051131224102231074,0.09426891099962131,0.005691681250241613,0.012894235711040876,0.004341128179957569,0.005156901382400848,0.024189552158692524,0.05510495831939273,0.0035352240229258314,0.003663411301798737,0.18847650838741922,0.17185392010830827
gender_and_sex,transgender,221,0.6045856244558663,0.17933509191041025,0.10438582624705947,0.2077635016001981,0.0023268402637192155,0.00928743963656892,0.00972454002015377,0.048338373922322306,0.021348343621644433,0.0491835994338422,0.2038334893205991,0.19255193570344517,0.09279078196726816,0.169223954446667,0.07031789418979974,0.15030928914843147,0.1424969838414872,0.23848969294872396,0.07841395293689034,0.17144814373596057,0.021173355794865723,0.05345997870456419,0.03533812629994494,0.09481038898899882,0.0028892397044049532,0.004705358337520053,0.0026833287327512425,0.004820770798331482,0.013801301779737485,0.05309633124201535,0.011572925847079562,0.05888633141458447,0.0221719507459402,0.09917479098204145,0.0022782053391115185,0.0035314648031156944,0.03572029963202092,0.11752201519101757,0.11412318365841186,0.2532702957465507,0.016926567738586553,0.06491102134600527,0.03493845006198163,0.046472356315371305,0.009896549506162844,0.04060031176133622,0.06717066159809,0.12351311979825075,0.009722381590339313,0.021642372996361712,0.006185237237682136,0.025030643572321556,0.028554635808794714,0.0850586922255998,0.003760909358233348,0.007500951391921973,0.1835381493848913,0.18059255471969926
nationality,china,50,0.6128214132785798,0.17405664377568816,0.2235287567740306,0.2944346534826466,0.0017222085047978908,0.0020179709508175983,0.009079938877839595,0.023551031291754686,0.05050983668770641,0.15033378187046612,0.17893311701714992,0.18702459348414172,0.027977163416799157,0.049565050737873484,0.04324265233473852,0.09703068423672176,0.1239943192282226,0.2260357847474863,0.11372490410227329,0.20980854840548627,0.024756131477188317,0.04971742065670396,0.01568947923835367,0.024461379963408397,0.0036990807368420062,0.005868685643260679,0.00261804363981355,0.004321178491493505,0.03185273984563537,0.11395431966434239,0.010256358925253152,0.04290090424091899,0.01015095362381544,0.014942532064123272,0.0018528258195146918,0.002651913357765366,0.03975743324495852,0.11407877014319094,0.1432293903635582,0.27787377113188266,0.010809581064677332,0.05207368532727556,0.03510015769395977,0.0696684810310893,0.020272832701011795,0.0716638667185422,0.03997049462981522,0.0555911177444066,0.0066643680672859775,0.012754108015741355,0.004828207317041233,0.010341309932804054,0.022104543170426042,0.07669093252860494,0.0036059052194468678,0.003745091250939744,0.1654776834324002,0.15648742670436283
nationality,cuba,34,0.6387589547564002,0.16958435527809299,0.23966793498531094,0.29480981666143274,0.002075415096067659,0.0030341076540499586,0.003824085647733334,0.0025665993647861034,0.014241557746358654,0.020193963970375987,0.1187388396493214,0.11596213947101001,0.03240157222813543,0.08311207895627677,0.05892299076282036,0.1031677010122984,0.19878850336210555,0.28340545740933454,0.08101886094835423,0.176993599066326,0.03510083817287951,0.10014820396145262,0.025315807858372435,0.07311119345293483,0.0024516799226951074,0.0020215225750715706,0.0024809403625755187,0.004221664651874306,0.0127442634821979,0.017176907638081232,0.003156486405607532,0.003865628829661896,0.011474650150322466,0.023959264440955728,0.0020467831439900156,0.002387705908177745,0.043188913826323935,0.12274094868396927,0.18221786475795157,0.307336476172169,0.0038117031106273368,0.008784932082053162,0.034569576382637024,0.09020952459219816,0.026200442423193155,0.07207584586088317,0.031790596289176715,0.04721710296828256,0.005902367191618609,0.010415179885584831,0.0038251793799538385,0.00647053889600966,0.03992660796125967,0.13265973324530472,0.00396206091681961,0.0033315702686399712,0.18427882214789004,0.1937592752756562
nationality,dominican_republic,34,0.585034150411101,0.17510384042371965,0.15441579262808183,0.22227783350350408,0.002232570239678299,0.0031048252230838924,0.005930511895498699,0.008805822491900941,0.035361024311414975,0.06680252799787507,0.19926088738857822,0.15924391935343712,0.04586484847138362,0.12639114313275387,0.020790415853672826,0.045167468442635555,0.08197282648539198,0.1917559743399286,0.0891834053070531,0.21018980563896023,0.03122286411577507,0.08106523047222775,0.023896834087174607,0.052245965018338406,0.004663347242646576,0.012020399133412536,0.010821381894536042,0.0474733515680147,0.01818402837670874,0.03263578790995051,0.0028922204835586905,0.0026470038489359946,0.005627220205068999,0.009486920777020126,0.0019293278866611859,0.002089662903812814,0.05271841772071853,0.16590353874495664,0.11417345370008501,0.2709677107479694,0.004837101668218726,0.008688280092475839,0.023917818397475296,0.02958490226896177,0.023194796513588002,0.07551894340554009,0.09975239886518787,0.1489107657125713,0.008367235894718975,0.012625424685366836,0.0035448267607374444,0.005916386282073325,0.016136987082598565,0.03897612107055651,0.003413377476938288,0.0025244962304681036,0.22635218794183695,0.19760818140392153
nationality,el_salvador,34,0.6688612120992997,0.20845810262135028,0.20943350026123775,0.26839968613742565,0.009045339251101455,0.028584599418757576,0.024802162637249294,0.08702658122356627,0.04713717435815317,0.10997605741627609,0.09664662520620315,0.0859240342584662,0.01298419650137315,0.0158182226094758,0.02533645131659475,0.05118580652984715,0.10766523770700373,0.2551570237104173,0.09108829084674225,0.19621702660171333,0.041698369183851516,0.07969561693276507,0.03565805638208985,0.09055003817464789,0.005460366930278456,0.010186792897201702,0.004011947906452834,0.0116967073999711,0.01654357005335281,0.019691760088538575,0.01165019566884867,0.04610182956990698,0.007001970812459202,0.009507942133637752,0.0024560743519995254,0.004292893767130502,0.1285237299213323,0.2805289108541602,0.21737705519926215,0.34337908762498937,0.005541059255740359,0.014069745733024165,0.03237830432515372,0.07150160862515055,0.011156369503998361,0.034977251623397744,0.04242382719017127,0.07368659607763696,0.006989513225134407,0.015680741218329956,0.002614337659050601,0.002781491327242665,0.03714511995820109,0.1313153891884459,0.013546935643877505,0.03671745350593295,0.10960216357317917,0.15220516301263848
nationality,guatemala,34,0.6396680456750533,0.19383458117613095,0.20348413591957926,0.2891694054996159,0.008663120650453493,0.04006933397334668,0.007811558290781891,0.01586681824764811,0.03280034606509349,0.06678041820496629,0.12016089057878536,0.1257103010077671,0.03877373319804011,0.10306064389870513,0.043114419579711356,0.07380204368263336,0.1351091462154941,0.24852258581957232,0.06758368886521031,0.14610667820183293,0.03982240049278035,0.09070483861532279,0.015334998305393931,0.019725250434423663,0.004853328712188694,0.009831022438946957,0.002581070184105021,0.006052851929733477,0.009727682233514154,0.018667779538695743,0.0034885825238341246,0.0039201085296431196,0.01809017659209477,0.07642378021153033,0.0039443971716750905,0.007418857195289027,0.0443846257386373,0.1551900210938346,0.167180860767771,0.306017155798357,0.003976611895161434,0.007883934705657797,0.04582357225830064,0.10545519424796432,0.010934696366294863,0.043232013496225956,0.026122921009493226,0.024998143166278415,0.004084368269318742,0.00620615169346006,0.005835057169914602,0.015773058849812203,0.0755090076555087,0.17195845188616826,0.006326938951079843,0.021842369626434016,0.20545192849000588,0.22289418150243365
nationality,india,34,0.5929475558154723,0.17494172494531124,0.21917477951672695,0.2660160894663622,0.001436287968638627,0.0012775703683682433,0.0030572425423409134,0.00350112188491951,0.017925019923816708,0.04537162865596736,0.17961744716226616,0.15865870150622527,0.022235719894524664,0.03561299057779229,0.10345216858823893,0.18075712448595024,0.17991243764117826,0.2500133313029975,0.06389874872505008,0.13672722828243683,0.025281438432798228,0.08894276941482235,0.02741520191022359,0.08373349437329408,0.0019283280810615158,0.0015468672193729477,0.003038249729262829,0.007690953366934573,0.035172143158407006,0.1197338589048594,0.0033954870150944986,0.006044292775436585,0.008842817666899302,0.008694029883363376,0.0015711823246366454,0.0016922147763750763,0.038581860600970685,0.09394085076050089,0.10201538587673842,0.2552107195527773,0.004793378589109874,0.011974729732741196,0.059303190155119145,0.15815958278714154,0.019867201754737728,0.06981534372412788,0.03692089152686736,0.041079345568592246,0.007245349943439257,0.014882344900248213,0.002520657941418262,0.002919552198027622,0.022086715058642712,0.09006837036387197,0.008090628747595474,0.021234067467653703,0.1706780913450262,0.1674029416023912
nationality,mexico,34,0.557921393390964,0.15854460624488614,0.1979603138204445,0.24785702373769725,0.0015229447017190978,0.0012937024219643193,0.006729167276609908,0.009033353232462031,0.028326133327722988,0.05620614427849503,0.11915557784959674,0.14429483104400054,0.057960169793873584,0.14236538577037464,0.029749988617635715,0.06351781508844745,0.17966564608179716,0.2448921199629115,0.14170678119818844,0.1880936017514423,0.03662982197848203,0.0877135717281694,0.024428727635976803,0.07363561517774683,0.003740500028738204,0.004061701732530858,0.005240697223652045,0.00965202380260556,0.023554140972384417,0.041651838465112424,0.004230926328626297,0.003319349199806415,0.008756459695766406,0.010682434257866346,0.0030009406618773937,0.003064567359592478,0.03132535030668163,0.049943323606433235,0.14857002173769562,0.2590529754545254,0.005355110335478778,0.007101869007400323,0.04812048797440879,0.08926709771106253,0.05748858859827605,0.11028720372212575,0.05175445706802694,0.09368059267627132,0.012942409428754164,0.024344675054607655,0.004807644066578873,0.0045409912415367735,0.04730348055839867,0.1384302218334712,0.004490956042633008,0.0032940511457171216,0.14043665236300407,0.14808469322086837
nationality,philippines,24,0.6312970630824566,0.17494161815993564,0.1569338804523189,0.22090578614865178,0.0017355465752189048,0.001423116885209137,0.020926987747467745,0.06982955807278285,0.05347037406560654,0.14726244653274975,0.11540333298034966,0.10746170728359279,0.03600663132965565,0.07526752886236898,0.054826027252905384,0.15597039868726933,0.2488987347460352,0.3110012431704493,0.1170022012180804,0.19773011795683276,0.03388912800195006,0.10277980058519838,0.01891609828453511,0.03097541432986818,0.00415390378717954,0.008834756405110849,0.0027033302418810004,0.005080144149147908,0.03037383306218544,0.059972309680637576,0.002632397755708856,0.0020764334749297903,0.03492408260717639,0.1351084382947925,0.001764966908619196,0.0018814115608765428,0.03939667011096996,0.09751090919360364,0.09369914471365821,0.24491199662091737,0.004530491816694848,0.010836825987581213,0.025362979407267023,0.02020970774988597,0.030881016286002705,0.09265536240163008,0.020572231597422313,0.033083253318570184,0.007541731660239748,0.014934700694856654,0.004059642613962448,0.007312149859920028,0.014624515931548862,0.03615116368771705,0.004036816421527571,0.003918920850370496,0.14878500842799744,0.1899619671110932
nationality,south_korea,34,0.6135315855636316,0.2155750094764342,0.20028316737700472,0.30464376448024955,0.0031308707043268334,0.005109458853147135,0.008179566487396026,0.017908339002135183,0.05183611610246932,0.13724054028520652,0.17568629840388894,0.19393329302921997,0.030560381597537985,0.08066094325367083,0.019541466088198563,0.048661589057028845,0.06344668251660872,0.1746585810523838,0.0136742670335533,0.03671983040434411,0.03320480783483671,0.08453003813959412,0.02994883995886673,0.06416630786190541,0.0024730559311779764,0.002969933585293231,0.002611747430123882,0.004338709379399739,0.03364816706915222,0.09704146358176147,0.0036845544493510664,0.007390778678750985,0.03174201295555309,0.1407670104461834,0.0016328990981599096,0.0018903033164020516,0.1081602850172203,0.2637063834287491,0.08741906951592468,0.20468720520068376,0.009697096716776928,0.02769322697819918,0.017410306616083664,0.015367496263623442,0.01613887544740197,0.06150650453472861,0.049398434225141126,0.059385070646636784,0.009044326246058679,0.014530936226527954,0.0028952318059643455,0.005651606719425875,0.020888167388928944,0.04997013397964284,0.0032235147321925442,0.005201957135805298,0.24357397366753397,0.2259305585267758
nationality,united_states,16,0.6343288533389568,0.15642495652572574,0.1477350895438576,0.24650729623437273,0.0021140820663276827,0.0016720019583888448,0.04844159733693232,0.18407690294023843,0.025030811200849712,0.07671106034845589,0.18126465336536057,0.2275508313790763,0.031200937344692647,0.03330372695809512,0.04016849820618518,0.045956816967148574,0.2890060350546264,0.29050930191581253,0.055954436502361204,0.11762138578515034,0.018056030101433862,0.04308929299482986,0.011336732524796389,0.01602774626155139,0.0037731773481937125,0.009709128745239538,0.001185340755910147,0.0014802788368685404,0.05080893321428448,0.12894281981712913,0.0121078798911185,0.03572774337155112,0.04674966936727287,0.1632054285816761,0.0016338301447831327,0.002219962639024023,0.018700211057876004,0.02366778608152879,0.17298172645678278,0.31004619237429026,0.030247074300859822,0.10530403173220051,0.04962415629415773,0.05447708368543205,0.0031876889565864985,0.0050543168842109324,0.02124086336698383,0.02498970666064213,0.004174288808826532,0.005321742969256196,0.0033792859721870627,0.005939000656658825,0.034104924990970176,0.10229003423657078,0.004609934170730412,0.004133779879838027,0.09959214349510148,0.0953454986217648
nationality,vietnam,34,0.6336097200127209,0.18143694320029322,0.19758456244188197,0.2806020056786896,0.003911921677439857,0.006741484197705897,0.010951385995962055,0.03077097535611428,0.03812046585988034,0.11986973867731882,0.15145137059666655,0.1700460886633892,0.04629583833465243,0.093059073752653,0.04602440258981112,0.0948466540330918,0.19951773147091872,0.2841178378004332,0.09493324969662353,0.17844777321402888,0.03161703375414671,0.09420741895269838,0.019759130677865708,0.04997082774704012,0.004605318452163106,0.014047586816169716,0.0024418312318362843,0.0044962493438709785,0.030137092700255486,0.04663860641048468,0.0027403958511593588,0.0026013029667910866,0.02889926653006114,0.12554947233173794,0.0023143073100500796,0.004919211986281083,0.11677865871324149,0.24961639181630246,0.10909792166614138,0.23380232462442704,0.002696191511966069,0.0028972096050037303,0.03553419640999945,0.07311725073872473,0.02556245444344206,0.08876701522509153,0.02522282737225075,0.03791553768396468,0.00833637678571155,0.013891353259978523,0.0027773175431374353,0.002678297139515205,0.027223515283206805,0.11391571658464529,0.005103192479616743,0.010167371075428195,0.11662758470458143,0.10532890380219626
nonce,all,136,0.6283429131350097,0.17841596320780245,0.1407824643957771,0.24201666540474845,0.0087854814621952,0.04377077639270646,0.019955340220108423,0.09382020309192267,0.033889844048056096,0.09447945276692803,0.1345157141023425,0.15130764918056364,0.05253065585523419,0.1310733081300941,0.05838003586541163,0.12127370847634847,0.17882311018012628,0.2580632079420247,0.04748635677328018,0.11791672665987617,0.025884320894393194,0.05946998320244173,0.03122729199779261,0.08524969321159251,0.0032181933754199077,0.006636612594125638,0.002010881875856499,0.0034499473313842235,0.018966997564669272,0.06874129791976932,0.003749024220108849,0.007329382507790736,0.03326096314862405,0.13953603063561337,0.0017707198225894792,0.002662412462916766,0.04733835521619767,0.1557894440583861,0.1119532144830908,0.2586116432261876,0.006724333198636647,0.02598905367613481,0.05023839553520221,0.11611814946074114,0.010025735301229254,0.04365135827255127,0.04694262259256314,0.11636366357285532,0.006347657235036262,0.012829139191342591,0.008808254139747826,0.06603551986993102,0.02993303313568878,0.08512106223275084,0.006388891697390457,0.029238563210343703,0.2239843625232906,0.23244335545535028
political_ideologies,all,425,0.6278233201363508,0.1561398350403533,0.09097420874024358,0.1691627549315636,0.0016519002796849236,0.003387591766495604,0.007890023744925308,0.041705425622888745,0.025102047763545722,0.05766926845193252,0.28109112649279483,0.26344558840398125,0.05267926673829446,0.11478043318212715,0.05664848832783344,0.12026484809908695,0.13905861371477574,0.2360611011697487,0.10876664631479584,0.20836512924370756,0.026993960521786528,0.08405257277215031,0.04349415718769545,0.10363137610678369,0.002839710506035344,0.006877098063503637,0.0017754157109747587,0.003831328058664158,0.00970710528357064,0.0314804354154118,0.00633138227618902,0.04266967060584522,0.009464750617934281,0.052802258890240095,0.0011989274814807097,0.0021109635505418495,0.01751257738303941,0.07918992466169728,0.07538511994082535,0.1993787509161044,0.00615435387545457,0.025721007837400885,0.05868797855889973,0.09733955796815925,0.006108294357554234,0.0241336691891116,0.055791614498833526,0.14293962866889343,0.004720698984798647,0.012441503490591076,0.0024252110229709242,0.0031129411355160777,0.01235459886087269,0.06001462451312611,0.0023516719767084234,0.002833401591125003,0.20499731906854055,0.19221553392476495
race_ethnicity,alaska_native,16,0.6212500911206007,0.25486004142027735,0.3561592354089953,0.38166969685709223,0.0010418433921586256,0.0003995344278585262,0.025811750943830702,0.08647038726027467,0.037498102901736274,0.08043133270712068,0.1459015274886042,0.13462259603206128,0.057839077242533676,0.12086171234630554,0.05431241729820613,0.1825440021163647,0.06247221653393353,0.1682709451577964,0.0635500127900741,0.07494688482401198,0.026677636124077253,0.04297349437974177,0.028600526740774512,0.052837850262979574,0.005409182333096396,0.011249213379753854,0.0023116111042327248,0.0021476429279216978,0.012335069448454306,0.012294049165715444,0.0034045999454974663,0.0038854199458489766,0.012987682785023935,0.01517480590100173,0.0022658379639324266,0.002154790325582636,0.014582848387362901,0.017555918518677795,0.16854200421221321,0.307096753664674,0.0035786941189144272,0.005624123725955169,0.03909889780334197,0.04588019760623118,0.034510300491092494,0.07521221773476611,0.03104170848382637,0.04223080411789049,0.005434391812741524,0.00649674753545815,0.006431881723983679,0.011760913892154052,0.02724531698913779,0.074075216400504,0.002869748346711276,0.0015373322121499519,0.11802858870942146,0.11583050780423658
race_ethnicity,asian,102,0.6202590107625606,0.18075286885477382,0.1865351407688257,0.26946170332279396,0.007692726034792049,0.04844525623202805,0.008595110358346217,0.02635957520790777,0.029621203197166324,0.08026752948072408,0.16826472434616996,0.16941945217195759,0.039347929923393414,0.07764248475511944,0.044054938171243785,0.09159160369873981,0.1656261158284763,0.25110925231102527,0.09977230094441705,0.1969010807147489,0.020506323961194093,0.054710184438089386,0.015877592324863608,0.029705269821770967,0.01051564930992968,0.07557436024108839,0.0026878547401329523,0.004027516451681831,0.015663759009090856,0.025747945533941295,0.003861332769042301,0.006280318216310524,0.016780495012890063,0.08852838858220796,0.0019735811944758775,0.0022180112035201883,0.08560818225868941,0.22765807665011994,0.08418037524982128,0.20851475401952488,0.007163099695354307,0.019766352587235234,0.044955086780200694,0.09806193238494879,0.022035010337561948,0.07616470268292681,0.03977384498826794,0.06275103948518568,0.010168323947308475,0.019912842865551235,0.010979066362921787,0.07788095852777739,0.018782872743174143,0.04517651446827972,0.0037591421495045663,0.005514109405476343,0.18246861928891317,0.19287377160703084
race_ethnicity,black,49,0.5500394513412398,0.19959207128915782,0.1477374590515178,0.23916927763085857,0.0018185158218589745,0.003251577517445827,0.007825573983516696,0.011915967953889998,0.04208037597887522,0.08545051170815553,0.1589029858611068,0.1459682002604604,0.06806418768900009,0.12694393986197064,0.06752848514826132,0.16662837350727644,0.08255567547226116,0.1576605192599278,0.07637410465989034,0.1777794353167849,0.041611802179784496,0.09312609888392832,0.03605267870696072,0.089337201449598,0.003082879031390636,0.0024535015896726,0.007428235790160086,0.014631883936738607,0.013612770306169796,0.02181277097675813,0.0061957567647498634,0.007567669291342819,0.011697584970459836,0.022780436027562866,0.003179443798773941,0.003351317438766109,0.04362306519701355,0.1297744893860379,0.09147204478908026,0.2215194807340853,0.01437977431056907,0.030951683626902482,0.056283058351552,0.12328184656644257,0.043310932159050824,0.09907202319904726,0.07092034027968742,0.12126984325502246,0.013381478635651268,0.020041797963933516,0.0058458703380002055,0.0071761436063599,0.03746437772690338,0.08525055299621272,0.0035149520613509708,0.0036185174407067254,0.19072040733026,0.19366448843852613
race_ethnicity,combined,33,0.5926913673227484,0.18295823957902593,0.19640146161316696,0.29488183284618297,0.0012489272489664004,0.0013861731063579841,0.005187455009118738,0.010068640956339001,0.02200233844588652,0.03928259829188598,0.19436185759012448,0.1597377427591133,0.0867091891511033,0.18890571547925392,0.06353509707806745,0.14733974008268064,0.16362393650519097,0.25383348748686,0.043768588407670686,0.10924048045703846,0.027921908859615072,0.05044949876473092,0.0194892764557153,0.029355776222102444,0.003051154662953746,0.0062381423270151965,0.0026044451665119127,0.0025448247716959686,0.01088247725045111,0.015337975348701734,0.00554350557715886,0.010093226328109058,0.017874272351477746,0.05081638038703795,0.002141340118462474,0.002030855783007429,0.0343822306022048,0.14086040147311718,0.026745723403468164,0.11143685106340367,0.01183025530366594,0.03103184959838287,0.02940068845496033,0.03208224561006473,0.026545606158778712,0.07459593168326832,0.07246611414082123,0.10231065227547817,0.010769635553129554,0.016577594194195716,0.004782213504905953,0.006588320209002002,0.02158886190348615,0.036883164898691555,0.009000263707782848,0.0335923628577925,0.18899051133881917,0.18769581318630996
race_ethnicity,indigenous,66,0.5789685199658076,0.15694423171451252,0.20359409369429518,0.2784904301962546,0.0011362460067947254,0.0010041090841130323,0.010129696431139371,0.04634827178588291,0.031601745557660856,0.07104488890687541,0.1723769345094986,0.14911525352620272,0.024825591278248325,0.05358997335134237,0.017197410715391125,0.02410113837033689,0.1660532516283583,0.26189340321167326,0.08077916731726321,0.16858838597851628,0.03930395527982689,0.10089467218657935,0.05492145966061137,0.1282361584586859,0.003450668165566061,0.007051165214997258,0.0030257492321790337,0.0058638949609058555,0.021630939305671774,0.07497372466815394,0.0025812930429255534,0.002085162863388644,0.009797325147012474,0.013885459945471045,0.002142056944263238,0.0032320954215721287,0.01827296190612921,0.051553173535170124,0.030946343779126466,0.11918415671128664,0.00283976542039344,0.005598051884585974,0.03281637288587676,0.03607565745342142,0.04917194390410176,0.11857006361557158,0.05214779978886134,0.06750220697540218,0.011369176626568802,0.028381254088819162,0.0025670361638097374,0.0037568207677913003,0.028075624202646202,0.11426687913634294,0.014607377981354313,0.056498200728317995,0.22584113549215323,0.19967483241742984
race_ethnicity,latinx,80,0.6422213960438967,0.16856924691565314,0.19920542059262517,0.28894228329943117,0.003560794854274718,0.01896779440412311,0.0037931002618279306,0.0032458645006625017,0.016316847773850895,0.027945261648659275,0.14794183656340465,0.16326672551472804,0.027115216485981364,0.038985090146071884,0.037875039746722905,0.07055742142179536,0.14923085892696691,0.23181205300361585,0.12431713668411248,0.21611699229601364,0.02213463380903704,0.06595672544383169,0.04803159797884291,0.1274815630458464,0.0022527119661390317,0.0016470283098878973,0.0021073130421427775,0.004000043771973785,0.026427687424074975,0.08950548608680962,0.003056387476317468,0.004459550241082698,0.03220473361034237,0.1392030946746973,0.0018282388631632785,0.0028833188440815023,0.046604076747462385,0.13571602035276867,0.1573637036181026,0.2737504362466835,0.005676682996090676,0.016919658369105705,0.04948146668612026,0.1068286241824828,0.01746439458183886,0.07404193275171163,0.0283495920477435,0.039755733650216944,0.005192634544437169,0.011221056065906981,0.004037266061641276,0.008223791239615239,0.02704706082076882,0.09961484485632638,0.0036720341297041157,0.0038556761628025077,0.19182541063055397,0.22134687141292977
race_ethnicity,native_hawaiian,17,0.510045158512452,0.14261464566258514,0.1701120328062269,0.23826188265692974,0.0009192765882129178,0.0004913728481403274,0.0030614216811954975,0.001489523842590132,0.01506598004797364,0.015042815004881895,0.16205075996763565,0.1235246548251885,0.025653997018440244,0.048031971745945944,0.04190573700265411,0.0911516048103446,0.17672963411485612,0.22786505392485362,0.0729605927994913,0.10337658087610113,0.011890347759403726,0.015778739243846207,0.059750246377113986,0.1370604371919094,0.0020644583958475027,0.0011884864156001176,0.0022039878634078536,0.00360772311153407,0.009861150552751496,0.011857511355666598,0.0026250797587529045,0.0021917111786347947,0.011115091565229437,0.01803278935680289,0.0016101367569610696,0.002104463680526342,0.008587446977959616,0.012118863292555142,0.13003587852547163,0.2802396614418807,0.002968124781653066,0.006135444440203189,0.03445557022795958,0.04100843162788885,0.04345011255174862,0.10865918690148314,0.04857370944912819,0.06802888353502463,0.0070770786576972835,0.012951261295247018,0.0023794303329743665,0.0026625736854936593,0.00669532481183791,0.010410559027857839,0.002980119428898701,0.002516349961117984,0.2546134006560725,0.20189353845776462
race_ethnicity,pacific_islander,17,0.5544471197268542,0.18927531525410796,0.08329836340785465,0.18430461520593194,0.0018765632703434676,0.00235774927972502,0.02155335233135916,0.07565686255897543,0.04446503514533534,0.10739464976126954,0.10614882721839582,0.08547266940848558,0.03043194081606891,0.04304617547751504,0.03739492637995521,0.04912516352059389,0.24383591496221282,0.31587033390827074,0.0726113175315892,0.1693425544092447,0.03650678227902116,0.10512567408689943,0.06239786386654219,0.16198587335193668,0.0035926501629600194,0.006814098985671023,0.0032742861384416327,0.00718482285964379,0.010890055403305107,0.014017005008059403,0.0029101910117520567,0.0030149749767429783,0.006121169601101428,0.007657034504705588,0.0015039011675124878,0.0016531817380726912,0.062893567565719,0.18447609631291226,0.09487130750408944,0.24467920836399962,0.0054724226373603895,0.011552022864204231,0.028261160142445826,0.03861925428453489,0.0034126228381544076,0.0037280141272168256,0.05371103007072473,0.0917942819056656,0.004883378762101261,0.005446152888244984,0.003802582950276487,0.007903240983448277,0.018953863620374573,0.04820478405701193,0.003283124410218614,0.0027858863170267807,0.22909266682451263,0.15789403920447811
race_ethnicity,white,102,0.5934718707028557,0.18491279430693533,0.11979668127719824,0.21299007359454308,0.003525337002322297,0.009478785652048644,0.026271454569616576,0.10395792172327055,0.045041578235195986,0.10468882313759197,0.13971281779345637,0.15323091537579367,0.02685474269617093,0.055590371828991354,0.06041880097872505,0.12188587525523262,0.15393708938990683,0.22916847824477118,0.10255034418443364,0.19523775254650308,0.033877807186560374,0.07499292435527546,0.03475816362975713,0.08519318914208546,0.009787773256368168,0.05980621338920244,0.0033764716502571223,0.0064908079818709824,0.015910774478220892,0.02526574138754471,0.0033828492824777997,0.003143002704557969,0.02018696050742851,0.10341309498907349,0.002274648972054231,0.0037569330705545605,0.07093670693404205,0.18441781870172025,0.12587379798260015,0.26094310888946015,0.006511776561405985,0.014636451517358493,0.036473667390608026,0.08057476944051925,0.01481331036238236,0.05006581083543648,0.04980028014146157,0.11106487001832002,0.00740247000380894,0.013495471279418473,0.004640193717147899,0.007312271848904207,0.0364120019144406,0.10623101301754585,0.011664104655638392,0.06984962090501087,0.1806413616902907,0.19148905888027914
religion,all,663,0.6183539011359754,0.16643476955605926,0.13723799387038002,0.2307588309243412,0.0030886772431367882,0.02093767432991756,0.009518423237404849,0.05008117874760879,0.02475368889939984,0.06935175527682999,0.19327866855719397,0.1908667503568126,0.041309905425275975,0.10584976642239098,0.059222474220689235,0.1178750170115487,0.1970109012465872,0.27595194075883833,0.07748136165492843,0.1654755452699336,0.018455114083745283,0.05443822906796445,0.03294828794313648,0.08760418099975203,0.0027006335200413186,0.005746321877726694,0.001878818891653482,0.005663512458700921,0.01378522588465634,0.04667216231318362,0.0040164255873081705,0.026541131374701325,0.02202741205287998,0.10774810650046021,0.0014635085959309154,0.0030595824748710513,0.024597072628771657,0.0995336607854139,0.08223513954592628,0.20812127627645835,0.004449046569487268,0.01988058454391821,0.03858466182928813,0.07542818459615801,0.012782823923162429,0.054559286885096696,0.03923044377041708,0.09149449939705367,0.004788107927061609,0.009197157242847217,0.0037789799705050114,0.025060177091567576,0.02010245808373173,0.0866991466258094,0.004045157720367136,0.018660297602585234,0.23345659772597174,0.21694736485022112
sexual_orientation,asexual_or_aromantic,51,0.6139661365864324,0.1457036911200607,0.1124240606806387,0.22171427971928734,0.006914374686768461,0.03936082251748892,0.01594318043527321,0.0828907094620651,0.021834255506594975,0.06225971451325897,0.21314842204618104,0.2044236554427143,0.04847431425279116,0.11554336462209408,0.09107905793273091,0.19322954351132493,0.09697512827309158,0.17741531851977696,0.050437389022679815,0.13810438864952884,0.01978602291623532,0.0616035247834082,0.029599522523508937,0.04966196150721957,0.0026505993697427065,0.004315853440184038,0.002255130816575176,0.0035274478910639856,0.006130660905767524,0.009773268397697338,0.0025303981691489324,0.002247760129674243,0.006208561209610244,0.011396959254491367,0.0013929825303528238,0.0017123798652718752,0.028409897952395326,0.08690335230867825,0.09639425158235884,0.22404200661060306,0.00343207525392976,0.006209967269382166,0.043369957570023106,0.12235688111047428,0.018568714071115405,0.07769700095165911,0.08902129036027427,0.15615603329332126,0.007810327928917318,0.015852879850041645,0.0032925125446590575,0.006149276145719583,0.014694014545895305,0.04995900495316191,0.0037339981810838056,0.008144396384154448,0.29588283063369053,0.24358419909263912
sexual_orientation,bi,34,0.5993778468931422,0.15215332847634794,0.044347956393133194,0.10896998159137554,0.0015990920587415423,0.0015572862298018615,0.00705361196442562,0.02590976014343581,0.02931427614599028,0.0949312674919181,0.18790951445150902,0.1802676242982584,0.07048903090317789,0.17924200571431498,0.10969978788703241,0.17973638742120646,0.13041429983808056,0.22028179697692285,0.0659258582369041,0.1565333968859312,0.03250248823314905,0.08318511330055794,0.027342100525000954,0.048969768014589125,0.0031817755165427703,0.00594716246839085,0.0023699008144082174,0.002723057100699687,0.022903108335894477,0.1017726589453658,0.027758334842099643,0.1330823223487911,0.0024674791275174357,0.003564588889521211,0.002149514690459268,0.0025820066279553106,0.010113086128566304,0.018018097291519222,0.11440323629786316,0.25815459632313864,0.02338001546655398,0.0707507131587826,0.02209476412356119,0.021151118209646054,0.002084919613587451,0.0030126194540463485,0.055906810469048863,0.05246300521852784,0.0038471089253160995,0.00398300604286996,0.0036147491765030496,0.00507439262185691,0.043694680991500395,0.10741185520989945,0.004620390261098852,0.00808236901574774,0.2518232766100589,0.22137167266998267
sexual_orientation,demisexual,17,0.5573958631824044,0.20410746303241434,0.007723658492870848,0.013609746156694755,0.0008305434175246559,0.0009352982382135675,0.01068075468955452,0.03543862896204386,0.023332944495932144,0.046638190052258215,0.17206305846133652,0.16490232164279311,0.018255381331340793,0.02612599278958544,0.2161654896541115,0.26051759857886253,0.1449524092775605,0.14607186090916682,0.03824918569229981,0.09605771925381593,0.01762962309123181,0.02993978452221664,0.027976156020646587,0.030663442799263765,0.002794557613978053,0.005390953675443084,0.0017583191391381929,0.001994543015546276,0.0032748294282047186,0.002877275029111397,0.0031638132949250147,0.0025137138675834707,0.0014474665701581055,0.0023438844153722015,0.0008928736514302299,0.0006280915768762856,0.004006620376672158,0.00548026302440427,0.008066550879876185,0.008732966612451593,0.00535668946651961,0.007049907380451555,0.012927778462386307,0.007946779856617917,0.0009670503367327482,0.0013766560535561226,0.06209495570510626,0.06809644541249595,0.0024669631418552905,0.003274151370167226,0.0022658407414222464,0.0021153785790654555,0.00836131940869724,0.012923142784339798,0.0033704289714531865,0.0033272117311079143,0.39963754244587,0.2712068343553034
sexual_orientation,gay,34,0.6495359987020493,0.16254359932565648,0.054515763952889866,0.14862757964438333,0.001930022773141151,0.0022268841591960003,0.00566716944141423,0.00716444462742218,0.01515114021158832,0.018632475527769813,0.12605354157002532,0.11627683294331416,0.11765899713260725,0.17296571019293294,0.04433735292952727,0.10454785075324197,0.19223095788551933,0.2608446330660767,0.13617323818685048,0.20411093450988096,0.020735505749197566,0.04752865566232594,0.07890400091213558,0.21044711242587671,0.0026506162197192143,0.0018998920777477915,0.005619547030244789,0.012538653522181321,0.007381898202070528,0.007375231325216372,0.004335427026757423,0.004280355072102414,0.004877548719591954,0.00513335663159273,0.003076748674228678,0.005377926196263273,0.03143174828352023,0.07954111435818872,0.20606161621125305,0.33047108176537227,0.010321561245398377,0.02772788320773248,0.0336639295291046,0.024758704621927422,0.006359109067810042,0.01565812694497636,0.07540271454490721,0.19759902820358097,0.0076030536892015815,0.013026733435443517,0.006654406634933206,0.008292017169560703,0.0509737864622901,0.15844517911378384,0.006548063553910812,0.01583946372675032,0.12162359061596148,0.0938014196658921
sexual_orientation,lesbian,6,0.6385270804166794,0.22123591115813182,0.036580859373013176,0.032401712044145464,0.0007788178821404775,0.0005311838411039201,0.011839600241122147,0.01130980732123106,0.0594354128309836,0.08101491190069858,0.25778149875501793,0.25099579061057087,0.12480869276138644,0.13864541704362357,0.023647194087971002,0.033350074604032005,0.14698696325649507,0.3431721005311287,0.061765117958808936,0.1001822764671625,0.022179700899869204,0.027850804533447855,0.08865885219226281,0.14397882879116355,0.0033509647473692894,0.0022595152252735517,0.001577404938871041,0.0008253455267261446,0.006675576829972367,0.006905318491150628,0.011769664105183134,0.023327177886001665,0.005077614972833544,0.0044355050750763386,0.002082569757476449,0.002479100025352715,0.006539133047529806,0.007608993416903511,0.2603357792443906,0.4009898352469991,0.019472887584318716,0.04373313664661725,0.046534109550217785,0.02680598020802178,0.0032821990559265637,0.003112093407972242,0.03923920914530754,0.03272918327154378,0.0040083927936696755,0.002733067210534718,0.004998176494458069,0.006797612508477842,0.015196171356365085,0.0251963582840872,0.00757382307589675,0.014841248679227755,0.11965742520987988,0.09938257230500809
sexual_orientation,pansexual,34,0.6824454305803075,0.1716385596964237,0.11229778315036502,0.22104708592075764,0.00446590207695194,0.015095718557870596,0.005229002594098668,0.01171419005177186,0.02402104383937138,0.05188096302579221,0.1603647591546178,0.16264866025078842,0.03764439937795567,0.07388479051936409,0.05373672027524341,0.1576009489906261,0.0768232429143288,0.16759979532571948,0.09639531979337335,0.22741443076420637,0.021555577267837876,0.07619597976745765,0.026775219292818186,0.04361427636751283,0.004220703267492354,0.009343401358676305,0.0015571325818788918,0.0027771156217938253,0.029249740495716277,0.1330731401687905,0.0021630880424602177,0.0025206999578443645,0.02754503776668571,0.1383283664563313,0.0011646182726561913,0.0018344371227603682,0.03688501623144154,0.14376251501411896,0.20682291481609674,0.3316552861615745,0.0020837334874051843,0.0028783621242496355,0.02214054873569266,0.024009533326334834,0.0022323255862455186,0.003317433759348651,0.05126081749468165,0.08007620110037952,0.0030151908996391714,0.004251459391287133,0.002301540827508742,0.002627400531534506,0.019645761910771185,0.08229931784944848,0.0031118631698465083,0.00496212253207095,0.28876845357830033,0.28568237704882665
sexual_orientation,polyamorous,34,0.6526282184264239,0.16444860565977734,0.05938543799086748,0.12686639757004817,0.0014289145260323387,0.0016900104808548466,0.004067372594042407,0.0032732376335671,0.01929534526596613,0.03495291199685882,0.20986181007259908,0.24743055188999885,0.07537862603032194,0.13546252999389086,0.08970561097478769,0.17184795626023594,0.11581119244938771,0.2116231692904199,0.05294412219047766,0.14567503015580582,0.017541068133569378,0.044080595323333825,0.031070888330064276,0.06839448118548112,0.002051167474265265,0.0016740160110837819,0.001664789516807479,0.0027149838464799554,0.005279022453845862,0.005745190766395844,0.007256684961783535,0.02144812591601781,0.019803017514812594,0.08682817593674633,0.0019354073044857668,0.0032742035963398233,0.02933730683220989,0.12264221168796817,0.19544600876842572,0.3249069821254557,0.01793848414586939,0.07344944296735324,0.021831277388093227,0.02212365147571864,0.002376783866138259,0.002985815203874998,0.03468194858664099,0.04485984995359715,0.004488371523621026,0.005006568251659798,0.006659652349566493,0.01909129486472585,0.02678131209241281,0.06924839761659388,0.0030868453297229924,0.004953343492391792,0.27626958575702326,0.2646967459587263
sexual_orientation,queer,22,0.6395100612532009,0.16211099891229136,0.14699801938100296,0.21924381036500692,0.0014732650491747666,0.0013187288083147306,0.004092944124501876,0.003630369142040663,0.01399807416071946,0.02034184920014132,0.2007716144858436,0.21363123941010034,0.06403796264732425,0.15436047870251812,0.05017052418076095,0.0873431590064351,0.16242184124315495,0.2920918660495966,0.10655031963886524,0.22767306159644393,0.012735823465680534,0.011688579827305406,0.019441003699532965,0.045313775075028595,0.0026438507484272122,0.0016533750069150869,0.002039335975000127,0.0017890406263446658,0.010835635719228198,0.019647327554789713,0.045789906892671504,0.17805388681446876,0.00420219926904379,0.0053188063070338755,0.002108784530057826,0.002128964449021021,0.04152893033989875,0.11601399116861194,0.1567324353117411,0.26338709470576976,0.02083295116873077,0.06417465064686924,0.037835530915551564,0.040000581424998384,0.010516371335225731,0.020265445343527182,0.07306552371433513,0.1225474177710203,0.0083053301906065,0.019231503052713827,0.0029954386594578286,0.0016617648504418348,0.013395549687133594,0.01771138683154957,0.007240606772194786,0.019169877276265037,0.16253573904660615,0.16321876829016854
sexual_orientation,straight,51,0.6427597047067156,0.16645484216512446,0.11412998190259233,0.20736358827866763,0.010925329204730909,0.0637601838499996,0.008859848891220549,0.024946745765858775,0.026117089272969785,0.06682562538931731,0.1895947418102593,0.19781109512130515,0.1220926573139378,0.2148384337423966,0.064152373988227,0.13476127055646092,0.16093512612289987,0.26936903435365717,0.09176016323651899,0.17157312612540127,0.015692346318460563,0.030493689903487307,0.02483781913350172,0.041852667899125444,0.004915491385641051,0.013505131862791127,0.0014961434410674973,0.0013913416430090786,0.011816748925804288,0.020541928224322915,0.004697777069511586,0.005618753816951039,0.006738488330715792,0.00940124821503695,0.001927959783215021,0.0023692008434264343,0.07136279320020192,0.17056223905775805,0.18163876122950265,0.2986059652017521,0.006145559885886078,0.013337142945369976,0.06698912290363189,0.13526430489950997,0.0069031293810528985,0.016961744396388576,0.02725862124569568,0.031409495593575594,0.008309499427388586,0.017771539721310094,0.0048820163259127485,0.009175716746559315,0.019603318705990472,0.05698830224704239,0.0038222993641872614,0.009459058745370359,0.1519615857441928,0.18262038082125637
socioeconomic_class,(none),96,0.5839825749086837,0.18877391863875972,0.15688479223657245,0.24470069117767,0.004535529771601432,0.02240233710044004,0.010792923120789055,0.07552656735641275,0.02453572983601286,0.07764439549836853,0.1646961439740456,0.1480179585975662,0.06463503863778897,0.14787725139642552,0.03317721180610533,0.06731469566979706,0.13205011267503627,0.21877244320590558,0.0759367990406948,0.1742374482701458,0.0518224096110013,0.10925349151781637,0.020379531643508624,0.036836276172964914,0.0024162453210010426,0.006002444673418436,0.0018544668334167607,0.002517229770530312,0.024028984662436415,0.09727401789675647,0.00308853758603315,0.0036901272162573485,0.00695133015809309,0.010864088699174572,0.0020046659131670217,0.00247009691201618,0.05750545615076893,0.16609351158561494,0.09366739261652886,0.2380001335228814,0.0057059325044974685,0.010451159461078805,0.05451316049826952,0.08853142651784425,0.006246401990438244,0.010267785891811317,0.045917107573283523,0.08557912120501118,0.007531091926466615,0.011569110707024698,0.003859150392296821,0.006074736984165455,0.0413310011044814,0.10829619991543853,0.008796035779596423,0.05722231297487284,0.2048370947256141,0.2082674919330533
socioeconomic_class,below_poverty_line,51,0.5691549108893263,0.18783590188148072,0.055069299666987113,0.17639665880446495,0.003159396187744706,0.010544648891878198,0.009123157085531264,0.03719700153001182,0.03478671734531721,0.0662201583404646,0.09660122478746024,0.14572017449116323,0.07615479817796572,0.14858501715267397,0.041108190814745336,0.09168069932848963,0.10307554656116967,0.18731455896563015,0.1686651527164869,0.23972494860357887,0.06955766085964427,0.1292717188635777,0.037854364424870876,0.08554202303277969,0.0029403376313127286,0.0032402477516044435,0.0023032254094312735,0.002832027902313925,0.015268390329426848,0.06318332213695185,0.018943176332030298,0.09765835820160913,0.003418849988877043,0.004369517189693309,0.0026138109382123267,0.0031747889843043186,0.02943480737146684,0.09679150250782051,0.09878717585553543,0.23466832231970006,0.021247848304554673,0.06451536837297916,0.0644829035462702,0.12726950778599364,0.00235882253493365,0.004132100575341315,0.022877920811594118,0.025182553933515067,0.004785089505329619,0.011593541346099231,0.007915880843796129,0.010589459097076368,0.05868415788898025,0.10328245772175093,0.010839444306090145,0.03952879293618703,0.19369576411212192,0.19821665615236786
socioeconomic_class,educational_attainment,34,0.54331114274614,0.157401932266167,0.08237310931401547,0.1568848599901533,0.004309074219610707,0.010312757941018144,0.016651277764193603,0.07357774224495797,0.03820626922499608,0.08090676183496251,0.1518284867736785,0.17621038592525554,0.03172013235812569,0.08179506559638941,0.07822365125449483,0.18270777446900952,0.07695591490311712,0.1531842464189534,0.17866843485492556,0.24894540752522534,0.0390960023882251,0.07139376331135475,0.047981492592953146,0.11211216822257346,0.002834452475380043,0.003242916300918842,0.0023910022719064727,0.0035296650771890798,0.034813407385680714,0.10605888664475824,0.004302537456490374,0.007397658185438735,0.0031567181362975936,0.0029288148495794923,0.0025821711965631146,0.00581450980442895,0.0545634665468242,0.13413924491278237,0.029299315984484136,0.08805796359361089,0.010177215761573547,0.024776913692358037,0.039583184605683476,0.03752728472552627,0.0045828307424124115,0.007493112530411912,0.04960473348824855,0.08512427273649925,0.007415180890615482,0.01352526877457281,0.0035922782810624034,0.005538896138535645,0.04303664342938539,0.13037952626725088,0.00252626503831433,0.0019083843115198877,0.19544235748403213,0.19689797288206698
socioeconomic_class,middle_class,17,0.5609898760038263,0.1791555577866332,0.06463079321581651,0.14722559109307687,0.0041156835436327935,0.0113039768511209,0.0037232282989220146,0.00382060504198773,0.029643744285054067,0.0428258180693052,0.15308093252208302,0.18327314758351845,0.04746376841520781,0.0815463342757416,0.042224991148995125,0.11584447379347239,0.06673938411917976,0.13562878228347297,0.15375326015397578,0.278166060786732,0.042675948003306985,0.07399175971883681,0.040076342534602565,0.06514985815402143,0.0023489792074542493,0.0014149653102961109,0.0026792695074725676,0.0050278162167948495,0.023277521463836926,0.05555168615286679,0.003132557600859881,0.003147577203958887,0.005295299310305649,0.006793782278442987,0.0018736749394413304,0.001750722324357782,0.021837351203430444,0.05412552701026265,0.008475554050699644,0.01624555788879183,0.004915911305408158,0.008139380052027478,0.05016514378161553,0.04990381556759222,0.02411746317846016,0.08527738565531698,0.04458564593840171,0.06365426892414548,0.008844067013021284,0.018086572120654294,0.003596317156574086,0.0035003854535640756,0.021607405875864273,0.04396393953284904,0.03374566130600322,0.13226880382441789,0.3045899945804301,0.26047666515108786
socioeconomic_class,upper_class,170,0.5755531944772776,0.17345307277429087,0.07661806128453463,0.17165036718867263,0.003867525650318438,0.02558276567319204,0.009783984297503006,0.04759058171653179,0.036706214107792165,0.0931351807603953,0.14400737926035242,0.16680742469233395,0.045791739829377655,0.08683827817936127,0.05560730541782344,0.12321054989811991,0.1339759415207321,0.22649992822520695,0.0998283883145846,0.1872370251142117,0.04547302331604228,0.10285024562438418,0.025716922683846753,0.05044549318793902,0.0026974231576519635,0.004584393176582227,0.002229104690880323,0.004696897167848031,0.012336838976411588,0.035275160233805926,0.0032384895764099543,0.00750261499490064,0.013405186856706518,0.05590501544608325,0.0020359257618752856,0.003159215258396166,0.06812400541864061,0.18307932020359657,0.07783840580788605,0.20686176294867406,0.00807665025752024,0.028244167162505773,0.03805636751040926,0.05223965770679914,0.009238649864196572,0.04051392633719864,0.03715805719497011,0.08881228872044769,0.009551334073715707,0.018318166177252234,0.006981782066406381,0.041705248352122234,0.04521918182778309,0.12842144660025834,0.002295423487221877,0.0021711586086021035,0.24446354300221976,0.2189929629227409
socioeconomic_class,working_class,34,0.5684922837159213,0.14117908736877255,0.10714637831038357,0.17523156119753044,0.0028730200210702606,0.004097182597802889,0.008574371174772215,0.015992023182161617,0.05291729613535983,0.11994900913031784,0.16110734008800456,0.20391294192556508,0.05090253668159301,0.11023133813220025,0.0681426604055827,0.1567141770102316,0.1842420851257082,0.2710746935566367,0.030886333894587177,0.09681158918411281,0.03302439356647322,0.04931050146087789,0.05289773110245519,0.10808022244327141,0.004558423919233438,0.006702689567159772,0.003946846420363085,0.0064209720083839355,0.03611888397084412,0.11644301709366836,0.0056740889044971585,0.010634549962136766,0.01831553383346866,0.07772882648206496,0.0037808078769183554,0.009393381472565136,0.03711008310304297,0.14793798052129478,0.03183277253393659,0.10933397685598306,0.003676573292228996,0.004553253479949532,0.036496660172227115,0.05156308330483516,0.027320749902334202,0.09140535034025046,0.03665144197807154,0.04634174838039839,0.0107888262192479,0.023124678535909143,0.002682967858751962,0.002660494213221476,0.0481863355038085,0.1496231750285471,0.026514776783776197,0.08567539231275886,0.20359013711704926,0.15473339108696732
