axis,bucket,count,mean_max_emotion_probability,std_max_emotion_probability,mean_prob_admiration,std_prob_admiration,mean_prob_amusement,std_prob_amusement,mean_prob_anger,std_prob_anger,mean_prob_annoyance,std_prob_annoyance,mean_prob_approval,std_prob_approval,mean_prob_caring,std_prob_caring,mean_prob_confusion,std_prob_confusion,mean_prob_curiosity,std_prob_curiosity,mean_prob_desire,std_prob_desire,mean_prob_disappointment,std_prob_disappointment,mean_prob_disapproval,std_prob_disapproval,mean_prob_disgust,std_prob_disgust,mean_prob_embarrassment,std_prob_embarrassment,mean_prob_excitement,std_prob_excitement,mean_prob_fear,std_prob_fear,mean_prob_gratitude,std_prob_gratitude,mean_prob_grief,std_prob_grief,mean_prob_joy,std_prob_joy,mean_prob_love,std_prob_love,mean_prob_nervousness,std_prob_nervousness,mean_prob_optimism,std_prob_optimism,mean_prob_pride,std_prob_pride,mean_prob_realization,std_prob_realization,mean_prob_relief,std_prob_relief,mean_prob_remorse,std_prob_remorse,mean_prob_sadness,std_prob_sadness,mean_prob_surprise,std_prob_surprise,mean_prob_neutral,std_prob_neutral
None,(none),16,0.6786252185702324,0.1680350982752592,0.15524346175516257,0.29075511853165537,0.002909076833020663,0.004285197291195745,0.0027084990142611787,0.0008939973307918894,0.010093549208249897,0.006604987074921426,0.17422860977239907,0.21189463168091768,0.058203609798511025,0.14021152630348724,0.10924763492948841,0.25931802426146217,0.11498506945281406,0.16373839648012384,0.12559424970459077,0.213291541207215,0.009301258578489069,0.013237499129891838,0.015588866212056018,0.024117372848843327,0.0016957661864580587,0.0007520518373490527,0.0014557163740391843,0.0015648791999733867,0.009651158728956943,0.01053592007059496,0.0049435179244028404,0.01036757633268867,0.004935765076879761,0.006244333903074462,0.0019146128815918928,0.0033364240214119626,0.0849243802476849,0.2290498927955743,0.1591037379403133,0.3237041978957063,0.011450576846982585,0.034682051397399244,0.03831386320234742,0.04375112834056955,0.0062489930578522035,0.012199685600067057,0.03968460130272433,0.07454918138165745,0.010194280290306779,0.023283795339073182,0.0029862192986911396,0.00425840370414949,0.020194695593090728,0.06152334170326695,0.0033907694087247364,0.0047589325234991715,0.194618723471649,0.20886854385083803
ability,(none),544,0.5946377516066765,0.18544958670059847,0.12088495083074069,0.2267518115780132,0.003090232512423587,0.018133642568623917,0.00748373684607085,0.032965251010553226,0.03233534688308068,0.08295722335592697,0.15413866209222332,0.1549115898882829,0.11723496906501275,0.1954531379742882,0.043025541311341356,0.09008773458650313,0.1220767106881206,0.21515441709656488,0.05866018100791467,0.14843796029727743,0.039459875603664415,0.0876062564126703,0.02641072132588734,0.06649700088378455,0.003318400728804751,0.012288357993528403,0.0034027346349402624,0.010610528508220295,0.008808513690596823,0.02258181632556613,0.00881347296816624,0.04992801304647783,0.03787110889312745,0.15558331484885832,0.0027325720348284556,0.003875674617197246,0.03862044176179659,0.1247050360999949,0.07483538760847938,0.21134027727927163,0.013124737927575873,0.03695939924089479,0.042971843566620545,0.0912406768015456,0.00926180999725629,0.03791035856794545,0.05209079972358749,0.08662376449252612,0.010003455988145801,0.017746626611787667,0.005826701559057897,0.022776218045051883,0.05015190040445733,0.1268818550881121,0.003933686926168722,0.01448315147087209,0.22465280344648123,0.21445751812514266
ability,auditory,68,0.5752784493653214,0.1898914155227405,0.0975876690388438,0.19141971391447024,0.0016302280690818887,0.003102864308408163,0.006944018533806016,0.018305678261152005,0.05045415721970665,0.13647778408848563,0.1653943734572214,0.1560435912293805,0.05531578482580645,0.11927979546995078,0.03644736077181091,0.06429003882709176,0.11940766067581375,0.23184793986439436,0.046276467497056516,0.11970428895135432,0.03212443968240062,0.056137635679805745,0.02178235546863802,0.03230218339269397,0.0025395158590981737,0.0034696655344735373,0.0026827418264207046,0.0036729969679188757,0.0075546712332117535,0.014735573867765986,0.0032365647930419073,0.002796780853646043,0.058021100788370375,0.20117918085531242,0.002349185602831901,0.00442128702096074,0.03431249635639902,0.12211360371196556,0.045947825759546555,0.16589828493089365,0.005878211257582092,0.008768496635297647,0.0367243801969487,0.1046250871374267,0.019845394002378967,0.06470166688644806,0.07912878772271249,0.1253542744019086,0.012084327386700726,0.01838541826792524,0.0036069678693927605,0.003910261325564217,0.027756398958017063,0.09253976720648972,0.002534053329487934,0.0023134705594328366,0.27712398609283434,0.21566620042171292
ability,intellectual_and_developmental,17,0.5845833262976479,0.15094142775603195,0.14970507397425964,0.2518486346504737,0.0016222568280200528,0.001489765691340262,0.0026786977028035943,0.001876659571485518,0.01104296584997107,0.006506570836396815,0.18228039397474596,0.1736181664331278,0.10260182020583135,0.1705019211128789,0.031105774557491875,0.054618037043784956,0.13908545416951015,0.21729241711009456,0.08925099392859813,0.2257466376886563,0.01857729549930595,0.03685930702970212,0.009748482775381383,0.004850773942306438,0.0019883648834793884,0.0018463664435814009,0.0031593465006581564,0.005757991148074339,0.05600354769814979,0.178725278279897,0.0037749382317997515,0.0030073709755693324,0.02765816797481795,0.06279984443441243,0.0019452747912830947,0.001903410375028041,0.018030342170009938,0.029178379852847502,0.04672124223126208,0.1515041665551213,0.00493415749138769,0.004825254139143757,0.03387084197910393,0.024326504301382147,0.03091910363839227,0.0986111363883526,0.08900924289927763,0.1492343589523578,0.015100537450052798,0.025372942129406998,0.0032288770547465365,0.0020986219233237375,0.009778064929003663,0.010857549888926616,0.004003202405703419,0.004577084496299412,0.2073438203729251,0.19032800019240975
ability,mobility,85,0.6170936069067787,0.20021365574402417,0.10640479140942369,0.22774453804743994,0.0012756359328598003,0.0009643220176045548,0.010180663583827588,0.0365245175788698,0.03939333389074925,0.12113409606098714,0.14123315967838554,0.17038499864706716,0.06422292764901238,0.13244716750048732,0.04521087619325365,0.1091209795663638,0.10796372205813361,0.19830883566138377,0.15042597078581285,0.23117125459692162,0.0395213757901836,0.07281083355915544,0.016296280276797272,0.025191132692355893,0.002794328486711225,0.004010109942306797,0.0017724388689898392,0.002068584883514921,0.006340295592706431,0.006577610802456809,0.0040631709812099445,0.008051635990726065,0.051861075289300916,0.19449188466387624,0.0027048903281170437,0.0044443214538660404,0.01308418041889501,0.024305381801128886,0.11585926324238673,0.27359698301331803,0.00890925122469472,0.036279712326586944,0.04997188145678271,0.07830126296109376,0.003963590660543345,0.00572932147665837,0.0427231674301712,0.07768666902264372,0.00585711571483818,0.008895972794708967,0.009730609103023787,0.05330411084955212,0.06666913980494855,0.17431051307460071,0.002213890681741759,0.0015586031571547178,0.19463443392339874,0.17576104016180058
ability,neurological,119,0.6071732184466194,0.16606885008342917,0.09104726798274797,0.20322386332138953,0.0018714654676130966,0.00439216840406327,0.0048515260495448935,0.014835376057456339,0.02932609338900309,0.09711917586743687,0.19415001173605437,0.19087784813403105,0.04345053541884922,0.08848932036985951,0.050836896440190335,0.10433954557852909,0.15243051176599204,0.2514108271292825,0.05887138560324313,0.14643696016945554,0.02613805584754294,0.05232651746522456,0.026481615464563065,0.07228387823640975,0.0025940326701834045,0.0030921086507687133,0.003200951298432691,0.00688513078565565,0.011202708089199825,0.057074077926751995,0.005567732350724679,0.010867169648700709,0.01493561008382352,0.07605328233878433,0.0016886655411471713,0.002158896825612805,0.014756662687951965,0.06600218408944997,0.0719710988266014,0.22093167157893082,0.014152234090989096,0.05572498024967548,0.044728438053945344,0.11966819833230673,0.0038162668517405783,0.0061394389621561435,0.10254570113557603,0.16831658165781926,0.005960750832205771,0.009099758712508853,0.002876561525754216,0.003446749918303931,0.02758555470118612,0.08349625920168176,0.008466888429692891,0.03584764890639002,0.25828943065829385,0.22555907724568247
ability,speech,51,0.5368044484479755,0.1810655635743609,0.029014421221754495,0.07340695640526153,0.0013014120069747865,0.0012190085163215469,0.01769626343864765,0.06473991829938441,0.06106545269836252,0.14813907734256745,0.10876718293145007,0.11379211887618497,0.07872639017581355,0.12280382135889,0.08257452215698055,0.15034186771830302,0.14617262806574466,0.2103318957526222,0.12743461998773045,0.24045058083765228,0.04866656534346368,0.07808506953460877,0.02631089140606277,0.050951578194545155,0.00508244334510071,0.01307206330931412,0.002912262175003907,0.003721198107399789,0.004753680815281091,0.005797981351051536,0.005245782600432707,0.0061962823565174,0.037985765035366915,0.17956326692468366,0.002386394619950842,0.002950486364325225,0.010016110739396775,0.0323062006405324,0.020441497933443672,0.1136422518781639,0.011510537781492424,0.017510576816944394,0.03218408433866559,0.03285449061482406,0.0029487961521012683,0.008197035283161201,0.04407074172323679,0.08250918895119025,0.0077181550387096795,0.020223476360562657,0.004559762343335166,0.005626058945681173,0.056937230309224963,0.12767736469073077,0.0025774037012346452,0.002933210036740571,0.24192697934660257,0.1873810177220825
ability,unspecific,102,0.5450231313121086,0.16828592070595857,0.06054041011021564,0.12939754037382684,0.0017440362460226478,0.0028668086270113797,0.0046636650821550146,0.008120962951045706,0.028262822537262942,0.06063045297428838,0.1788330435862436,0.18909398814003311,0.12019957861904164,0.18513903727273862,0.04092280207916309,0.07648574789139034,0.13467776538449222,0.2200481906035506,0.11667923338074401,0.21609385862005404,0.050623482284957874,0.10744432095409048,0.025720132211241507,0.04607469346489636,0.0029321915502020833,0.003876835883649117,0.0035123238448446213,0.007592631862529223,0.008471846987388334,0.022232920487158275,0.006064962500400439,0.011921075442761333,0.02371860815123107,0.1262208969244933,0.0032299482546103023,0.0038473932733341506,0.038327817091211566,0.13941276986542547,0.05765926610911265,0.1792347248417429,0.011717998325098854,0.022661544453336714,0.04401394440655542,0.06942022981676704,0.010065954361683302,0.04263966519138334,0.05002916007594881,0.07544620488099732,0.011053242105203132,0.020006385971220272,0.010548591641732035,0.044535428438311986,0.05912730082134515,0.11343499629341482,0.015072907514039282,0.0670028957161481,0.18632328716179758,0.13675275334961964
ability,visual,69,0.5854028366182161,0.1723976968362154,0.06186773051403166,0.15852512540300856,0.001979339740448294,0.0038311543600553694,0.0038292882964015007,0.006348952579740913,0.0235418278514745,0.04307802060783305,0.15651571982796642,0.15902925640997942,0.10471840160966352,0.18521456672855433,0.052803796496701194,0.10384608585276621,0.1478391903342065,0.23401788924879782,0.04488162172661311,0.1253058480867355,0.03403628473777486,0.06511651551347877,0.028231971401154347,0.08020267862102996,0.005936724788836622,0.023423358418149014,0.012944924972016715,0.09071195022023135,0.006503261006994011,0.018055604605062656,0.007176045103983926,0.018102245796713566,0.0347715320600875,0.15218762795128704,0.00224644057743717,0.0032461856743799212,0.017838288786098954,0.07717492094675821,0.044666129573960316,0.1374833298913291,0.00956757324372344,0.01906521489800737,0.023469708981397358,0.021693257527979872,0.001936921514098303,0.0024664740615511637,0.04993292271578009,0.08614328909481467,0.004518951188335937,0.004797057952809871,0.004337816770387598,0.006344297022046735,0.05558769688755949,0.1425974553596163,0.0024363997947438147,0.0030829113805835038,0.31019079975405894,0.25443157814573286
age,(none),16,0.555958217009902,0.1659220655505169,0.019540080858860165,0.03238904493741996,0.001494061838457128,0.0008144715817119158,0.003862437413772568,0.00263830436973544,0.025086860870942473,0.0236760265943994,0.09642193507170305,0.1261138153143815,0.11020409003685927,0.2355359587078057,0.21571508832857944,0.24366802946227714,0.14919650114461547,0.22956876138626933,0.05751088529359549,0.14115059407078065,0.089457326932461,0.11955170144937427,0.027187841609702446,0.02377605405802469,0.002710586933972081,0.0015752796401352815,0.004669687812565826,0.004182164457187198,0.0066541987616801634,0.0069201316516753,0.009476506100327242,0.007727499354617125,0.0025584056402294664,0.00296766745780447,0.0025516690766380634,0.0014811507605441761,0.007356355701631401,0.005403994398849553,0.09053792473787325,0.23207248741520714,0.021865541268198285,0.018933122717031483,0.039359025337034836,0.037004112870245624,0.0015208736531349132,0.0012911674090417802,0.09071085540927015,0.13775491708377693,0.004823872841370758,0.003992488817891308,0.01051181181537686,0.012761459210537887,0.04481623617175501,0.05925431460879909,0.004935054792440496,0.004546469226238039,0.2065800767741166,0.21243532285261976
age,adult,17,0.6032001568990595,0.15005105743523336,0.17569295592907377,0.2994672948758956,0.0033019120113321524,0.00893827535828031,0.0033870386678780265,0.004278344033182393,0.012172110433525899,0.009992537053580466,0.12282752541496474,0.17592995859798793,0.0754230448647457,0.16450810723803103,0.13065797601730617,0.21869935056999526,0.1280281384345418,0.164166918144229,0.10649292257970527,0.20226792799565663,0.0343820688122993,0.0768370549838509,0.012297829421346678,0.009692264519723593,0.0017684736864312606,0.0014317301104646261,0.001619920427294667,0.002316552918930828,0.020597125232384047,0.06753331291154122,0.00264242387321942,0.002988919784718714,0.053777480574139835,0.17556454427733678,0.001976919374154771,0.002952152433663519,0.030208054491702246,0.09664579293801236,0.08334031675065703,0.21551386435618616,0.005788578549126054,0.012580671269847922,0.02707896293962703,0.023915777384347067,0.0037244218149092324,0.005992864559081898,0.036679847261813635,0.06609203690119066,0.005034079230801367,0.008169236418874825,0.006493860804338884,0.015824151978484562,0.04393183971371721,0.11845194962439132,0.003106069644940469,0.003459044768923631,0.20695727055563645,0.1922340706433042
age,child,68,0.5754033528706607,0.17000037495205575,0.10829798913533416,0.21500027779733913,0.004575398001607563,0.014202239063714907,0.006122656772597967,0.016718217256872062,0.029758712273392388,0.08354088898097002,0.12384438747540116,0.12892398343164294,0.14862314829780884,0.23384877148371097,0.06028286735219059,0.096064279186751,0.19469535693796763,0.24805034208934132,0.06562424717241597,0.15163584180011322,0.038566372972769276,0.07958785506276278,0.015593636890544611,0.029717957182927298,0.004360782534657868,0.018789111410411383,0.0021976181425784223,0.0030203255435696168,0.023821386437596043,0.09749509425049754,0.0053260835783850565,0.006615600083354521,0.017332306375679122,0.11850612598272216,0.00279615532289266,0.003229529734352675,0.05566421089101555,0.15390420482868689,0.08809328429239993,0.21514349441392186,0.016286842460591717,0.03797595361145336,0.024664423431899837,0.019377208849199263,0.0034089713496595164,0.006918858219111051,0.04225062105722506,0.0968378366793566,0.0075720201947500326,0.010825796050076417,0.006337446176022401,0.008724045477342913,0.05226122007041019,0.1003911571306426,0.0031129370104548905,0.003874567129356716,0.17566603882347837,0.16565529593853168
age,middle_aged,200,0.5821560268104077,0.1769790495083347,0.09630625798919937,0.19438196606574096,0.005740996883541811,0.02617897854771864,0.006110774424741976,0.020877595309031258,0.03304992530494928,0.08948851405341318,0.11730783371604048,0.14459786148550652,0.08390804300099262,0.16928681533162157,0.07038090011599707,0.12532712967886014,0.14243547563834,0.23161396203518617,0.06827277869160753,0.15902905192941577,0.0479546188947279,0.09763663690587109,0.027998871669988146,0.07626965662204793,0.0031959673746314366,0.010159867176468822,0.0028946508311491924,0.00445010083922315,0.011805161898519146,0.022797596296817907,0.005933019668009365,0.009415492407689905,0.018261083988109023,0.07697053534657988,0.0036150073383760173,0.007021656016459095,0.06825149923242861,0.18155856429899997,0.09542862745583988,0.2337494300919317,0.01772994189617748,0.04230226837287886,0.03699568238807842,0.07607522752125043,0.005834665452166519,0.024339926496994475,0.050630843521794304,0.09977287364547148,0.00860872014571214,0.015130513045738437,0.006575692904880271,0.018408009882938007,0.06915395743330009,0.15020838769061914,0.01619502988862223,0.08148572657401269,0.1910173810669221,0.18200826173810303
age,old,469,0.6145954522242678,0.19907127720060358,0.11891625500517462,0.2337308436235127,0.005227430333560362,0.01209580275863892,0.014080934089681467,0.07379456340814584,0.03352563575194128,0.08264090668008056,0.11305574931279778,0.13177687399685054,0.07621349196340929,0.15023781030172065,0.05562164247124595,0.11749737878484015,0.1464246385326204,0.23048517908102334,0.07779854604428801,0.17331210601464295,0.031137682317541653,0.061953508069255814,0.026848456569399232,0.07061824956931362,0.0032311092386010294,0.007219500343495743,0.002427612380338098,0.004353608783824938,0.023715456097964136,0.07400415678310886,0.00647903344733442,0.018261851573825,0.022834842793083985,0.11097100008986868,0.003492446389170423,0.0069800991794776,0.1077918038485812,0.24535800507666153,0.0989624439187766,0.2301669162302419,0.01344800002785198,0.03690465686019619,0.03348691133694894,0.06203779281557189,0.005942892397692832,0.02143267812311169,0.046519288860225695,0.10186313764483139,0.009198855861855386,0.014737862632288892,0.005325468248257767,0.013336765306407664,0.06226735096970903,0.15065804194007845,0.008214938088080912,0.038013463075885164,0.17379648564581965,0.18933171792139547
age,young,233,0.6080042588096831,0.19357100707802816,0.11672394758324207,0.2383665404305107,0.008147293773215951,0.04948608672630158,0.007947479782410189,0.04918130299900085,0.027988876608827915,0.07461238185941348,0.1045410952774624,0.12556106317481833,0.08518571827671582,0.1661588115558068,0.05999262106096244,0.11934824199686805,0.1337610102105484,0.2103211849590726,0.08137682706863088,0.17549333051484187,0.04935346888013528,0.11422595826424116,0.02036916506736511,0.06174512171759897,0.004042954481898332,0.018979868330533108,0.002401942842954254,0.0035058647548518486,0.01810401154216379,0.05677234874866861,0.009637980662059446,0.0546940679353908,0.012710740876208207,0.07390956888749559,0.002905550294045095,0.004390916553286978,0.08500325689222184,0.21451478151408726,0.09729630679685058,0.24475738999442587,0.020657533536604687,0.05727396658132824,0.034240716382813174,0.06219534395597146,0.005263704751699897,0.024048961831808824,0.043819321103617866,0.09257488866891893,0.00879178587319789,0.014592650984233409,0.005236055113836352,0.00796579223235723,0.05332127107317807,0.11663082287247185,0.010963684066334668,0.05292507220310158,0.18955903592251658,0.20226591482716125
body_type,(none),80,0.5922647435218096,0.19329739378428282,0.1567374857258983,0.2655897362594888,0.007206042083271314,0.035214563304367785,0.006891073493898147,0.01692840441807231,0.04098529077018611,0.08781097945804021,0.1314052651752718,0.15628795863710412,0.05563320069340989,0.10165894860576766,0.0707331499470456,0.16322806482908375,0.16372793372283923,0.23602165021176771,0.0978087692601548,0.1884115148802204,0.051714411747525446,0.10921992317766113,0.04191301110695349,0.11013575539090106,0.005136549325834494,0.01361416571867661,0.00697721063879726,0.034035644038597115,0.018494874015595998,0.049231968109002856,0.0049241692147916185,0.009696385209777789,0.009084001043083845,0.03318633680101199,0.0018105686436683754,0.0022384890208127623,0.04879488454243983,0.14656924258427367,0.0862665588480013,0.22314336196544338,0.014034128839921323,0.03932668186840918,0.054600758965534624,0.12564602368976893,0.006146987534066284,0.013824851652397894,0.03420492662116885,0.059545535876048904,0.006341471152700251,0.017412384216543484,0.005220668257607031,0.009097466837611977,0.029283778057288146,0.07272148860194902,0.005215763998785405,0.0167020535207862,0.17198995661456137,0.1776316461616255
body_type,attractive,187,0.6316202122738017,0.18540860328894612,0.11846347045362554,0.18948197467705866,0.005709301566245672,0.016756817007508317,0.009983834444189115,0.042615105926269,0.033962915604187044,0.09301877040006906,0.13203847283288278,0.15978601214405677,0.0610396427221915,0.1119078757926056,0.054800868698303654,0.11503234442077437,0.1463472112696705,0.24881347212899996,0.11954786790221093,0.21761545804029647,0.025748127476277357,0.06279013300165712,0.02692788850919488,0.07343323014779786,0.003917104785765128,0.009748003266368122,0.0029812437895545985,0.011961489247313656,0.022206262235105148,0.0683432216348456,0.0034533069977340076,0.008646268195896993,0.011983391544955938,0.07031117427232537,0.0016500307382445504,0.0022530135837100823,0.08957747342799575,0.19630379999851766,0.2265212584083357,0.33679692560580693,0.007594419586320313,0.03650310085959769,0.041532410252689916,0.08924983736922881,0.0037858210784237753,0.005319728006440652,0.024507030548358507,0.060272667452983084,0.005133782835916322,0.008405802037485281,0.003911915478012699,0.009219362391618802,0.023185284486890865,0.06978530102090193,0.006301854765273003,0.02694159032167059,0.15541126672178507,0.17164417540464172
body_type,eye_color,119,0.6543143754746733,0.17619661779412982,0.12918197620120056,0.22367459346353052,0.0030858648017424496,0.004611594133957898,0.0051198633597525885,0.015741639140586506,0.025632129172097985,0.08448498945397828,0.13377414468456716,0.14554107798739835,0.046628940858811675,0.10590857286854324,0.09399929754347972,0.169390206453322,0.17922933333790117,0.2541784985535921,0.06407567122882671,0.16426807413413716,0.028452547330667554,0.07652242023987954,0.025035371425749436,0.07541193625474114,0.009405745210482137,0.05993702416226595,0.0025770473199800644,0.0041083910994802264,0.02270382287214557,0.07759870371628771,0.006939245900285954,0.019241834643716437,0.020620535592990732,0.11280308485028633,0.002114309406665177,0.0034590726587165263,0.08761450888035319,0.22119867193423928,0.13915927834126965,0.2859852478946516,0.0080556707890086,0.019705530965288095,0.047940779472466465,0.10002533081287764,0.006275333421223625,0.022239569858067118,0.0375348023616341,0.07249218990270405,0.007901815801737596,0.016144857426599442,0.00363496458916064,0.005335590792496827,0.03232531912210045,0.10323758204024125,0.010924157965096779,0.03954879582714419,0.19915576646214023,0.24380509234334613
body_type,fit,153,0.5823010025071162,0.17125676349732233,0.1251003415501841,0.2225778145085015,0.003006099339413268,0.0064795088909153425,0.009224898951109863,0.041732202902859526,0.02887593111285051,0.09730707225747424,0.1421454266547621,0.15177172200644454,0.08318073773723145,0.1570272574214471,0.05221888412998417,0.11261402963517388,0.16628824838485076,0.23720636308262158,0.12912943978866964,0.22472582568156962,0.03597147097381964,0.08174524486757781,0.01801846744157861,0.036123999876968974,0.0038472672473955777,0.015833009555840674,0.001990553058966921,0.003002721500082757,0.02042116320294821,0.06372618688567652,0.0036375638309811406,0.003997472740605591,0.012029501302772676,0.07974928088367329,0.0019570984107250456,0.0024383791265146686,0.05919322612873443,0.15644100282064063,0.10293649069757925,0.2358600320928467,0.008398376197137207,0.015865208988029754,0.05117481996783122,0.07213522536009155,0.006166393448830943,0.01956096872940876,0.03553023290199538,0.07076989637075556,0.008792279184311993,0.016225157413891064,0.003534321587900266,0.004952758168956791,0.03285703859352841,0.08041874476893479,0.005695807798902559,0.028538132373135714,0.17850539861916523,0.16535706073117765
body_type,hair,595,0.6181303587280401,0.18541360638781176,0.1324830991062414,0.23034232603025287,0.00787275397211916,0.031319481781788,0.007938309586871055,0.04260639187197247,0.027417870446601336,0.0717205784012537,0.12997225608614063,0.14257221209924023,0.06628632442301781,0.1545108695893024,0.07950666816102951,0.1490294643309597,0.15557863580614736,0.23991827161287071,0.05242738685484569,0.13727270543131748,0.030231192510109396,0.07673911784629306,0.027331520877622004,0.0725684214322297,0.006724919514982969,0.042837851453325124,0.004357814856759907,0.021498242540638632,0.024340011784024222,0.08790559239033842,0.008816795323108629,0.04853895930403479,0.013053056094555787,0.08217699369633642,0.0019358379853167376,0.003385587201531854,0.07373290403399757,0.18379521199434568,0.13779806735726785,0.27549188986584294,0.014009621355314777,0.052333090367291134,0.030097632640346636,0.0683855505633581,0.010564102804750015,0.04568841307712762,0.041285434730366624,0.07405947248712146,0.008091022960984484,0.019091102635466543,0.004480607171534138,0.011668409891580482,0.02513316152025476,0.08023337218377301,0.00739509263941666,0.03363952758620535,0.20241254606526815,0.21750959283052887
body_type,large_stature,306,0.612235964075023,0.18787662912774578,0.10462068873716311,0.1956781192145576,0.006000370575587594,0.03597607613401454,0.010027457855708799,0.051922282887250745,0.029824483583854765,0.06926605262200872,0.12660463748871062,0.15190165584133725,0.06499401636948973,0.13884876030794896,0.06924345351552463,0.13855022420651333,0.15384752636372487,0.23465034061031456,0.1041163181677975,0.20839182418285204,0.04028620918698341,0.09753286855685919,0.02564085113665308,0.07252715794394606,0.0038254382647079374,0.010574891807429349,0.0038421253778924557,0.012502487351930158,0.017396401303509872,0.05476969076534915,0.01191052205931377,0.05973504413060848,0.03309982163863739,0.15359734665116764,0.0019565580078051426,0.0028325823802226513,0.043053675644758635,0.1297887371491102,0.1308860779601816,0.28343324649799845,0.014893074480366279,0.05664888136037512,0.033762451474329616,0.05416888925237464,0.006883727430309008,0.0280074253858936,0.038253124687650235,0.07536073750557347,0.006978486663451893,0.012500364327856374,0.004048090378276006,0.006730698302786024,0.028689857567371375,0.07857092580051557,0.00739707569861815,0.036622114850196126,0.20241018256409934,0.2058305887848704
body_type,medium_stature,51,0.5736638550080505,0.1689557836048326,0.05977447582271827,0.12360751061668707,0.0018183791253250092,0.0016566359404666998,0.0037200870129334576,0.006100979841732037,0.03367850808518044,0.08843150595783261,0.14217080113788447,0.19027163978227885,0.05555983300676898,0.12827396177999273,0.12709263435624285,0.18335467774686215,0.24449196985269914,0.28096662212169865,0.046465811624383443,0.11507419156331729,0.04140551605229905,0.08725910562726534,0.024375110846378056,0.03736324611269294,0.0025773601573389755,0.003219653275766638,0.0021325949115528014,0.003245831749289973,0.011308924510718925,0.02025110328803771,0.0047797451478283045,0.00963274298805801,0.004141985146013801,0.010035272024271836,0.001525201099438538,0.001972750565375216,0.0440228854274085,0.1305759392538013,0.09823649202121933,0.24813952953996693,0.015470510987249915,0.06041304928120578,0.028365288158038668,0.03412876706157751,0.0025028327526182264,0.004465125399635329,0.027290219687582815,0.04751959897011438,0.0056576402121743955,0.0102482030640576,0.0032984287741676193,0.004907524213379855,0.025293058872122465,0.055929638440562174,0.006977420068555968,0.022635918313651016,0.21724323855311262,0.17244772529646468
body_type,miscellaneous,185,0.5686243107995471,0.1959470541729347,0.08057954703187066,0.16932175104076738,0.007899396085948054,0.053144794612222296,0.004746444690091586,0.009487556495775469,0.027842030216109107,0.0483662356804314,0.13737350187037844,0.1503439680010342,0.09403349932257993,0.16578073985018732,0.06744910708118884,0.1274854410180845,0.14302668927089512,0.2252934661943349,0.060502512200194335,0.15100371075920033,0.043093645101652256,0.08001623719031303,0.027005032070509687,0.0541860713178022,0.01680619053454516,0.0899618810996104,0.008178769078851376,0.058161780440310465,0.012472705049377338,0.03355311879123348,0.004117914051528567,0.004831801019765732,0.02404166401656521,0.12531399720859607,0.0018498304920629724,0.0017229137980545172,0.051195364992285296,0.14580579088946138,0.09479862398663032,0.24497765331141108,0.010394794902075209,0.025350215930741493,0.03259615172770478,0.06094972603291566,0.0070345045901352,0.02705342461201133,0.04442929036135005,0.08474007725390316,0.010160081080047767,0.02433071727512995,0.0057383702230180385,0.012705817868140875,0.03552874815713211,0.08728903364014108,0.008940052674812692,0.04933238998860471,0.21778260841210548,0.208188982351545
body_type,overweight,340,0.5525770188692738,0.19122298843336027,0.1110053160943447,0.21929233463812006,0.006536727878504761,0.05191867692040329,0.012225871960040154,0.06473463863653293,0.03572484703720821,0.07796569448129817,0.1211779380655464,0.13824166935051074,0.08477238149224671,0.15337509687324247,0.05796866287401987,0.1129591752271412,0.1231476536788464,0.2058582849961046,0.11152107582619304,0.20896479608677365,0.07220559393274872,0.13450305398853576,0.02835672614096171,0.05802849627959748,0.010329606168756179,0.06038031847195047,0.005408493851042723,0.0223500282742712,0.011651714873390602,0.047333470655476884,0.006372235790545614,0.01614013345112187,0.009506353165017892,0.06361153704475837,0.0025415570233342484,0.002627902339440765,0.035639063725059664,0.11550643129733398,0.0889073565522695,0.2258770385901336,0.016032923464338048,0.034489512953352036,0.030213171559358563,0.03245920054863331,0.011232500638096313,0.04373309586361702,0.04209990334245103,0.07672134435816276,0.008684974481045228,0.016659261296498893,0.007017295290236635,0.01515436693409815,0.05573808551656411,0.10811475677392615,0.0038806347602718125,0.015941035969172353,0.1723661046639523,0.16832260596454646
body_type,skin_color,68,0.5905780507361188,0.20545620404454798,0.17731953924350605,0.2906701617435336,0.003044645379037213,0.006150006720480306,0.005669957328149501,0.007612669539327147,0.02558472061611931,0.04496156078949408,0.12376201812944868,0.1058067504725927,0.05543227882470306,0.12260256975042629,0.06664166875142495,0.13842508249920127,0.11448417773841785,0.19870475132476478,0.09088079700321781,0.18405068561175067,0.04006895929770133,0.09188932246114054,0.05689593102536438,0.13050103870680663,0.003459715251023333,0.0033890793662255925,0.005186993509757004,0.010285348345857842,0.014621337910819635,0.026029916359301533,0.0049334779867101185,0.006215986563129064,0.014487635185907814,0.06637156844038374,0.002631307694280301,0.0031655304822110577,0.06537668989981552,0.19345149272511997,0.09684491314778022,0.2327137216897439,0.011694678012538455,0.022595354701374457,0.03505606038208284,0.0686338578896914,0.019683500148697502,0.06348316537806813,0.054544995282091856,0.09016246950008684,0.008789549337533946,0.014375674843731421,0.008369506833225708,0.023426132971495088,0.04005339185652487,0.10578770028886741,0.010714454108999823,0.04972925280018257,0.17976344348041012,0.19030214975338858
body_type,small_stature,204,0.5738301633619795,0.19665944903521465,0.08314695091993439,0.181771974748451,0.0063863937124123745,0.03413752263227638,0.008296418078066827,0.038749943369543655,0.0340647248633425,0.08056494700060997,0.12909175197173858,0.16395075870442335,0.07482367234764502,0.1491471872658167,0.06852201655063112,0.11556194344086433,0.16748746501951817,0.24157902300417203,0.08807271218906595,0.18439384364909098,0.0539741052497822,0.10936030140190213,0.02858548851195248,0.05564419682509529,0.0030676431843483657,0.005379730160489126,0.002717733338595637,0.004792242337689426,0.00916602371338134,0.01843831188358425,0.009568569386793374,0.06250015792784006,0.01514212002450008,0.09452399674095664,0.00202163653803462,0.002518998717422614,0.024929914577703185,0.08997224490809451,0.0960177175893834,0.2510830210397371,0.016766909574239524,0.04663442642852178,0.03880447748701508,0.07031241591306472,0.0058162118144608425,0.031047320196990136,0.03528720940869557,0.06810723620589586,0.005398108020088722,0.008775489624021774,0.004442220061344628,0.005942560437740558,0.04209988304800765,0.10066394946984011,0.007748443823776838,0.0394489329956943,0.21639381211214498,0.19896261886105354
body_type,thin,153,0.5771743547098309,0.1742897800276765,0.1036187927417451,0.21449166812988152,0.008034016189448462,0.04274491306668502,0.0070700583012403275,0.02268103825970391,0.032841888012887996,0.08286083238816061,0.10961216650111905,0.11181230340935612,0.09906048474306837,0.19478820433253985,0.08044602767430441,0.13227009759764743,0.17615847764601414,0.23704478288976064,0.0845099895788521,0.1796714907415322,0.052219084801846276,0.10838697038590009,0.026397692989192756,0.049365900033803464,0.005308655474876705,0.017517250200138366,0.009329107943450533,0.05060830515859566,0.009417822290428007,0.018422835923259686,0.006319226740838144,0.010029087639879936,0.013725663113291375,0.09279687896511471,0.002315271107078183,0.0025424209135794795,0.038126488431932073,0.1234119403596966,0.09519379963246904,0.22323370919176483,0.019097982178019127,0.05031545424520312,0.025549554698217927,0.029791687363077766,0.003246385296103826,0.005417788050371855,0.05782445104263138,0.11711915319560286,0.007990868642201093,0.015894163178157596,0.005648612674573753,0.008769649769098407,0.045442246714396874,0.10436608283778037,0.004835066283608671,0.0112759198094307,0.19317471271295564,0.1890824498837191
body_type,unattractive,85,0.575570034980774,0.16967656464842554,0.08037391641615506,0.16935231683575216,0.004124827213544289,0.014920967776846481,0.015892454199082053,0.07616557170789755,0.05105093501727371,0.0739031100240848,0.09997372218024204,0.1448268910997603,0.0754279623451807,0.15668380379467114,0.0762228962040835,0.1371762269525313,0.11160565820926636,0.2083640200201962,0.09171315817271962,0.20907159035726458,0.14234133492538925,0.19802735572797686,0.0541483408141443,0.09699643850361955,0.006223165385959232,0.014718716440565334,0.006884751834920334,0.016287651399672514,0.005985249657361933,0.007859661263962156,0.009402697012924096,0.04140371383725132,0.0056560999912428946,0.018683455626481337,0.00325540912539616,0.0034657458195665337,0.028160499604007995,0.08753980271194234,0.09292872260557487,0.23425637065783247,0.015106887240236734,0.026903816411084924,0.03515561612405102,0.06753118888399577,0.006292831977043533,0.02521236703854648,0.04292290047742427,0.10532659071916128,0.006025529039599111,0.009286786808408432,0.01509242678704836,0.060137103568967586,0.11174121745040312,0.17625683333794845,0.003846526193185983,0.007474264668396393,0.14409841544487897,0.1632216965363581
characteristics,(none),448,0.6035584017767438,0.18225029245694013,0.10071858226040474,0.20729914040874237,0.006277868317738466,0.049778519266877534,0.0057894569204758484,0.020464087562009826,0.024505439622381737,0.05140293385161875,0.11606472930829373,0.13077215066810705,0.09344534129955459,0.17672802481563807,0.048587472283933106,0.10494145665305729,0.14180429096216227,0.22444651866295054,0.10980735369970976,0.20707108041015904,0.03532512468765552,0.07614702420143195,0.02776893305768421,0.07227357128956259,0.0031467666854691095,0.0052420594968100925,0.002495691745675036,0.011462192481214538,0.01986880781643257,0.07732144531463865,0.007341944270657612,0.02660032197308412,0.022455429671416432,0.11199604981517473,0.0030157624614405775,0.005441307567709234,0.04000168768003017,0.12337551045066736,0.09613482106799763,0.23679590761545274,0.013328285730267453,0.0369806890264054,0.04042343360197265,0.08588520862862557,0.00824723227211572,0.03841047252966521,0.03561942802480189,0.06848157406802853,0.006613094976923354,0.01177237202062077,0.005211433185520166,0.008490383921524758,0.06193066246987655,0.14595721902762293,0.0039003177230370056,0.01034570366918737,0.22458090647809772,0.22549695703588962
characteristics,addictions,136,0.5810402609846171,0.20898567389132966,0.035741817560526266,0.12227699657572326,0.00810225773452925,0.07484151624198027,0.012620931260137106,0.03962379636616751,0.028958417168777326,0.04968478085528307,0.10210734975921429,0.11837369267323938,0.16890537594308092,0.24423773585063002,0.06410481110480545,0.08995979180687182,0.13449509689577527,0.2116414015817026,0.09077088872094036,0.1941528896386509,0.07167846026234603,0.1119495938900591,0.034804634809809026,0.08166372353504123,0.004582554454185918,0.006839841336787529,0.0027026633287117446,0.0024933569180042793,0.005682211660100352,0.009733838407064172,0.02658053968073492,0.10718625251884865,0.015206501624882495,0.10702948233189809,0.005507659736929995,0.005839777210546345,0.016340525247762666,0.080098156550633,0.08510489903025753,0.21641358623199644,0.031117239883636048,0.058076467998574154,0.03111111864906407,0.035209451708660765,0.0016767934796595963,0.002392612302843051,0.029482437253190094,0.035695283127149736,0.005411435572622234,0.006366214187123455,0.01407450954459765,0.018186992494559583,0.16235123034215682,0.23674518082472137,0.004732232112634366,0.01698633089361547,0.1332482909783721,0.138998699619805
characteristics,children,51,0.6338554065601498,0.1725087687424822,0.11720447292820751,0.23639708664803807,0.0029007895306373634,0.006431790565103356,0.0041344110447657755,0.004247351968409795,0.017976590614838927,0.025089848381068758,0.1691137129148724,0.1845143402000746,0.10515694303310238,0.2072815209081852,0.0487575032109139,0.09926922466938448,0.1083229367733093,0.20572995877417896,0.07066278692161408,0.13820541038201048,0.02463774571615253,0.05980605859691249,0.05624946042000517,0.08955526746581834,0.002062552502406213,0.001691073250112368,0.0016913767767083995,0.002271726327635295,0.018385727804806996,0.06903850577143439,0.0034431784982135627,0.004876995363782578,0.012019425536410007,0.03575557734279394,0.002140264342968151,0.0023256604302986724,0.08755780588470254,0.2343033326021695,0.11115695443575033,0.2521927271005086,0.007833998857463217,0.020589902811456756,0.036855300078077205,0.07875173568661449,0.0041886890549172745,0.0060280890237203,0.0477020510691492,0.10765186287699935,0.009509422575230892,0.01838097370028863,0.015580344254689692,0.08200019191250059,0.03623418477774762,0.0889240744321098,0.002447155925705481,0.003121347038512675,0.21758804296819018,0.22716231688744326
characteristics,domestic_status,102,0.5858839525311601,0.18047981146953354,0.061314911792721305,0.12388335647108294,0.001391750931575456,0.0016928997122377175,0.0038689682959218274,0.005413757907813215,0.02003243742236758,0.040763906758518015,0.13873289541943984,0.15105901592446697,0.08600550885118234,0.14373403304428053,0.03861301393572278,0.07067064981779088,0.1171590466826684,0.21913612573638114,0.11681042162486918,0.21556125516005667,0.04500615454790201,0.08080869964062852,0.021262441807444774,0.04650053063492597,0.0048667620993036705,0.02220943832780903,0.0017589710406872316,0.0023026228276451276,0.023670188992172388,0.11591339295792161,0.009967989892888284,0.04345882670219915,0.03050617157828574,0.12834090999862466,0.004360330466428708,0.007765920818083456,0.020459106698171144,0.06462160740651522,0.10990875210543391,0.24129568302828816,0.00817152372702349,0.01764380254325342,0.03862132205098283,0.05028830066707482,0.0035553011007769053,0.006804448617518864,0.03471198103701075,0.058045385624229534,0.00671278316939624,0.015179428318239449,0.007337071050321409,0.012458808574167578,0.10564988774393558,0.22536211600677575,0.0073596253464975414,0.0243708283640248,0.21720401439633147,0.20866754782187216
characteristics,handedness,51,0.6343790316114238,0.16260853571624997,0.04963877687787674,0.08424985133039806,0.00474147699481132,0.00929533599791088,0.00360940541049429,0.005067179717482813,0.02448181212678844,0.04708357858133353,0.18459801914572133,0.2091820226307559,0.029959532574923963,0.07022270134586032,0.18224370871515325,0.2720120645286481,0.131466537801316,0.20746005560242128,0.011025703577187788,0.033074114360634135,0.03784698167331882,0.08041854602595438,0.026016785767769404,0.05533047057516042,0.0023619470839370406,0.002378266829696306,0.005822770003635692,0.012712706698558276,0.010300394231522018,0.017530020836214355,0.006107732460733649,0.011985906441658327,0.005281327651270355,0.013602435968958672,0.0017624778496717814,0.0020576042107810118,0.07241097944172319,0.20268212270168812,0.1010214986031939,0.2491541866646366,0.018653637429130922,0.05364633563896101,0.02173819552705276,0.02634247914277239,0.011069272029928077,0.028052510316652676,0.07468461032555092,0.10907433389879063,0.01171953538284345,0.019756368327307188,0.005327975279001026,0.010194021024010324,0.016996583941292165,0.03683894329879707,0.004382148063764451,0.004267497216234321,0.28731047340175686,0.25836547833588497
characteristics,immigration_status,237,0.5997618072772328,0.17295599651893465,0.12233879939920195,0.21815218619092416,0.002190279984725875,0.0054776202206299,0.012510819199376147,0.06287703815605243,0.03489196125638007,0.09517119882562304,0.14851988653577708,0.17037674327356914,0.04301720814296056,0.08701873138386301,0.055498899278458885,0.11075273079924797,0.1573213864745865,0.25029388574863226,0.1087419098090353,0.20772338964690457,0.047930870884744535,0.12103916018347388,0.03274274206050291,0.08869640711657335,0.003518651731760253,0.007223700970204875,0.002863920818538334,0.005712788168796612,0.022407718019497105,0.07164668735308145,0.009914793686662262,0.046237142645379405,0.025814019667511737,0.11402056922359664,0.0025604384709252753,0.004280007089826039,0.0363839662929541,0.13697721960684417,0.06608921181194913,0.19982922343965873,0.011554638619688418,0.045885786904011475,0.056151605762329096,0.10310730778628585,0.012381155226921308,0.04974125648081422,0.05319986954225298,0.11253169662912042,0.007660055671693789,0.015621032774789653,0.00476654159494102,0.010577571111754192,0.04268408552689462,0.11171875405958151,0.012792708353497547,0.04736842094052305,0.19077073778752787,0.19105863560584943
characteristics,job_status,222,0.5970340551691012,0.17713108904097713,0.1002616711164854,0.19681605861840124,0.0027806030369787434,0.008186829221487387,0.0069655417456807615,0.039623944345300026,0.029288246644543367,0.06861715365311871,0.14895035907089174,0.17029868442276483,0.05560407468625386,0.1370534587702262,0.06004291167036999,0.12604253665967893,0.12804710684498344,0.21897498598492376,0.06159733047054426,0.14811201147013336,0.06327359612977661,0.13477140719701536,0.02660972975574115,0.05554231982075869,0.0032451995529144215,0.009515548133069743,0.002858066326151455,0.006211608102270616,0.01847978961181529,0.08282394158156993,0.004272275556456759,0.01118308288997209,0.02013062036575001,0.1010449862682466,0.0022139376087579876,0.003656929142227458,0.056129259449064835,0.16303364137739074,0.06877802894568713,0.21045469341741924,0.01075822916597669,0.04466045672297959,0.0339376700324686,0.04545782669838459,0.007171351209304244,0.02670072886728389,0.044512028812204264,0.0923964676394069,0.008887688829123068,0.01715715293120501,0.0045879432209977155,0.008112381672772933,0.046686219026047214,0.12759750907866804,0.005837384246914807,0.02995304831671285,0.2560703388566302,0.23986790633181113
characteristics,marital_status,187,0.5839164092100878,0.169501524380909,0.07080915290519924,0.15724417032037633,0.005254206640762899,0.031741218929394105,0.011495148651158676,0.04890342003035743,0.03079583070285738,0.07735501305849146,0.1270068994434401,0.14563704864666224,0.10346824117316142,0.1820075307550375,0.06218271604135264,0.12018471324945905,0.16267921867886842,0.24003539236294003,0.09521824679241571,0.18005796797539828,0.04261986596726459,0.09769333640418619,0.030271066895581504,0.07458436217904225,0.0040529184918078704,0.013543822306189614,0.0017972241862699448,0.0020954402275507925,0.012521056870632322,0.04531576459077086,0.005150183777724527,0.008751371877981836,0.009062027137379167,0.04617413447773495,0.003984018062962901,0.006947078350449219,0.03124599794410219,0.1015552033344791,0.1227090688432283,0.2561635011312926,0.012961471815861856,0.03803885517065566,0.03357459581270316,0.042134547107259925,0.002562088208721439,0.004287828930457362,0.026931377395459595,0.028541472475695613,0.005651411933315181,0.00943745692373372,0.006129963297015903,0.010084987427068093,0.09462241489809993,0.20493317537810374,0.0032117939197749677,0.007166225070340286,0.20142751258304892,0.19898248208198127
characteristics,miscellaneous,34,0.5546415540225366,0.18736722771448092,0.056291676691377204,0.1637434740893695,0.0027299886192742955,0.003976972150717743,0.02718944717130131,0.1274343831535932,0.039665386060198,0.08031916842335449,0.0775745289044126,0.08324055792118712,0.07880556729950887,0.15646167825850268,0.05867820254677687,0.07410963919770092,0.2079530630777727,0.24920527645091667,0.09600464276702363,0.1571520969090146,0.05446108944905812,0.0897518943092213,0.034182771506226235,0.057154792565710745,0.007242658088216558,0.02029827007652648,0.0026456132995115373,0.0037606204445731583,0.013580087154610631,0.02932021640366395,0.0033441499091328725,0.0033689818318963323,0.0024893823035253104,0.003085233193934355,0.0016488068624098292,0.002143848626392186,0.05816463454838788,0.1670262476581693,0.15184452837660073,0.2934311917424515,0.008450581663911341,0.016177178464576086,0.03686277360162314,0.038793890575892415,0.002562934949631145,0.00468648705740213,0.04250432790585739,0.1080388814535241,0.006473092482979957,0.01454963066910375,0.004769643502453726,0.00901317914179522,0.02569930860772729,0.06937223001711497,0.004028408611809616,0.0036743292395973724,0.18696952638599804,0.15229800144553082
cultural,cultural_stereotypes,286,0.6181245631167105,0.17699026708163781,0.09687771527825242,0.1877369045233454,0.005161117890495986,0.03400696254985394,0.016583970990793135,0.06961762432393585,0.04850535100518068,0.12085796411477451,0.14181735257331568,0.16479919260097067,0.05769565668859897,0.13695931281298576,0.047657652868982076,0.10011469298663787,0.1251887626754864,0.2170792314882344,0.09853137278106304,0.20061890363970966,0.04910346390650985,0.11063505417386127,0.032420527182643176,0.060716780926766245,0.0076260385314170336,0.04160139778148325,0.0030774248962761133,0.0062533994447973576,0.014405787785572548,0.047077718370526815,0.005380163104065785,0.026496620837353973,0.016602627145797275,0.09364770292442547,0.0021332493843592157,0.0036831755879944625,0.05056550104622452,0.15594716262840352,0.12229335042858663,0.2679512089224696,0.006324464638316125,0.018681162235471227,0.03634664847456909,0.04618217900833947,0.013975818238851115,0.05638506572273179,0.040487947230637596,0.10344647008417916,0.00752861105698125,0.013249488098877,0.0051027601218450215,0.02260713442103913,0.04405748581011467,0.12783843771190692,0.004373891073644611,0.019106911371250444,0.21564942837360648,0.21967184130012393
cultural,generations,119,0.6047299856147846,0.18016929156765094,0.135043830045855,0.24716122215870195,0.0025761658125243955,0.004678520781083324,0.0197075289400674,0.09580257321597153,0.04188171334314246,0.11404330582158718,0.14088201979879572,0.15407868369824543,0.036386718665848354,0.08851371214044615,0.05645653182501756,0.0951549075440928,0.20151691895786344,0.28212402263149167,0.053399189800403604,0.13859478919814996,0.03331728074249631,0.0859894243880517,0.016118755022126462,0.030041035538129177,0.005384717186513756,0.017180781158680943,0.003057855788663327,0.006241128585506041,0.020416652990657713,0.057571106352780205,0.005777479437993793,0.02188230069017479,0.023403159229348006,0.11455106853480813,0.0028117647818377742,0.008142288122036339,0.04099767937025588,0.1407547779686494,0.04544091417464944,0.15825909544577588,0.007634531952119863,0.023160190896886784,0.038483125017760245,0.08823414309534083,0.011097227448405318,0.04388857190769203,0.07381587638911016,0.12827846640799512,0.007024057113742573,0.012862306232860325,0.004447076833090831,0.00994784926058386,0.03411955711384844,0.11629366990147083,0.009206934584776222,0.03215006789794304,0.2285687184086492,0.21174038720726543
gender_and_sex,binary,51,0.5808457603641585,0.1798579718837831,0.127854272195905,0.2276615233647438,0.0017496281076341356,0.0029586417209635342,0.00489985098144697,0.00932774784527651,0.022704283026613148,0.04506423269330014,0.1785831649367716,0.16501239995516087,0.0964938464948871,0.15468890220864265,0.05913504361238915,0.12788755115851333,0.10080683754766177,0.217631817729786,0.08008769915927676,0.1910556058306962,0.03915402179529123,0.09676894837015253,0.0411095149568556,0.1044483254491464,0.0025973549288441883,0.002722838301036565,0.002329158245736514,0.002837837922319367,0.010464546009875359,0.01683394402171906,0.004136013418353875,0.0042272114906695725,0.050462917918362195,0.17683953592603144,0.00241109003100599,0.0028307732793171753,0.04093979945173487,0.12793446248613832,0.09741710008386814,0.21670354227647604,0.008171110999183821,0.014778272047467185,0.033820607179008866,0.046133529642206045,0.01020977945425365,0.028773656026335685,0.05114038294984722,0.06456302183380824,0.008690062683479697,0.014476925713114402,0.004969343636641461,0.007081085908956958,0.04994597165690114,0.11926834239880815,0.014607316702512987,0.06414671403217817,0.21291946386918426,0.23215493228068532
gender_and_sex,cisgender,34,0.5659578245352296,0.15054812885027552,0.021381898043567642,0.043860736677658024,0.0014290033320910024,0.0023708413215584147,0.027549850415465805,0.12479122715641411,0.03846573472187361,0.09040500750332192,0.1564589474514565,0.14810982850838336,0.1523987941635663,0.21448619539540395,0.11392251323045724,0.166566049713022,0.2393546798009672,0.264113426445686,0.04830236256341724,0.13101807499005566,0.02557943929123747,0.06945838853590365,0.021435630144825316,0.030758935483651585,0.0036059580041396923,0.007653177160200129,0.0023706278315170064,0.0045267565919766654,0.0049606289274593375,0.00576417218281447,0.014243231870590107,0.05099916115139204,0.01199949555859134,0.050085665602756825,0.001715034880737007,0.0016776291978295365,0.026769874677377042,0.12430007835436627,0.05714299657676533,0.2012073884406148,0.027856642959865414,0.09517516468543229,0.05481458592625773,0.13910765537321826,0.002102536607280319,0.0036791085712800315,0.04431208762723733,0.11172195377285792,0.005556115717113511,0.009097331339969436,0.005932532630086986,0.012523318343348343,0.021927069078254348,0.04256172561242176,0.00442509403493365,0.011472070260268828,0.21746251488323598,0.16651914131059317
gender_and_sex,descriptors,168,0.6275022524808135,0.16979734765542343,0.1080687151642494,0.21409540019496662,0.002444396194775999,0.007654611482184271,0.01320495317278463,0.049928135123811654,0.03691732186208745,0.09416185964090028,0.17020112612572985,0.1920157420397866,0.03576804971470708,0.0728542057255397,0.07079152430274657,0.1361712766973357,0.14081209431900615,0.2433375591886536,0.12585520840990025,0.23008444585915117,0.03372175754442911,0.09422565115937341,0.03474389026190953,0.08624847671544252,0.0049569665813275305,0.013420176695542838,0.006151636353544225,0.049806882096858844,0.01210169322941857,0.05246996134387603,0.0038869277512796024,0.009935267421830549,0.012785667409237552,0.0735037852122245,0.0014755708141906542,0.0016946163179524087,0.03600014513531711,0.12520977437986466,0.12776452180869888,0.26985952523143614,0.005472099728822719,0.015610065219227361,0.03953230677316675,0.08169806561934989,0.012625281131325513,0.047548600521338906,0.03925120894148547,0.07358391001203565,0.005956683175099897,0.015613408337137319,0.002935991797477029,0.004436250631435112,0.018894294865493152,0.06711880582848082,0.004877357267278491,0.01921964973944545,0.2193600287733023,0.2135632817381812
gender_and_sex,non_binary_or_gnc,221,0.6181283143445917,0.16344592557743234,0.07896922027209681,0.17767962456863612,0.003399734001035688,0.027722560516657238,0.01051650382499358,0.051063773625676,0.030757950336516442,0.08441782453347614,0.20599467311543307,0.2028819897878867,0.040358036746770326,0.10061764551942458,0.10874197707243888,0.18962279165845577,0.12371037369862628,0.22233360908939115,0.05915092802669735,0.15970290889318148,0.024570776962430735,0.07085368393924361,0.03886031712683516,0.07610213150973781,0.0037765006906915525,0.012756924450494079,0.0025154291014097487,0.005737220967952532,0.00607990396245408,0.014244818657487944,0.004383725422851707,0.016132096431155107,0.014128660514455065,0.0688806194587055,0.0012967702095097614,0.001921559325111377,0.018465346395990463,0.07556474050741706,0.06679164407099492,0.20314721418105203,0.00571459128366777,0.019352857087243127,0.030456731321892756,0.0704332369888985,0.005474582410576712,0.025634489600438033,0.0721309529037986,0.11459206326699026,0.0046831933910298955,0.009381242670168273,0.0028215086161858523,0.004462488844513392,0.014688290395127078,0.05059412975146591,0.004088640069863991,0.01472978419773921,0.29017440859666643,0.2510945950592938
gender_and_sex,queer,11,0.5287240770730105,0.1653316021319133,0.12940359801392665,0.23359769728449872,0.0013805880179544065,0.0015245706616893256,0.004505838172256269,0.00427244697657694,0.010385140967132016,0.00880754941414472,0.20240017941052263,0.1684123578956254,0.06672168506140058,0.08418286059606837,0.07493078692773865,0.12509732191136128,0.3267618265817873,0.26291425492119364,0.0829351273979145,0.1366692872067537,0.004836923135867851,0.0058902599815330295,0.012039167467843403,0.008855754446407032,0.0020590544974600725,0.0014045086063599638,0.004728932007723911,0.012415368220406267,0.07565648793454537,0.21800019432375972,0.0028749769024381585,0.0017310293738120087,0.004193230225196617,0.004200168263938098,0.001510764890223403,0.0019383377219460043,0.013603799685370177,0.021866468211281003,0.02300527310845527,0.03671256149849527,0.0026403837943110952,0.002256206379376292,0.033929794815114954,0.02931541248335804,0.04158729746334509,0.0929350065763951,0.04138989412141117,0.08041093331623364,0.009347811706406488,0.0219514767430881,0.0029754777735268526,0.003397822817998154,0.003794131959280507,0.002876676937076101,0.003970458468591625,0.0035913055054561972,0.1742159209468148,0.12843077521055127
gender_and_sex,sex,68,0.6348737351158086,0.16155315267235001,0.0833653648279484,0.1892300771789317,0.0018152977752512978,0.0039006248511619154,0.006027726899072363,0.013444139562341738,0.023430409461177665,0.052371676356601685,0.16737457292209215,0.19638125840035245,0.06411892841467359,0.1387810140399128,0.109292778369683,0.18318216436068055,0.1590122105904704,0.2427697399479522,0.10368280607080498,0.21716054477180335,0.025782721976557857,0.07542602779163125,0.034097105754292846,0.0928673706134778,0.003081366786158041,0.005502975989956162,0.0020274851331658498,0.002833496303612413,0.006928134557229522,0.015390124007404046,0.0038232030257110156,0.004601178456329997,0.004966418424266842,0.011459040004075771,0.00162325421029784,0.002379207082989698,0.010096650667358464,0.015668433499319352,0.14829273778270682,0.2883072126160213,0.008228846996002282,0.02082680862214123,0.04499740954420036,0.12076545759419441,0.003113629139453919,0.009135051775842779,0.05880458862178356,0.12449205170610683,0.004429442503083812,0.008860056816771933,0.0035982651114703484,0.00420988423308844,0.026588312458924894,0.08856414720770411,0.0036452197463778943,0.003523606496746888,0.22535401990856319,0.20924574041179783
gender_and_sex,transgender,221,0.5961326520502298,0.18487635832107444,0.08974144717507755,0.18676922533499618,0.0021839898383314406,0.009361125819184255,0.007624745285728466,0.03713334660017196,0.02006013921832843,0.04005862833502652,0.1872887270824301,0.18562720236056068,0.08570613406495321,0.1663103372633512,0.0850704719409414,0.1734525445634809,0.15322453071133074,0.242717371302354,0.10269454442890681,0.2001776194406348,0.025979761715885674,0.06167843085992506,0.03416503866822606,0.09084599869133407,0.002824980826290931,0.004157242021977508,0.0028072494274817565,0.005189150825872891,0.01374599670981293,0.05577045513408605,0.008421075586319113,0.03169263321026823,0.029636558420915046,0.1260248457736876,0.00242575924816948,0.004502859653168086,0.02864354645819677,0.10843985836740472,0.09049465216757367,0.22117975069398035,0.015400014394984845,0.06024080163675478,0.035882968804272254,0.047683796560221335,0.011598348696733249,0.04773248087572155,0.05960975802710018,0.10836202093589545,0.008149819708681071,0.019642251687411474,0.004971319747595138,0.007265256188653171,0.03604483417244796,0.10684819205316869,0.0036832239686635775,0.008043281317100161,0.18342374470000622,0.1728209940652723
nationality,china,50,0.6283062678575516,0.19343252143418052,0.23924755322164856,0.3100712506388143,0.0027924427343532445,0.00577154256665045,0.0081946674908977,0.02153291027198312,0.04352652921807021,0.1315821562060027,0.1677593991532922,0.16653845278510387,0.02449071453185752,0.05006854447561846,0.03797444274532609,0.0905185312785932,0.11098817862919531,0.2201951006041527,0.10445792246144264,0.2061800461548758,0.021185801420360802,0.0461112999753128,0.015451616561040282,0.02436753470779406,0.003125679481890984,0.0042129798295622075,0.0023480425105663017,0.0042693359963962,0.03483614842989482,0.11573806004353342,0.003848593522561714,0.010341210342779954,0.009471212628413923,0.013268613129380925,0.0014733968203654512,0.001524889102211561,0.026648955987766385,0.07180319972705455,0.11079291145899334,0.27217859427389596,0.009883209976833314,0.0501897502861602,0.04637148058274761,0.1010536705098228,0.01512366549737635,0.05712514428382367,0.04544141797348857,0.0692997261758322,0.005940662881184835,0.008605333340599392,0.0036690793390152976,0.0072743178905457185,0.011336519344476983,0.024315658751058938,0.004140474080923013,0.004777621044519752,0.18188216855749487,0.1963756965466218
nationality,cuba,34,0.6394909182015587,0.19308024098105858,0.24163648919955663,0.31859379298421103,0.003035609650610508,0.00610200528006808,0.0031123444667387314,0.002414680941964383,0.013092380147153401,0.01935742116155151,0.1321636735845138,0.14201077842918192,0.026235100648858967,0.055641375314141574,0.05305329410646878,0.08856637034566076,0.18650953575578408,0.28712706517774844,0.06823018438744304,0.15001368093476652,0.03395378820577582,0.09747556354578579,0.028120767034124583,0.08044691414790331,0.0021544684140655376,0.001981470081724868,0.0041870656354791105,0.01171517301690758,0.025745282442692446,0.06938092031766864,0.002633521255441284,0.0024737884371855735,0.009925405974225962,0.024223133084777245,0.0016600420768715114,0.0018536047412928375,0.06654859538299635,0.17915304450738756,0.11717336745384861,0.2192349088713287,0.0048149043958640985,0.011626081304514976,0.04150559697711073,0.09701414619585468,0.015724829905379652,0.048533005099777884,0.039554191794356,0.06980485753897116,0.005310584696845207,0.008291991112661296,0.004052807245684294,0.007423481629350505,0.01761844168376068,0.05087919911678957,0.005661627136492718,0.010897444627858719,0.19771209959050312,0.23512127775655572
nationality,dominican_republic,34,0.5725248526124393,0.18653371487480686,0.11540359441492268,0.18279222103415496,0.0021921603303567015,0.003949628957044844,0.014159665970296106,0.05177818971486726,0.04763787057634224,0.10904383663281614,0.17519802874063745,0.14680671938907167,0.040500486504135874,0.1204311256441484,0.026981168299886015,0.05947151207389218,0.09392063728763092,0.2025734569117321,0.0765431616883314,0.18061503415132069,0.022230310605236274,0.039823761153835395,0.029293755500796523,0.05886021856622169,0.0037760549783021867,0.00457647525756942,0.002678057480165187,0.0032568630337854194,0.012024035423083286,0.012675738507535617,0.0036399000459556084,0.004931174067597876,0.004851274834329481,0.005913741928202919,0.0026892429604605935,0.0035554679566346618,0.06869220466486535,0.18886398961031678,0.10682799339445088,0.25172080440894334,0.00552885885725332,0.009510596500737286,0.03090837743366137,0.0765742452567115,0.027637279890768696,0.08105591516122235,0.0741935862803503,0.11505308915263246,0.012040258236725897,0.018487626786211315,0.0040690747974782854,0.00698860564006533,0.039158750672975334,0.14116514657625556,0.003382111557156724,0.00324552397500863,0.26127687638954206,0.22269864139344978
nationality,el_salvador,34,0.6637753292041666,0.18726289392613793,0.21624629958943628,0.27204309043900066,0.008267406519735232,0.026065247626391883,0.026266645359368446,0.08835972701087036,0.050059917958124596,0.12492157617294179,0.11907921946497962,0.12872885277709453,0.012786150646313806,0.014689200228558175,0.03370345710701419,0.09416022583165683,0.10684382441617987,0.2494741489188906,0.061072265475933606,0.13961982114140925,0.03212349846452365,0.05561030658414294,0.03473047582049142,0.09246370006313846,0.01592981829205254,0.05717178556109738,0.0025412057687336687,0.0030685860426742733,0.02215005216695478,0.03585663593034072,0.012887605219422019,0.04650179008003631,0.004764598782297552,0.0039001703187196038,0.0017993793795433115,0.0018739484173362834,0.12744850784485393,0.2744059400176869,0.24242396874401226,0.35594396623480357,0.007058990653176271,0.01799813911804714,0.025650505818810093,0.0338853207610495,0.007264603517422288,0.01264408936981485,0.028582764666198808,0.03817475616774455,0.004409973708200543,0.004696539092861998,0.002807307286489317,0.003975820219228084,0.017838559448992944,0.031075751247498968,0.017185706943136585,0.0480510884170148,0.12360582725309274,0.1540305953750439
nationality,guatemala,34,0.6437246895888272,0.19555288220373468,0.1826732048408731,0.28394563374235704,0.002694065516526975,0.006202720445420512,0.0256705179635901,0.10843277121965332,0.03551850828807801,0.07568302801219469,0.10939041844240445,0.0973885422774554,0.02109381723772351,0.035384956612670077,0.03585268102709532,0.0714892228537364,0.11285583723528202,0.24384161111258473,0.08724494138903752,0.1940289359461659,0.04816067373202018,0.10876953078810102,0.025059104609467527,0.07168178383333805,0.005490341454894994,0.011001016649596304,0.0022359420862117342,0.0030701229622658024,0.008673966273336726,0.008559370749100514,0.003345186894019956,0.00357396392973958,0.005980445102870683,0.007930355256975859,0.0037778959680615704,0.006982262158750511,0.06464577841688879,0.19423237206428048,0.15011688350419075,0.3081827444157792,0.0037270055284299064,0.007298798962029827,0.02945532970924807,0.038106301052880535,0.010916605817328673,0.04310209097320904,0.048116896479554916,0.09600348885933135,0.005893109415517435,0.009201597069639404,0.0029583417100879804,0.003575586124994229,0.06923259441528525,0.15306573804515464,0.006809952834052691,0.02196935373874083,0.195641741512672,0.21166279481578654
nationality,india,34,0.6183604865389711,0.18171841202716438,0.22870289603152366,0.2775368013347614,0.0016048311586286325,0.0015179825252541546,0.003192518572391504,0.0037458840025031245,0.01392370109062861,0.01914294075041076,0.16955945676411777,0.1529008532507826,0.017383505038999242,0.014822589408440721,0.0981265591827276,0.1794925056295929,0.1714052796091624,0.2556700900207291,0.036944070070817625,0.08447807440457492,0.027562076667570237,0.08191883145263365,0.014025434242177974,0.018236808923525673,0.02525525709771661,0.13684978984397636,0.0038521231754737742,0.008430242381727727,0.03895551870107952,0.12170856194429486,0.004336213883053621,0.006246874105261853,0.008178781745407511,0.009199478792939099,0.0016468557377640322,0.001499427959638938,0.05166272083400091,0.13322754397952336,0.13121428100481247,0.2712157878065752,0.009305233646848458,0.029031202857423024,0.0315364480141879,0.05818910874896184,0.03303742499145515,0.09686727891303688,0.03897851468611728,0.039198758374074875,0.007857066577451085,0.014686030114225148,0.002911056951715556,0.003456047361227825,0.011912524551221663,0.031243888260003416,0.009956993713892777,0.025371666460732585,0.16760441463659792,0.1863941258020793
nationality,mexico,34,0.5979007263393963,0.15592378388274936,0.14681425474940196,0.19960411775125747,0.0017035027909407612,0.0015064474519414803,0.008004510312971166,0.022984943479158502,0.025850445333429995,0.07911740964843399,0.10453876017538064,0.13029047154331905,0.038683687083368355,0.0860988291901794,0.04467675703926943,0.07591042538664404,0.24514955623325316,0.2967212204053036,0.12085834090077482,0.20150378040483932,0.04112505184500204,0.11259646841218218,0.011102772153475705,0.01052747590934998,0.0038761246131103046,0.007449648888812506,0.004394684952464612,0.007556245026138803,0.02624677194570027,0.05871691436588962,0.0044790293134557195,0.004789351472279073,0.006580720406525549,0.007706712639814179,0.0023639245028949946,0.0029488245430534864,0.044842385774245486,0.12927407123178558,0.19033388509962926,0.2890812261136138,0.008796265383031876,0.024103593865200473,0.04937471697271308,0.11620576415496353,0.0326846083463512,0.08491836508550943,0.03962333178531159,0.06302379612660004,0.0077646290549583845,0.01845900311852782,0.005061896791791215,0.007340883940743407,0.03396029997726574,0.09976452587183866,0.0061751222956980415,0.006574410346242621,0.16257552408120213,0.2016977430137039
nationality,philippines,24,0.6395949460566044,0.15100101077668965,0.17962673479147875,0.2228583602634097,0.0019671466967944675,0.0021354537326840235,0.03270903808394602,0.12777051367896958,0.057575400511268526,0.16504197785078206,0.11270379911487301,0.10771126233425274,0.014643992006313056,0.014736070523657326,0.043329683743650094,0.07998814047865976,0.27777479830547236,0.31064912825425156,0.07205734942787483,0.13919992248566304,0.0345915096453003,0.1024208718653667,0.01050798066232043,0.012697418853334776,0.003590917833207641,0.006209864295840509,0.003234167493549952,0.005674249996597082,0.04031235280126566,0.09037959832392826,0.0024001052236902374,0.0020575682805117463,0.02906246654432228,0.10878803353784376,0.001624019983864855,0.0018418573189117888,0.0517362544342177,0.12020892557546134,0.11864450204423822,0.2689185140484719,0.004543258924362211,0.011217565401819236,0.022250273109724123,0.021839294137334916,0.02322970020516853,0.0829994316485202,0.03364587041626995,0.09682005202498928,0.006642573845965671,0.01206966567332665,0.002856852529172708,0.0042741331842001285,0.015144769184795829,0.03827773668048939,0.004869470668685001,0.003581346527055329,0.145786716719158,0.20579541518885475
nationality,south_korea,34,0.6250297580571735,0.18202237167559474,0.17816835535032785,0.28767450151509977,0.003104086175239097,0.006884409893533035,0.006800855722223573,0.01819956709277344,0.04259574849514619,0.1389969811999637,0.18502165037481225,0.1682958324166573,0.04007811184205553,0.09733412027061743,0.014954394645482191,0.02824332556877682,0.10195851352610215,0.22722371294339877,0.07132312343866729,0.1512377870908749,0.039418798583724046,0.10364170453603544,0.020479020737933323,0.039571239344166245,0.003264814909711918,0.006296659686650045,0.0029084224567187075,0.005802900111394283,0.024954575599301334,0.09025762389963217,0.005598609312608673,0.015631371782494376,0.006871075321481947,0.009265461411537433,0.001688695211401757,0.0018818239380568081,0.08720405868713416,0.233818597956049,0.08912812494535875,0.20726860652076773,0.007115697922606213,0.021006097106427857,0.039807267021387815,0.0757694550802366,0.011526922009258722,0.03208743451088652,0.04665347867344013,0.05831663340939201,0.008691575316975907,0.012064973078405573,0.0031885604112176225,0.005428713541020753,0.025789243343751878,0.08128923497611049,0.0025613988742834944,0.0028576278975230547,0.2248583707602366,0.2230081719551454
nationality,united_states,16,0.6248044073581696,0.15866773304390833,0.14618293308012653,0.23228436209004805,0.0021264548413455486,0.0017567078382887656,0.04699363803229062,0.178414368131032,0.023452853216440417,0.06916030553256892,0.17631229903781787,0.21769057825086008,0.023134683462558314,0.03133600214555725,0.05255077136098407,0.07697581877092659,0.23829763531466597,0.3036752179807564,0.06578347894537728,0.13671343016789722,0.02094059454248054,0.046819929302125474,0.010375651807407849,0.009087294103650825,0.004024962781841168,0.010167151576042026,0.001215963922732044,0.0013293444712851772,0.015190363898000214,0.023503484767928656,0.009904515856760554,0.02860449812014146,0.03301358059616177,0.11062418058691231,0.0017452296324336203,0.0025743287265854713,0.0437912460656662,0.13222822541273274,0.22701923148269998,0.34376810227090804,0.027202873221540358,0.09413998367070145,0.04233399544318672,0.046849090880729076,0.0030969260392339493,0.004173669237238138,0.03090866800630465,0.04324923985419397,0.0038507540839418652,0.004385738310702272,0.00362342038351926,0.00610571436069796,0.039162546512670815,0.10727930692213213,0.0037786665525345597,0.0032711094840016915,0.13522693439153954,0.14669936717367793
nationality,vietnam,34,0.6805596614585203,0.1995368865230104,0.2095161023316905,0.33334158533767294,0.004224672135451864,0.006866788108708499,0.011297299173961887,0.03285869524847467,0.03554957373040345,0.09467604538477428,0.12422763768528752,0.10368617213055224,0.03269214245408554,0.06825905406783946,0.05059251728851129,0.12488832799395663,0.19545721492271267,0.28964209053837936,0.07492011215072125,0.13714472131084512,0.01302276090855765,0.02357172618476187,0.02267444595311056,0.0596796533821278,0.00499563299544046,0.014722694862976829,0.0033511252875220686,0.006886514611020858,0.023699469520258445,0.03139072327210756,0.002742562768296065,0.0025499984709297253,0.03567695511617999,0.1307544451500995,0.001430946308092269,0.0012605573686650794,0.10598813760032713,0.24989988479230235,0.08657499910195303,0.21673980376462,0.0031079701430451892,0.005054163552344366,0.05803435951854814,0.15570797451185892,0.013241254037198173,0.04318532871144597,0.07137064960346941,0.1837918844622426,0.008494873004725805,0.012873205514259647,0.0029390198264188845,0.0033858052714645934,0.005905114918919828,0.006185219982323596,0.006309001614093123,0.01212613339954246,0.14292199019452229,0.18655913788859543
nonce,all,136,0.6272648849031505,0.1871099883568776,0.15924203076129367,0.2520589830473004,0.005282360663841246,0.028052911478169656,0.011011508838718702,0.047739321060750975,0.02771403165945016,0.07205947061490736,0.13313547023298108,0.13831376044344865,0.05310221708521781,0.12785754492727444,0.07123102464024936,0.14772380570803395,0.18680262461481,0.2581220099209246,0.054143801334944064,0.13066511822970225,0.027061862225630593,0.06510860477067498,0.03353786362105679,0.0910724835208518,0.0032604680448404155,0.006329400023361675,0.001796654682573931,0.0029903818467328807,0.0186706830669102,0.06775938659051253,0.008934404549483374,0.06376917816852527,0.03157498443397344,0.13759728556755502,0.001954133005496902,0.0036397959195707975,0.04161196294658379,0.1319365564118529,0.1333815136450165,0.2762424681458689,0.007789157363731647,0.02940218673986523,0.04898300588812323,0.10861760354276095,0.00688384635893325,0.030598842839787026,0.029802302297492346,0.05027382593857263,0.005836751000970253,0.013416093958397043,0.0078067047087482504,0.05443317971931203,0.03466350283484002,0.111080196831528,0.003897093811247032,0.005904042297355776,0.21712455002125353,0.2361336807238147
political_ideologies,all,425,0.6164658520852818,0.16564614237786118,0.08601183795507121,0.1653900769896592,0.00213960799470763,0.00916869915936777,0.007762748536872951,0.0379823904758448,0.02651052596321439,0.06672583005514976,0.27301222211626525,0.2609229984554417,0.04502169175950043,0.09394181487913844,0.05802113899084575,0.11751452735993007,0.1434462693816407,0.2338744367395808,0.09928640767000615,0.1967169338463334,0.021416451058843558,0.06035466156897743,0.051520326597725645,0.11972612085215902,0.002882411598419661,0.005281008472864414,0.0018213979079668848,0.003519188679445485,0.009720841818146737,0.03148964662032001,0.008351716275861048,0.055261220852849485,0.009923505003988633,0.055531410155741895,0.0012839218904949067,0.002534220613534664,0.021856195971999757,0.09431837747565665,0.06989619375637951,0.1924409826891908,0.00839765072125695,0.03736966290265967,0.04997977926560185,0.0686728915182818,0.008017112489247023,0.03598206878705303,0.06021589712130235,0.154790211856075,0.005173775045721627,0.013425382978850046,0.002625422647859737,0.0037667597614331905,0.012230636823497822,0.05442500707912084,0.004084363319904215,0.030745552225745033,0.2095599469761638,0.19291285610077866
race_ethnicity,alaska_native,16,0.6369653549045324,0.2162900231870871,0.34640501376998145,0.35641024679788014,0.0022259989455051254,0.003075644876582856,0.004870357624895405,0.0031829179802268692,0.021302993714925833,0.04258522288817031,0.16185858607059345,0.14623479468776418,0.03683398860448506,0.05832104907599632,0.0295426010270603,0.10438411152579674,0.023496471052567358,0.044159707464816095,0.15288599189079832,0.24027378784384854,0.026037077259388752,0.06421402032390189,0.014420118270209059,0.029140091523628193,0.003714528698765207,0.002199339235888087,0.005053856111771893,0.00889666735811416,0.024578715361712966,0.03579466966897863,0.0036169583690934815,0.002238882799268314,0.018255250524816802,0.018517569342799294,0.003012011366081424,0.002338619447953513,0.072818313841708,0.2126120871034428,0.12388918891520007,0.2558358008717106,0.005297249321301933,0.009227337332977661,0.04342148979776539,0.04554416302915294,0.08615735167768435,0.1459670400744001,0.05977867220644839,0.1418362601018679,0.014728359834407456,0.01887946000406516,0.004423067053721752,0.0051844204891432965,0.03158469757181592,0.08552311982813683,0.0036338359386718366,0.0020772776935207155,0.10696228250162676,0.1035544114367115
race_ethnicity,asian,102,0.6204251208726097,0.17622832504854907,0.17194283531303062,0.26279086657701634,0.010007609005768638,0.05119308581974749,0.01493458090836237,0.07736565776048629,0.03679040798862629,0.10903536835149652,0.1600877553334131,0.15776891088433953,0.03248392234615726,0.07817747209188303,0.04090772860446105,0.09059379080452927,0.17096875363067204,0.2657449840087078,0.1097335032650781,0.21203013234825843,0.023097776436913468,0.06287587031430862,0.012092470348922206,0.0208555853583111,0.010932548055493766,0.07568427068116196,0.002947027698289329,0.005450443138087943,0.014878813232416195,0.02414550357813446,0.0032078870797561773,0.004542932238791872,0.022590176169543674,0.1038424117310308,0.001820905832145774,0.0021809354056491117,0.08180493382878565,0.22186049878163158,0.06631584137714669,0.18850241326663753,0.004863399224025973,0.012547983305538283,0.04240361319891378,0.08836171786224786,0.025823430292018435,0.08185738779958515,0.041270063441319796,0.05870457549979495,0.010068849189230926,0.018005646156818596,0.009449603046032637,0.06927745664112323,0.019415112609481987,0.07064646094100598,0.004011217456804041,0.006012789825515514,0.1859606830494515,0.18543531715717182
race_ethnicity,black,49,0.5760173748950569,0.21011663742116138,0.1856996319874437,0.2505999322648016,0.001790018012742417,0.0039881175535492345,0.0065984743972765094,0.012148332530691542,0.038537074388860136,0.11419618148942211,0.15421461291155036,0.12930869950266854,0.07286077906729235,0.15654426089142254,0.06576505649421478,0.15473723358816607,0.09347686194517764,0.1572467750685169,0.08976216468608425,0.17216094599532591,0.027961458709109956,0.05700378638737676,0.03079594235049979,0.058673659635145925,0.0027306428278929423,0.0028935313636413813,0.004123087701558763,0.007743166022628696,0.01828116366618351,0.031519170711226716,0.005020980164883848,0.00672410023448869,0.029275128071443463,0.13467395822596742,0.0026311542813865735,0.002923674563061682,0.04272056941052291,0.12155748254496701,0.11123342301734553,0.2375549995936213,0.012059662029579548,0.02928495711731016,0.0635497778540059,0.14947481867626874,0.039828161006064004,0.10325101838880218,0.045331226543010195,0.06447759635211454,0.009542690761083243,0.01580547561953378,0.005262906370893577,0.0073974674658103656,0.029915582243714253,0.07759145555018768,0.0031371377761908142,0.00312901965693084,0.18003239841865643,0.2059752081436024
race_ethnicity,combined,33,0.6265711612773665,0.1655559192313355,0.2033525474341304,0.32126418686219393,0.001189872693926604,0.0013149487720615677,0.004672430603849617,0.010170416707892217,0.022208795473543985,0.038347884602501145,0.16580773844863428,0.16427547768955286,0.0839883672200482,0.20183273326078804,0.07203366011769201,0.1532371296257518,0.16362331682555095,0.26682641764313825,0.06038004745708101,0.13621806063827407,0.028819265341470866,0.0667283980296134,0.02563597564585507,0.0646234244240102,0.00299243413433997,0.0070262359503232875,0.0019668364310002125,0.0019976665458448306,0.008947628441753543,0.01357226268594498,0.005900877794236735,0.011573203288446816,0.041741546486843036,0.14090956277882508,0.0017932782101332014,0.002121037242364638,0.03241450161228634,0.1413518560209558,0.028284835389279055,0.12466391022939828,0.01122740745874277,0.03128916384790973,0.03193052085539834,0.038998573100027856,0.015354992567154113,0.05729493294785727,0.05214742116742965,0.07970742054676834,0.007747352330956015,0.01564335428575388,0.003492312574632127,0.004622667795150233,0.03256059664118132,0.09957195337201416,0.005199351295066828,0.01717762554962599,0.18937512027156173,0.1714084616321038
race_ethnicity,indigenous,66,0.5543041439218954,0.17293863632306028,0.22612214288286245,0.2919413884816545,0.0010144260220730564,0.0008300200320138153,0.008733633791879665,0.03677184582806552,0.0254315916187779,0.04532365556682653,0.17819708789642336,0.1522192446902232,0.025234200888503852,0.04499532802338184,0.02238153361196799,0.049481817012748196,0.15360164819690963,0.24627564486187695,0.07482664934253659,0.13699819322017165,0.03440452932916356,0.07837361228988375,0.047928681861693884,0.12074993682397021,0.003018425368337017,0.005039671789702841,0.0031994457747328633,0.006808133566947439,0.014403450443889156,0.026550095307694647,0.003079431189248818,0.004927487252105151,0.009910805263754093,0.01378023921328568,0.002222141030263932,0.003419616929718913,0.018033207394182682,0.056632213767363715,0.04309754417750589,0.15273459464196404,0.005349266549411836,0.020160498337837184,0.037013364476010654,0.05031785983087461,0.041054071204460786,0.10395348860430709,0.0508023717504164,0.06488210485268957,0.010234564285466067,0.026823529626142945,0.0029609985706911452,0.004512590172455712,0.02992072117172718,0.11069125572464038,0.013557410932138957,0.0460049728960089,0.21849666335478876,0.1920466952983036
race_ethnicity,latinx,80,0.6208202887326479,0.16287355390115915,0.15981639167584943,0.26552462529436077,0.0013184872273996006,0.0011901012597356577,0.004575081568327732,0.004367703098266151,0.025016675534425305,0.04924038265612092,0.13448002777295187,0.1442842298475852,0.029544501208874863,0.07259009226774568,0.0378920996299712,0.06919582450291155,0.1903016221243888,0.2749126213976053,0.13340618048096076,0.2230401242269664,0.051058038011251486,0.13462651323544872,0.03601543590484653,0.08787367662792356,0.00275939367202227,0.002417058012094055,0.002481499847272062,0.004754297084874202,0.01473293109847873,0.025530471844696416,0.003447322712963796,0.00483495335173865,0.008982550453583826,0.027116474762000468,0.0020624406814022224,0.0029891953007791135,0.030686944319313625,0.1034903368460715,0.16303145217789278,0.2736609533198267,0.005992242106731283,0.0148558875918119,0.03444599771755748,0.03822050806870454,0.012088149751252785,0.05227976884448281,0.03203091936302371,0.046049991747110275,0.004257046678139887,0.00815135455582253,0.004647926086181542,0.009170340795590644,0.03747549067120417,0.10656752247730047,0.0036597250320482997,0.003970116171005605,0.19288365537067875,0.2048993434908941
race_ethnicity,native_hawaiian,17,0.5496372405220481,0.15134214829059292,0.14069929467651116,0.19326083349173973,0.001037230812739033,0.0005373324193305028,0.0033685663126080353,0.0018271762650798468,0.015014679212232722,0.0141951515251917,0.16939779436763594,0.1302978259504502,0.039522915222572494,0.10709951738879624,0.050758901339791274,0.09138680714971448,0.19027988050776698,0.23365737381926038,0.10167692126432325,0.19678099865517915,0.010027878616443452,0.012652580443793136,0.08826742030899315,0.1842331307955455,0.0021297308404053398,0.0015124461012680135,0.0016296817732783144,0.002721950670414479,0.009631157387048006,0.011356002999867155,0.0026186438181492336,0.003084984221535733,0.008289137408342761,0.013250084029193369,0.0014346296494991025,0.001912347576240227,0.008480873722446096,0.011204387332517904,0.13729860162472024,0.2944931680749488,0.0034201334689415116,0.008900600285181817,0.03652186046683175,0.04374417861589571,0.029060802041118116,0.0917919530244353,0.034983581589425314,0.04622317066601377,0.005726156338556286,0.011462007533886596,0.0026781087354346015,0.004605209160171444,0.007637626577086528,0.01641629699144379,0.00293219239478383,0.0019258561450526547,0.21846169496283813,0.16919164789093674
race_ethnicity,pacific_islander,17,0.5834049223100438,0.2135747833363834,0.10453673145692687,0.22133521949704643,0.008112386731869158,0.028099823366186025,0.030711661007337493,0.11432001515634876,0.04752966964288669,0.1106114580333377,0.10608472499777288,0.10841728579010675,0.0401893562555094,0.06925012382699265,0.06283146392225343,0.09744804131210828,0.20654003545710378,0.2831660786868671,0.04770342363318538,0.15568773399203598,0.017296425998210907,0.0237063277642461,0.04629313097992802,0.14193985797345698,0.004136978415772319,0.00845357452334395,0.0030344851564972058,0.005004989240323871,0.007825130521429373,0.011114269035183547,0.0044970809677204885,0.009079809845018747,0.006147889899747337,0.009195889342176184,0.001638708119999672,0.002212922125681614,0.021483660343459204,0.05805384293199707,0.11404787579222637,0.27450307895463105,0.014102011432816438,0.04588960653648054,0.01794239826609983,0.018680677889830563,0.0033728354379384067,0.005993023647707005,0.04135624369989861,0.061809283876533117,0.00351917722625384,0.004076120374003204,0.004541132871321786,0.008550868304052432,0.016830712902660975,0.04160516499646096,0.0035266230937422197,0.004178121971804486,0.26663200973587875,0.2342617372571327
race_ethnicity,white,102,0.6140586596493628,0.18932720365289307,0.13871649535790578,0.23677112270992612,0.003474731138090183,0.007656318727090532,0.024214352828030493,0.104443919480473,0.04036321635951525,0.09633176411455734,0.12603978417795517,0.14477817345518418,0.032761085359037254,0.061509815313885864,0.04303211633369381,0.07867812416907158,0.16346025249267945,0.25585075428682685,0.11695472348947078,0.20998756598677804,0.03575088362113627,0.0815809292171828,0.030525904756002857,0.07892551560859805,0.004161825622705852,0.007210982555150947,0.003205332862825005,0.006193421563947487,0.015278307879092536,0.025783923974813286,0.0036910658852909416,0.005448372797378305,0.028040529887863052,0.11771839939260803,0.001924479140856705,0.00204316465034495,0.07512685198304883,0.1996415729133124,0.14672694340982823,0.27947445689361383,0.008073710196185857,0.024345411915787346,0.03984825726708069,0.07889338182529781,0.01890072613544665,0.06168068497827209,0.049475875872589066,0.11613200678637971,0.008352344668345918,0.014018932291527031,0.004402642576286441,0.006145095692494546,0.025704781866093696,0.07258826395448562,0.004060672272530878,0.006517918431275966,0.15773338210020288,0.17085900017652633
religion,all,663,0.6132885507149215,0.16828419981093248,0.14250533149678113,0.23097135307208616,0.0027350162041222897,0.014581544078820995,0.008526997837476112,0.04223680502865978,0.024529388110324752,0.06366014050204166,0.1960596921186484,0.19037722922305134,0.04039043153688483,0.09870701024554256,0.06174530281671597,0.13072097925563378,0.19431925499917999,0.276277911234589,0.07666170197893019,0.1641975012642276,0.02061391782351288,0.05643504482406278,0.034515769897783134,0.09182110920044828,0.002930038902238868,0.006783240676622872,0.002839132170992704,0.014093037487149821,0.01341832963746079,0.04533993392262397,0.0030652733652155035,0.006622672916388915,0.021409256999149286,0.1085326367563927,0.001507907973258787,0.002787418255050615,0.02227514247283751,0.09032657319444298,0.08380902613392718,0.20795764454347107,0.004648749071115777,0.019489599048793882,0.041555013079694884,0.08201043276802762,0.01308591697143321,0.05403112829154281,0.04124032830303959,0.09405005374310012,0.0052424029064003725,0.01040333021696095,0.0030421760020544752,0.008958752217420074,0.02180135112504621,0.09131288228569565,0.004553851132218088,0.026980253493214756,0.225309584946491,0.21243031193813702
sexual_orientation,asexual_or_aromantic,51,0.6029291205546435,0.15182821427933219,0.09940501540104914,0.21512280323516897,0.0016099457776256126,0.003151831127376351,0.020776278840368798,0.09332596913796824,0.029289467712206876,0.09496348882239604,0.24246619196206914,0.2254844319661409,0.06375369335771264,0.1208332495872126,0.06317706863331955,0.14004616320107496,0.08418662036488325,0.16222534426963373,0.07212457813518852,0.1663189756246606,0.02292266226939711,0.06812610563503517,0.03027622837244588,0.05097885563004575,0.003949862325052712,0.011388462417388057,0.0027169750971427443,0.005537813174558268,0.006070570329172245,0.008224862387956338,0.0033990577326667515,0.004592718723696775,0.016355303072772335,0.07381106956337487,0.0015448152590383246,0.0019497866618227392,0.027499340019216213,0.11393023939916459,0.11096067415029906,0.22270147439992027,0.006818227520139486,0.02056327589275411,0.04507667185309544,0.12779792093892392,0.01111081488153443,0.05764838407796168,0.07937609384694666,0.1487152393685744,0.007117432245400315,0.013680125990441536,0.0037996410865875365,0.006983379086298446,0.015001518085745036,0.05004617930687467,0.006343918325785803,0.022151203862081126,0.26910288792614845,0.22442302042456802
sexual_orientation,bi,34,0.562311107183204,0.18602384484397105,0.061078577839961165,0.13734637169131558,0.0013997678564491628,0.001253382049623676,0.0034137820835252676,0.002699936912300484,0.01929791092269999,0.030973793185793446,0.22566320040427587,0.2218581152528934,0.050953130176126515,0.08004064070397882,0.059789361226755905,0.07687457363094584,0.12749232521780549,0.20765160683262412,0.06127241883009179,0.14488025850873984,0.05445751459132332,0.12852179005612482,0.024200993370922172,0.04731023935678706,0.002772815203677644,0.002444218266281448,0.0027893053728107855,0.004316438256538323,0.00519773450864972,0.003880551887924587,0.050482889110058105,0.1911066804735581,0.0029476619711203966,0.004604636822800497,0.0026036899439264636,0.002845141873429462,0.013690838828230934,0.03402465966822025,0.1429583343440968,0.25939776189199093,0.024637003211811295,0.0749392913737554,0.028555788688690346,0.03665967356305332,0.003122247091275366,0.005395846281688899,0.0602636528749238,0.10623838398522091,0.00645017516302794,0.016078177898859833,0.003695385082049624,0.0037880810116246544,0.05799861561150893,0.10812707710103425,0.0029834699029486406,0.0029653568235618087,0.2080438687630436,0.1886651165401227
sexual_orientation,demisexual,17,0.5430973645518807,0.1800673030401902,0.007892398766296752,0.009291336310056075,0.0009178243687047678,0.0009614648253037899,0.02130707984050626,0.07919064579983047,0.030327908598872667,0.08608292308683364,0.20987426873077364,0.16641798195764582,0.0431251397000297,0.10391894394828721,0.24397258227691054,0.29506839595926443,0.12041854916606098,0.1010992719243203,0.08028553082498119,0.17761671469792556,0.012018156819976866,0.013013629460875911,0.033391081125420684,0.04906427000338612,0.0028155368533642855,0.004542089440135106,0.0018860164324424283,0.002370773541340574,0.005363863762742018,0.007959426743045955,0.005457502183750929,0.008983419378660422,0.0015906896579134114,0.0021895927620736865,0.00105373707243844,0.0011223456812518543,0.005297142621951506,0.01023756283372403,0.009433082592509249,0.008102253903972206,0.012077530152643757,0.03350461560577628,0.021644984371960163,0.019033194286232395,0.0011444993621861452,0.002024535928035863,0.0670152361614301,0.06360710410213712,0.002914351279340575,0.005415194144127089,0.0023777846620171607,0.001948370005890602,0.005521856494905318,0.005243515350469933,0.005063618232003029,0.007274973637388031,0.30313986517927227,0.22741369271430376
sexual_orientation,gay,34,0.6378557243767906,0.19995451741374995,0.06087330749313183,0.11682154137481476,0.0018841857587069493,0.002218174344950466,0.006434913043288843,0.01495238671062682,0.015221360947608072,0.027323772559429128,0.1454114898600999,0.1280406848039936,0.06677884314044871,0.07976672918010558,0.04725357482675463,0.13760073149992527,0.1773763159324196,0.2698822329430537,0.13405726711019217,0.18530340571094794,0.020254051032037857,0.06768002635070727,0.07687648097464048,0.21010695332845175,0.004260460303425241,0.011645396050333396,0.004728128722704509,0.010593860611024918,0.010878218129030703,0.018921008817623753,0.004465991307584131,0.005919913931897348,0.005646301488227704,0.005912148944196487,0.0017482789716108098,0.0016292207928629543,0.03485477613353664,0.08090504671403083,0.274101374010035,0.36783304058286925,0.005981852709630723,0.01248163321109155,0.06271946901345954,0.12639517498450484,0.005807865391355282,0.014809917273015318,0.07322229690137594,0.18637685023949366,0.00612107475514195,0.011296058055227595,0.00500369888408493,0.005553414699224542,0.015159398711094743,0.03179994504652282,0.004989083335899255,0.009099009187233713,0.13093662683797233,0.12285116636570835
sexual_orientation,lesbian,6,0.6314598123232523,0.14290575443775713,0.06715262083647151,0.12240874249252669,0.0017222972286011402,0.0012681280454926406,0.018595419630097847,0.0176250945311609,0.055224681117882334,0.07399640367468197,0.11820685770362616,0.09323327895091983,0.07271437738866855,0.12859559049240896,0.10093199442295979,0.20203115447054232,0.11377408370996515,0.2485336592904271,0.12951963876063624,0.1857599346372286,0.02445167031449576,0.026152965071421168,0.11846595024690032,0.152774907306865,0.13496042483408624,0.32048077696649846,0.0038025720859877765,0.004005659586880631,0.007551112202539419,0.005401745650413081,0.013828334243347248,0.022508373441864155,0.005148247776863475,0.002319491810658408,0.002192099471964563,0.002408281755650446,0.009688241484885415,0.008871997999717158,0.276409609708935,0.3133023961127711,0.020187231712043285,0.0434390346637756,0.13799139174322286,0.27580438119518164,0.0032655030906122797,0.004257744160071966,0.024615093522394698,0.02111180984083965,0.0030345157720148563,0.0023880781835047974,0.006789740504852186,0.006260313252216003,0.017290201038122177,0.02408689751383231,0.004038860177388415,0.0038810448326516075,0.05799721057216326,0.04776434083492079
sexual_orientation,pansexual,34,0.680795382050907,0.16963906998929065,0.12273928069386303,0.2331836110152921,0.003081714902210104,0.009721107498201114,0.008175324607530938,0.030284698593498985,0.018554329577669063,0.036990053581364264,0.18113823445952115,0.15235336646366832,0.037641404754728734,0.0778565249735443,0.03807018369244521,0.13901155821131597,0.017679561879691285,0.055439441930477465,0.11977233238490846,0.23381473835891195,0.010294522621038863,0.01979550474214937,0.04108481508720776,0.08091927239309435,0.0033110599050654426,0.006914192624703053,0.0010060241004205583,0.0006375008582706982,0.021065352677182732,0.06712546292874624,0.0016804727587013452,0.0011236553066462389,0.029138386983985957,0.13812333602343765,0.0011326958141152693,0.0014603412685941343,0.06862076273126363,0.1806852657792886,0.2395682417195263,0.3458355998909718,0.001731572809683926,0.001845760118201009,0.025289696709745946,0.03168835803596359,0.003276550514462596,0.004394056709385725,0.0378419662524453,0.040599780513707905,0.005216309901751468,0.009148086663395054,0.002120995839290759,0.0022378803779645223,0.011393741913386346,0.035775783568943884,0.001915581482428345,0.0024358487104988833,0.27525734068716273,0.287589870467638
sexual_orientation,polyamorous,34,0.6458419447436052,0.16680414488029366,0.05631636186530266,0.10836080008610587,0.0016486602535758935,0.0017194413245739532,0.0035076231767615196,0.002566719727084836,0.01535479980520904,0.022670326469617495,0.21082845020710544,0.22720786683783753,0.0384594970725148,0.05812305083126889,0.07618796255658655,0.16890038925125953,0.09505576857533443,0.20053105494405277,0.05438430801458547,0.13876622195260127,0.021385379121912754,0.06382991388181411,0.022051074884503204,0.043370906055004904,0.0023915312828167398,0.002451541919672153,0.0017043940024450421,0.0023699214354494197,0.007744813904590795,0.013621732869395284,0.006255539438879008,0.02083088479729787,0.0057193410012747765,0.008568133742830985,0.0034406781406313017,0.010045011121019248,0.05713294822078965,0.18380582374657722,0.19952328898087965,0.3299786332361109,0.015985665977281956,0.0728408466417805,0.018589501762214827,0.014787020783361093,0.0161772243126881,0.07827359344843246,0.04413639932788689,0.058794408902498756,0.007676773055316196,0.014227203003738899,0.0038420719279469375,0.005823976135626653,0.04248172417967854,0.11475843849383656,0.0023863038625088796,0.00205754572993324,0.27545650286928697,0.24734665301834602
sexual_orientation,queer,22,0.614746823229573,0.2043268213121964,0.11112129292450845,0.21044714749566404,0.0014959942478030412,0.0015164300136348244,0.0035862076540731573,0.0035288415782118616,0.009881128768690607,0.00964104387582744,0.23099756173112176,0.23134872568755954,0.0647420188496736,0.14322715471064656,0.05548606569010934,0.08967062914523255,0.13246990736330522,0.22488768474935866,0.08460648696001788,0.20529720820584474,0.011323598594489422,0.011248740256526855,0.010825339207341049,0.009793475611062193,0.002216136673020876,0.0016244619748757318,0.0019589972811941566,0.002040507526921556,0.034783374348824676,0.12348028748382309,0.044183513935422525,0.18115252986666447,0.0035176918741357936,0.004373138225884433,0.001971410211726007,0.0018139989405928343,0.033294003652620384,0.09508945447551971,0.12645424078006975,0.27109436493119016,0.02444099510665348,0.06657128732830328,0.04307186800393869,0.06176172109669947,0.011673040855715622,0.02973602644463627,0.08135104412212968,0.14486923928276105,0.01180098431624091,0.024695032431394218,0.0029980975192632864,0.0026409635305865843,0.013274900387676264,0.02033898959545928,0.009032945751889863,0.021517415872957014,0.15186737359247424,0.12707699833671973
sexual_orientation,straight,51,0.6296678685090121,0.18396249807848314,0.089298790900548,0.18089418469775617,0.0015114685617542516,0.0014984091289119684,0.007194674711939239,0.014787327084523051,0.031030891403811527,0.09509273088055346,0.19366047102227515,0.20435258266188944,0.09860456773700814,0.19339816590511658,0.07577041164725362,0.1437531100146169,0.149547001421132,0.23321118477657934,0.11544369011386937,0.2216064357398695,0.04154586472192451,0.11766702548930805,0.0281669060019411,0.06072736251955614,0.003461421970688902,0.005561249271225637,0.0017560575466703478,0.002167028908521313,0.015144553958830954,0.043075262887053364,0.003721520180275262,0.0037150448747019244,0.0054252195216523596,0.006106547677443293,0.0031628899713384683,0.006293152575124792,0.02854329369866344,0.08188558552655345,0.1824879327368941,0.31708909752339465,0.006616273337938622,0.014342895586940716,0.034195799357714315,0.02857058543018504,0.0031293698945470774,0.005591877968658189,0.03477221795850817,0.05124530724592915,0.00553862371838049,0.011053290992300463,0.004502003673491452,0.005699852878041346,0.05686636895224379,0.15867199629991638,0.008485319267492741,0.025872811540236917,0.12817029397496404,0.1093851696404681
socioeconomic_class,(none),96,0.5606790680127839,0.1766028345328996,0.1397885174410476,0.22996945832342114,0.00413000500338967,0.01885715297849023,0.016011310529999417,0.08764591034702177,0.034517725670108725,0.10859355093862544,0.15477283845151155,0.1378276684174137,0.062047371411608765,0.13695267441709374,0.031785179566819956,0.06291430022168137,0.11429646673362488,0.1998879257634764,0.08428971594548784,0.15828898000873592,0.0649740320144095,0.12599691073543132,0.02216833710068992,0.040307183198391806,0.0027065241605062815,0.006467057438889124,0.0019886907217975627,0.0024753256989133074,0.025577074542828388,0.0989771248394727,0.004918206045658735,0.01574417446762702,0.007716513321914438,0.013768230488905343,0.0022173217835188552,0.0033800309663692004,0.05329844224373422,0.15863176784462998,0.09039695715606892,0.2296168583059735,0.013248942848652709,0.05106286091259057,0.055426665724856626,0.08893755371125397,0.006628915742301918,0.014574703593120983,0.039757822480169125,0.06527859904342657,0.008400694434991843,0.014791842752517149,0.004272784875562745,0.006395232489841395,0.04686063844928867,0.11956353911756676,0.0027485230057209264,0.0022226424494032077,0.19464889635855798,0.18774853621007487
socioeconomic_class,below_poverty_line,51,0.5936903711043152,0.17591452109071376,0.06787753826596171,0.18169673918395388,0.0017412274384839168,0.0025244190772585034,0.0044087566339465626,0.007526292571760606,0.02964796987362206,0.04443717997037513,0.10671366522928663,0.15310198804857444,0.05494061357104311,0.11897459754190974,0.05084817643350392,0.1167425408267206,0.11338835913178913,0.19595853043893247,0.12294208306554413,0.21791638420615161,0.07055415351208591,0.14021461268904678,0.04315822372468663,0.10318461040099375,0.0023700153094478975,0.0015260654890838748,0.0021454910924612524,0.0023614062466041207,0.020996776339826266,0.08186491235622405,0.02063647035153254,0.10894720554913212,0.003181801652923847,0.004830940652739184,0.002934997532671938,0.004686062943545342,0.015582990988988575,0.05574879955372012,0.08783423319212436,0.22422033452032433,0.02289622269345986,0.06503007872982015,0.05526664126299176,0.11499698177221325,0.0020099866475599506,0.0027131350001059493,0.032324407669697325,0.0492374304972065,0.0036183110895959257,0.0037289721914735715,0.005847532642256541,0.007832066433919137,0.0810723938823988,0.17264696473056126,0.009643269144112756,0.03541504314304447,0.21393269210980803,0.20939273504135028
socioeconomic_class,educational_attainment,34,0.5416160155745113,0.15569094395259223,0.08635901733856265,0.1345693253613181,0.0017307239853407202,0.002502033164011016,0.010309417107183597,0.03963831907882099,0.031134463483741617,0.058070198587708434,0.1905456101110972,0.2015404865182718,0.05249747420277666,0.12928789179148287,0.0762159577656455,0.18573111127471675,0.07403420515509103,0.14919134505201548,0.15177248229327447,0.23795981871782954,0.05508069681715878,0.12866442992802313,0.05507704806651043,0.08436343339267864,0.00356196889633258,0.007267915452023836,0.004715240705135169,0.015078029938106557,0.014174813319935793,0.031708702365691524,0.00383218948092476,0.009154619510155936,0.0038802294276298627,0.0034400141995981127,0.0015461039562497342,0.0022104295638274867,0.016887027845608398,0.04691183209582527,0.04893839373407365,0.13735631123287892,0.00731236014604185,0.02412771542246215,0.04295457004542079,0.06111564970100434,0.004307561044483651,0.005892741374514174,0.06545829588054296,0.1379986694253031,0.005489482716631542,0.007735740981393905,0.0034730380755397215,0.005448269667395942,0.01801972124068176,0.036845552361841435,0.0025479041505604982,0.002852885057630187,0.214785858112223,0.20426869749583512
socioeconomic_class,middle_class,17,0.5673534379285925,0.1720112110095968,0.0919164172373712,0.20324748775415624,0.004309733247603564,0.011851419725080246,0.003599662843899911,0.006179123621040814,0.02662560436874628,0.05167255477044133,0.16451128698228037,0.1860721933331327,0.03447038452962742,0.042371302218113645,0.0321948893217589,0.05251768247198468,0.11941167376661564,0.188422573991695,0.13676239886348518,0.24936604191208292,0.025282295770011842,0.03551212098314156,0.0261675667921629,0.03257274869940721,0.002008503636769841,0.0015762368652009076,0.0013020945685532164,0.001085451021376672,0.015964947678559625,0.030599793618790547,0.0030844672069446567,0.0049148583689759585,0.004607930478146847,0.005447734286030355,0.0012783154379576445,0.0008481103100195969,0.059369360939051735,0.17683663614455297,0.006913589412921711,0.00900434554170677,0.002962179562446716,0.0030372322883270462,0.054137852084001195,0.05041055180121495,0.003916745421627317,0.006119865432743109,0.03762204616385348,0.05675125779384712,0.004771286655929597,0.00618007638406251,0.0024997636655290775,0.002221930878620976,0.01363043233697467,0.02322476851946846,0.023151674966998947,0.08898534817008995,0.3021642074865453,0.2604242241696657
socioeconomic_class,upper_class,170,0.5854777765624664,0.17244254766277484,0.08556773908134988,0.1799652693398696,0.006457822944332079,0.03874744360508741,0.008130936268443132,0.025957722255991262,0.04184579722555902,0.10529515921073318,0.14558696197619772,0.1727490335287086,0.04796659295132165,0.10969173210067175,0.046049066202934176,0.09891359810455297,0.12298731271174106,0.220375072854717,0.09524883613853222,0.1911010584769771,0.06364950296051307,0.13617613183398208,0.03235047929166981,0.07250577218053204,0.0033885132755933547,0.010327298483797643,0.002644694233672721,0.0051256408961462335,0.01165893201592981,0.023887502684557384,0.0028628766384345534,0.005275985811241052,0.012243143302005004,0.04846446141217315,0.002175626000697615,0.003592940204622035,0.07036246068104554,0.18489136560110855,0.05907947519410621,0.17776325445940616,0.0073561020763008855,0.021095037864737983,0.040344522721545005,0.06847022594446356,0.009346315788356792,0.03864922958434764,0.04274899051935576,0.11570277468859214,0.00979254376331536,0.017524300165440244,0.0049309160289875064,0.01403384272978756,0.04988496532280217,0.13262901081498937,0.00350553831034203,0.008368684477142507,0.23426206189700785,0.21919616566092887
socioeconomic_class,working_class,34,0.5544073936693809,0.15955177629346246,0.08168647637563374,0.17231256967839867,0.0022497572208521888,0.0033866194909629014,0.02810194409411291,0.11726336986459232,0.044571989387109434,0.06734096907468713,0.13990207488977296,0.1879603964565284,0.04925229404847521,0.0715706987210988,0.05084622131749604,0.10092038688495902,0.14395818841277266,0.2514354017815383,0.07407652274089153,0.1713151647814289,0.031339132860439885,0.047264237335379294,0.0661949348731843,0.12318222129370965,0.004504275624640286,0.006950289760815517,0.005191978378741837,0.012065200187863456,0.026494014511734026,0.09166984365155319,0.003363799528896754,0.004284528790336246,0.005449308687649832,0.009109914377775809,0.001989272075554575,0.0022163124623795927,0.0500737421646002,0.16348757275143794,0.029763872621354975,0.1041366193708144,0.0038285369125386592,0.004719998137567474,0.04311985484160045,0.06878900090822923,0.018901496063977796,0.07514811402879516,0.044830834677935964,0.10924570331669656,0.010205159598091781,0.020975410601115182,0.02227589217620655,0.11019007285697291,0.021248939224546227,0.03587104832849085,0.015394808846073882,0.07277997930648515,0.22092175954843268,0.18830743051405374
