axis,bucket,count,mean_max_emotion_probability,std_max_emotion_probability,mean_prob_admiration,std_prob_admiration,mean_prob_amusement,std_prob_amusement,mean_prob_anger,std_prob_anger,mean_prob_annoyance,std_prob_annoyance,mean_prob_approval,std_prob_approval,mean_prob_caring,std_prob_caring,mean_prob_confusion,std_prob_confusion,mean_prob_curiosity,std_prob_curiosity,mean_prob_desire,std_prob_desire,mean_prob_disappointment,std_prob_disappointment,mean_prob_disapproval,std_prob_disapproval,mean_prob_disgust,std_prob_disgust,mean_prob_embarrassment,std_prob_embarrassment,mean_prob_excitement,std_prob_excitement,mean_prob_fear,std_prob_fear,mean_prob_gratitude,std_prob_gratitude,mean_prob_grief,std_prob_grief,mean_prob_joy,std_prob_joy,mean_prob_love,std_prob_love,mean_prob_nervousness,std_prob_nervousness,mean_prob_optimism,std_prob_optimism,mean_prob_pride,std_prob_pride,mean_prob_realization,std_prob_realization,mean_prob_relief,std_prob_relief,mean_prob_remorse,std_prob_remorse,mean_prob_sadness,std_prob_sadness,mean_prob_surprise,std_prob_surprise,mean_prob_neutral,std_prob_neutral
None,(none),16,0.7266653068363667,0.1950322368339116,0.181749651368591,0.2706226459755382,0.001998986297621741,0.001089873215115862,0.007815888166078366,0.012186596788074416,0.030424027660046704,0.06448663664600214,0.15763317258097231,0.16678927587500667,0.014756169897736982,0.01656026861042591,0.05498848891147645,0.07652130516945961,0.02971178486950521,0.09177584896517459,0.05223672332067508,0.15164364008873088,0.05423295572109055,0.1636553930337807,0.09263103039120324,0.19358681600173927,0.01304446226276923,0.040508198141586925,0.0031094617861526785,0.004779236375132626,0.007054410089040175,0.0068330923729062855,0.002853777414202341,0.0021258106411354764,0.006177603208925575,0.0051634937524116615,0.0017029504779202398,0.0019888749660151137,0.02064512739161728,0.022531755807436694,0.37459651386598125,0.4401410013421627,0.0035753379297602805,0.006343797825863671,0.0755654774402501,0.2233730667911965,0.027499656781401427,0.1005107177006126,0.02628973964601755,0.02368956017959073,0.005927468751906417,0.013895516582605348,0.00355074353319651,0.003821695756150124,0.02913451233325759,0.09141179312839502,0.0033372005600540433,0.002956728081951096,0.07839767448604107,0.05632550064941841
ability,(none),544,0.6263171464807409,0.18526580425242808,0.0787923902109255,0.18228541299666737,0.0029950893249406363,0.009469060859779986,0.01877645596237819,0.09210069660823379,0.03446835093992002,0.08293387337291505,0.10494822163566235,0.11897484322900564,0.03890431498086186,0.10973696195465074,0.10954356829364877,0.19464787318894325,0.10166699348278865,0.21479711643680416,0.041129771751858404,0.131385531282737,0.04260220972034457,0.06503031503375242,0.05281847522094134,0.12319382799948574,0.005236344603658568,0.014019392880878036,0.006996848725199978,0.04702130920319937,0.005944712492932654,0.013724825887927675,0.015958691980893704,0.07990120611489931,0.016804555768297123,0.107787712471899,0.004045871340354899,0.006565665493103183,0.01977738609559096,0.0638101210531675,0.12161560687057799,0.2757473596877965,0.013777853981617441,0.04388235595957031,0.03269541793591035,0.09765807992804175,0.0038887349037395325,0.02217529253344542,0.05462525286780232,0.07827180279189402,0.006196514426151493,0.013283437380892098,0.009122025675370585,0.04544602496920415,0.0962589764415444,0.1908950030214361,0.017087140013245516,0.0758541664299324,0.23109511067998348,0.2339082423139237
ability,auditory,68,0.6224194528425441,0.17539565198884352,0.06627907914448503,0.14688785629799242,0.001587332385551075,0.00106612880152037,0.013875771347289522,0.07808385842071185,0.03553678378161481,0.07609802692599722,0.11389403814888176,0.14537571710543362,0.024546911654076266,0.07715859988886303,0.07178330643150463,0.15300981721691712,0.0925370241765289,0.21517993631713933,0.04586064060790437,0.12712492779850576,0.0661203988129273,0.10080911506458202,0.0467036236608264,0.11581546624765235,0.0037514602890416212,0.006673085613460995,0.002823734786515535,0.0031789456068919354,0.0034772097086020306,0.004324384468829255,0.008157456752943451,0.025837755225348053,0.012419451956863186,0.08184481895099185,0.003990414840646896,0.006371541142384216,0.013542658418266322,0.03507800120439572,0.11482216278305071,0.2841991302667723,0.009798172558957423,0.01619834178757811,0.023196741493473595,0.06290645161459461,0.0024606666039985346,0.0041063390904157535,0.05637894490021555,0.07030824953000493,0.0056932615561356,0.008616593095779734,0.004101383634620374,0.00526056440530753,0.11187688117848558,0.20984469517847754,0.006580339973665746,0.024155514236070437,0.288488975904115,0.25583373652667996
ability,intellectual_and_developmental,17,0.6231343921493081,0.17476318256629528,0.11307900322957293,0.2138540632918054,0.0019448833105236512,0.001438104805121983,0.0056451658567632824,0.005786160227991751,0.03377747963018277,0.04944253528749124,0.12818824524498162,0.16668263249314264,0.038825528182582385,0.11716765619776844,0.07446325538159512,0.11644665112842642,0.08102729054756791,0.21750510182862526,0.0451501334181932,0.14884301458207796,0.11742324725834324,0.15537755126502867,0.05848081579760594,0.09135274793370389,0.005151465036974782,0.006239054133350886,0.040294885972638014,0.148505447289431,0.004290514817351804,0.003696662484898208,0.006496162008261308,0.006616518302649665,0.00312969895928879,0.0034430702814877054,0.0038958431361927927,0.004484110952415975,0.014756103600923191,0.017560996505254462,0.1637029798139873,0.3435620629408606,0.013443187836160445,0.01789467580130171,0.019969122004969156,0.02143891644036325,0.0025047534556292437,0.002534646053517553,0.0442330436233212,0.04479878918204812,0.004179466215325245,0.0033916354130057906,0.01409636948750738,0.03403635542260229,0.12510095254572876,0.20860132421826563,0.0029076322509140216,0.002145142023509887,0.13098521875765393,0.15975321683509794
ability,mobility,85,0.6530757718226489,0.17440329887622497,0.05430875936495688,0.14066479844566476,0.002215647588223767,0.001398470202103646,0.009311192963436684,0.03786287414763044,0.026533497464569174,0.0544221981096619,0.07873525173019837,0.08577070526329794,0.03308398011551403,0.11837544377152188,0.0784923586063087,0.12246125157575757,0.08906566967797357,0.20873841756752196,0.06620857875575037,0.17400203976227585,0.05791406838688999,0.07644387168689533,0.05555115767809398,0.13318691376877587,0.0043182088753811135,0.0037894908693667873,0.0037498075386632563,0.004167578788708313,0.004605173057986095,0.0053084228388412084,0.03094222386579906,0.12773235216820825,0.039597302345860313,0.16739207913205517,0.005787426250411527,0.00819165820601151,0.020786464445101207,0.05866781832880358,0.16699526723035996,0.3184031579641124,0.01685403814429746,0.04056666237480865,0.020865752934204305,0.03434171442358821,0.0024616353286546653,0.004145870001591685,0.05492680909879068,0.06935433091557287,0.005574339739498956,0.008514852470982066,0.015224933709182284,0.07411482753259124,0.15297991180285703,0.24060326957395128,0.011470411075210638,0.05829873666447217,0.21913357975837938,0.2359480426811326
ability,neurological,119,0.6083804015852824,0.19778202342341192,0.07777797142258931,0.1641110025329989,0.002934891392306636,0.009883853366052239,0.010948839613056484,0.04125012808354334,0.027869971294910843,0.058656577988362234,0.1289075083341919,0.13382114063177727,0.021424482007679223,0.05091311827384806,0.1771860476446283,0.27188901502123425,0.09705944940889989,0.22178003229985738,0.03459671147787912,0.11253840857845458,0.04351426758549074,0.07938587429586089,0.06449535676716443,0.15001078644791996,0.0043585785036562245,0.005916082741201884,0.003333621421274181,0.0033175760661941175,0.0052154330309762175,0.00900175116816956,0.011634738811589152,0.04075141659639015,0.010614846012028748,0.07666069761051496,0.002739822316524463,0.0033161059300451934,0.014784312990451028,0.05869058440200344,0.1068454237325614,0.26589949538634344,0.01701055858159504,0.04789940081524395,0.04258562382819334,0.13530059416672846,0.0028080785325547376,0.005187747179009662,0.07901618153858586,0.1152568667816124,0.005620992021731046,0.009652361809519804,0.0050720464918290915,0.005913837552545672,0.05829509564879851,0.11134124761913962,0.01414672888061149,0.0681395024702278,0.21417358219467042,0.21111348855485668
ability,speech,51,0.6400928590811935,0.17851258427531078,0.09696523024924282,0.21591377168095618,0.003849535242325681,0.01026264998987439,0.04541470529625704,0.15769481202876706,0.062456766463012674,0.1214336025840879,0.1021174183024057,0.1320606062654825,0.013208642798275048,0.026276797284639677,0.12679034971184663,0.22118651466620004,0.08118360451315347,0.1823268182010541,0.029095872839474502,0.09995844533444007,0.05781635834479376,0.10171403523773352,0.06223501611555762,0.09198358408565174,0.004613046615964313,0.007572837124673922,0.003213141313822502,0.0037279442457222992,0.00409328410351722,0.005247798154897208,0.003881794746905821,0.004333124099918307,0.01697340064086294,0.1053442174053244,0.0029824915223334936,0.005678021491832101,0.04754414688168075,0.15175869263411065,0.1376838405478481,0.2832175695389578,0.00963059175410308,0.021433709402862162,0.012777551711883908,0.018769774340141175,0.0019946281628982236,0.0031507393433360103,0.03480747388675809,0.03454929680448089,0.0039842084016509394,0.006882045294494835,0.005037516023388461,0.008676116795281418,0.07949799334963638,0.17921788449447013,0.0031042864983307893,0.004902653548266735,0.23687493932597778,0.2542969187236412
ability,unspecific,102,0.5868230058866388,0.17789044746918373,0.06971857391466733,0.16822372517060452,0.002002384581240168,0.0022523859286810925,0.02482359373985388,0.11191645419662125,0.03242273610450473,0.0637769208967196,0.1397742747886143,0.17056197523160757,0.04799412836790925,0.12062239458028397,0.07316687011260394,0.15753642734628315,0.06276700510266785,0.17709541202282938,0.0709339594691033,0.17788913328070358,0.06050618598351767,0.09462328878691965,0.04825134763229346,0.08885130695356913,0.005229639393898348,0.008838732957572527,0.004778386513256312,0.01141099470478132,0.005065968561764606,0.00867222030442526,0.01064861435488816,0.043047253438203543,0.013933868736357373,0.07996406460792861,0.004875223478901556,0.008489922622616277,0.023994300808921894,0.10997597550275467,0.05714335076724334,0.1880550418421264,0.011488953958820169,0.033644956241220283,0.039118031826208106,0.09968292150021593,0.007516673613174455,0.03742969850000749,0.0626145808583162,0.09911849955840221,0.009224314648057699,0.021578967321700854,0.007647790345443212,0.027558510581125288,0.12752922049120946,0.21901918272690496,0.015248596186318216,0.06417572404745533,0.23716965094939166,0.22502680566249333
ability,visual,69,0.6291119745676068,0.1821896274689726,0.1051188949967964,0.24244785073305958,0.0035778801399789263,0.008975024566044416,0.025930938329480156,0.12642775068842643,0.03015890355437886,0.055303259761218596,0.0791144948385224,0.08220368961521296,0.01551412155031753,0.025151187962813827,0.10686375159243851,0.16448241101621458,0.14164667313646837,0.2406598473451708,0.02845898231970605,0.09948055650723572,0.04970522657495694,0.08021075996291943,0.08092038590204564,0.19431318142744797,0.004751636695616163,0.00747113167987364,0.00531005882447167,0.018226448252166096,0.007566217614837206,0.01672876217412584,0.018680178094655275,0.08724532743811696,0.009492278478886135,0.05791701010370316,0.0028877730605334205,0.004518588000049491,0.03754857039767439,0.13534935897590014,0.06655226489048167,0.18934610708250418,0.010870974374246662,0.03205950525535558,0.018547033710553704,0.033716410280199206,0.004607626627240687,0.018098495977639694,0.04769286784289432,0.07460797157012346,0.00497947586405064,0.008543106650245828,0.004754171317841426,0.011414848619887293,0.07786679593846202,0.16953319201709444,0.025572215948436085,0.09814444665417905,0.2684017128135631,0.2691856053526765
age,(none),16,0.6216795928776264,0.1779620966893994,0.04747974236670416,0.12574905264958527,0.0019884771481883945,0.0018138255931244465,0.004292756675567944,0.003146722669622522,0.018638770954567008,0.020363463743414734,0.07739812377258204,0.08311394229170259,0.030607842141762376,0.06699904303479005,0.2609946317243157,0.31803608266456296,0.12074798827961786,0.23498227776136552,0.026906519269687124,0.0601410591884971,0.11094281708210474,0.17779320831382395,0.027905704468139447,0.02515614127161378,0.002714249600103358,0.0018155938737008856,0.003815154545009136,0.0031331292782636857,0.0073047146179305855,0.00788106186861657,0.05972719589408371,0.21276431454411035,0.0026615395036060363,0.0026416773920631335,0.003688719662022777,0.0030640864406602858,0.013166199074476026,0.01223199869681154,0.08289322130440269,0.21035981151509225,0.044983031912124716,0.10584100176066702,0.026262056577252224,0.03214963156625974,0.0027209593874886195,0.005585072766761607,0.04815074763610028,0.03963483102570808,0.005358942175917036,0.006765143022299849,0.007992800894498941,0.007162304845786222,0.09905892176175257,0.14196776575616488,0.02684267918448313,0.09094616842020078,0.153562196996063,0.20194913776111928
age,adult,17,0.6263902222408968,0.19042639406874448,0.12121091785101111,0.19321016586089673,0.002008276616620338,0.002413283264673378,0.0028176858425414297,0.0025840014701559483,0.011261624914100942,0.016449510176374582,0.2063039753257352,0.21128562887486502,0.026253101621370983,0.058163714252532285,0.1182123811723774,0.21715670402331233,0.06293080806362387,0.13376624590101482,0.020953660002252197,0.06342887388930979,0.008700858794755358,0.007535791554617463,0.0590173189446111,0.1579208609140224,0.0019478655509267222,0.001112979422589402,0.0017835448739146266,0.0017436566702900681,0.008201046502697007,0.01394312907401996,0.003206614719922928,0.0031496604248027814,0.004946388494264444,0.005692409160212509,0.002002003275693449,0.0024408131621175204,0.03339368363787584,0.10159820273680213,0.11276257267865517,0.24794162991383353,0.003630613962955335,0.005915581108581489,0.04185202545212472,0.07827880830844705,0.007250794004957082,0.018407255019657003,0.042635361225727725,0.038019947397653214,0.004983240635791684,0.0054489605336397046,0.003190653581815936,0.0038222382082775505,0.02931677073459415,0.07320916157263599,0.0036550466388957027,0.0048356795064563775,0.3476401642512749,0.33341946712004417
age,child,68,0.6530475842163843,0.17160022474403366,0.10186371333582107,0.1936426938036453,0.012115302232867928,0.045483296260854296,0.02298625252853312,0.11479465919634724,0.026222798302221823,0.06047971269611224,0.11320414170211948,0.11732203833179289,0.040175566567888704,0.14789668856074306,0.09203796881175709,0.15634596465694248,0.13172418776615386,0.24207165455790433,0.03201402543602265,0.10162943897975182,0.0327420796486823,0.07776818251303154,0.04597555729560554,0.13262902512296917,0.003920096337370684,0.006902581096453047,0.002183002772867707,0.003484206116467938,0.016069889381041695,0.06702691604611016,0.017109867993841524,0.09191413487693978,0.0030891148337960817,0.004314184578744105,0.0015862297886462115,0.0023631841540055036,0.077824051522732,0.17947336164521843,0.1767529244226513,0.31413377938825837,0.010916247161838007,0.0424787501077142,0.01926380562979509,0.05325981001699515,0.003427699898940559,0.01133784577958366,0.028847394319360748,0.04090378860660357,0.0035872844866175644,0.004751595948422015,0.0027412743819535106,0.0039708364526605455,0.03258318200310254,0.08329965705685276,0.003530374408857075,0.0072066494898889825,0.24093739370651104,0.2623838758013632
age,middle_aged,200,0.6221005473285913,0.1904817471149341,0.11734363991767167,0.21519276379882082,0.0022820748762751464,0.002183868642767516,0.028942940608249045,0.12015498897003163,0.035874674164224414,0.08452618057174115,0.10674376643961296,0.11378684942245015,0.02086198754317593,0.06831649648152147,0.0972964802151546,0.16413869145730153,0.10069073541279067,0.20166555477645173,0.032616764179547314,0.10341241936356077,0.03313169786590151,0.0629223702857743,0.056175699902232736,0.116702938695231,0.005100278816244099,0.01084977530383802,0.00306443354136718,0.00552890211566497,0.011333560119092,0.056252239009051304,0.026884935528505592,0.10460686658290365,0.015483564117239439,0.09426594803295868,0.0025532568030030233,0.003922756633686198,0.053396383569343016,0.16406759831039056,0.14637416894183844,0.29572434808428505,0.00964716752510867,0.028196172742681887,0.033602680902113206,0.08980297863656826,0.005663498225694639,0.03487131354927793,0.03818126835394651,0.047729514024397346,0.007812337513532839,0.021676735242185004,0.009610996264091226,0.06310709058493404,0.04664236950062332,0.12077842684800796,0.01285218777746195,0.05117019304354999,0.22519369152840227,0.23650850200296492
age,old,469,0.6380988991400326,0.1878738232619429,0.12313111565412897,0.21993832172766145,0.0031989505799955875,0.010053876812254413,0.020018332687800806,0.09688305837409253,0.03075902370675437,0.06770206785950557,0.10879947305686756,0.11910732930360174,0.01895182289970991,0.05118968053062901,0.09191821410339564,0.16742350292360475,0.09252655203156332,0.19943340369406817,0.04701623754505851,0.13745182570278036,0.03866590174741106,0.07878683905172597,0.06048997627424279,0.13395754564425147,0.0036816238548541104,0.007382099079237966,0.003019225081306761,0.008228589227259109,0.013085342582631936,0.03680855589281498,0.012692792979970094,0.07485044074040692,0.012366544995293108,0.07438956656719511,0.00255677602323356,0.004705244177014557,0.0617666050258315,0.16549279054400176,0.16244031950312138,0.3076396254727166,0.008682579631412795,0.03380745644024244,0.03638667543542816,0.09288402373306355,0.006548800993745383,0.02860053497829117,0.04518165643652603,0.07950806693531563,0.007393709233328293,0.014507101209280601,0.003192705438727501,0.0049951654690282956,0.04713695880851206,0.13802570104821116,0.016151630864498504,0.06908071753029352,0.22236741755181538,0.246978814511918
age,young,233,0.6463284898597284,0.18255045496354047,0.10732573537653624,0.19798962606574114,0.0032060155067932614,0.011862611198643267,0.02378939613342673,0.10356614968294789,0.028223121978438463,0.07249038019239187,0.10815752901200829,0.11326306198742714,0.01875767422202463,0.0613590996005318,0.097239643889939,0.16966181672639113,0.11057964686137951,0.20614039374003174,0.04258203702402209,0.11867458126120725,0.034641422408277195,0.07684406893606702,0.04598415416891211,0.11234980687851376,0.004343443420263959,0.008891841008624148,0.0027588835917163415,0.009120819669495918,0.012430343392096229,0.03584350755553501,0.016839830319011432,0.08934575907459173,0.007244024489511128,0.05089204469054684,0.0023143498221754053,0.003894366727060488,0.05069334635584987,0.13180224920300815,0.22354541535505748,0.34073251403843274,0.010719471373005727,0.05339093491116732,0.035549795698242605,0.09467708691191544,0.00453386687430805,0.020504443554439065,0.03749796125514217,0.06842911050308506,0.004933762123733069,0.00813939267892723,0.003656479125205915,0.005157015715880967,0.04263377583324869,0.1225988687612999,0.019555667570835607,0.08537682780274425,0.22345270746879184,0.26221200547200313
body_type,(none),80,0.6518763534724712,0.18481619286969345,0.06343949456932023,0.15359215511220412,0.003557287414150778,0.010987502304869542,0.019071833667112514,0.08052937586286947,0.03531136128876824,0.0745084372844218,0.08746970659703948,0.10553321765773063,0.04644649511174066,0.1580634265115887,0.144455538962211,0.23278698811346485,0.1386696750545525,0.24241113559684896,0.04554288870713208,0.13260567181269986,0.03604769582889276,0.07926071128499061,0.08693093016336206,0.19509739079707542,0.005887021224043565,0.01418039586129202,0.003074614742399717,0.0038431244593692634,0.006405859535880154,0.009195983614436385,0.010350071618086076,0.05209728262427427,0.012283080350243836,0.0796128323651881,0.0021354085929488065,0.0029292179491111014,0.02157924142156844,0.06850267468386084,0.1453387642686721,0.3098136475769824,0.011160998303785164,0.041823669057041116,0.023858336050761864,0.04186323714128149,0.005550218758025948,0.035696227394530614,0.03645733461889904,0.04726546292088276,0.0047499182139290495,0.010514704835780023,0.01355167477759096,0.0731742332001305,0.0445169089580304,0.1053721106085677,0.017196750400762538,0.06677282011872489,0.2211207219399512,0.2340491034667217
body_type,attractive,187,0.6534878774919611,0.18190572046160158,0.15930809307486107,0.24798598128547822,0.0064636870127988055,0.028044872512397456,0.020263299707666955,0.08190052402220724,0.03774561087182539,0.0833070882869078,0.09071722442662732,0.10390741384604413,0.023533945759063597,0.06433675890727736,0.10724678008728736,0.17464532642151856,0.13408078809463628,0.23730194852398548,0.0800741752273438,0.18271414950161607,0.04252392666807826,0.10198187401494808,0.088308969902293,0.18301005493791964,0.008199052681292302,0.025745239639508893,0.0026466072724390037,0.004576718043141909,0.011913795912601577,0.026679003542506595,0.00708238574390469,0.02826790177314535,0.004355878794234605,0.005770539606374462,0.001544786893257144,0.0028731994187335946,0.047366306330152055,0.1303364181789263,0.2341771162682173,0.3419546323853404,0.004501526780849208,0.011998551110760876,0.03780997508730899,0.10275800658088854,0.004954018564642666,0.018910522260230715,0.02126799043352631,0.036808359115072395,0.0032984123151733186,0.005794831408578396,0.0032447911685340126,0.00604311196134211,0.026985908204809148,0.09154595157378491,0.012821701387961938,0.05444794507298189,0.14880674636180707,0.18420070767661234
body_type,eye_color,119,0.6743365210645339,0.16305293219922648,0.12916750826055043,0.23504343364364347,0.006679718374585764,0.03957085604860909,0.023695367215760835,0.11154044785725949,0.020666876017358622,0.04424595611109928,0.10739448140649234,0.11561585970623385,0.017733275673172177,0.07208638867049391,0.158698335481698,0.24023395232064823,0.14890717798447775,0.24685074645357755,0.024061231284026652,0.08162975240392982,0.02213977579763081,0.05955058363745207,0.03772863331289977,0.09163913803268144,0.0036309012970026236,0.0073221648876423085,0.0024806607466684107,0.003997904640055552,0.007773965348914156,0.011556209022938246,0.004119384794656438,0.009617530287860238,0.003197073921176777,0.004686106825204713,0.001223371337273573,0.0016260102674776962,0.027360252539545077,0.10495929146706597,0.14701172902479673,0.29355797376146914,0.005613983093228724,0.028921345597107025,0.03711921628466768,0.12124566761681445,0.010274718460118683,0.05627491085849406,0.046198959333211685,0.08176916985420855,0.004072794325707457,0.011373747200690737,0.0023570102438948922,0.0029610426039757528,0.01636762805322201,0.06343195412895003,0.018715907398908705,0.07029407234325655,0.26998330064963144,0.2703513316290323
body_type,fit,153,0.6085968160746145,0.18674991044286407,0.09238959762824736,0.19078882414826778,0.00220576900147279,0.003336750006965774,0.010360086146130354,0.059047702995282066,0.02312032415781146,0.04747998745376838,0.12222089323525627,0.13208897585949955,0.024909946887169545,0.08121668617352912,0.08860657579384233,0.15801617529769452,0.13213325039810025,0.2102783595571465,0.07364148654658469,0.15742825133163504,0.03957405188151337,0.09078201667334042,0.055517111845570156,0.1333740918657995,0.005976301244896794,0.03241592843904607,0.002456680374403387,0.0054499827456788354,0.017481805850467127,0.05611424918194846,0.006531297699647219,0.01915135357325761,0.015075367736250461,0.08481929270544573,0.001514469225452665,0.0016478635519263942,0.023744081543055455,0.053098567877718245,0.14293558477500934,0.2922107146330691,0.007487424742601647,0.018934542825132652,0.04699069097960745,0.10851041367199096,0.0035770817727942,0.00690377772642333,0.033758667048091204,0.053448207874866524,0.0052030520148239,0.007854379779069906,0.0028174015833369267,0.003773507179031869,0.026621501578940263,0.07587379556547091,0.012579695097348817,0.04588295260672947,0.25887792734916204,0.25874125700960654
body_type,hair,595,0.6603714047860698,0.18862031876331856,0.12408859021472549,0.23395661337561757,0.005202518961345386,0.020080110184216845,0.0136298001243952,0.06803432467792338,0.02849729360558656,0.06531722617547328,0.11024070738133888,0.11789414365933729,0.018746950231324257,0.07664982241704847,0.15164495711655065,0.23548479416497722,0.11267867548158392,0.21820960022662145,0.04217803154342237,0.1288950375085219,0.030146992496926994,0.07349608266198655,0.07195138445264902,0.16000458631550238,0.0066949644364209205,0.03304060417761818,0.0034090912244194617,0.009516200779005956,0.009812669254626155,0.025077370690816066,0.007083430238745074,0.03618368041447185,0.007954458867423745,0.062239445678563335,0.001549220599572589,0.002984841989392442,0.032835278759452226,0.10340856856016768,0.15608830326026454,0.3005947191003157,0.005656714955229359,0.01967437844800898,0.032736917058428544,0.10151111342880155,0.007773613670657187,0.04189058335568641,0.039098696083127826,0.05958456974871135,0.004554906588741343,0.010441721072389791,0.0058467525948707735,0.04296113279645068,0.024776441560854682,0.08761435733629692,0.014797462788439833,0.06585434147605658,0.23972296905899498,0.2639326017881415
body_type,large_stature,306,0.654486493104034,0.19268036961832002,0.09408227278998585,0.1905051779570867,0.0036426440978520156,0.010599342494954561,0.013515776346169042,0.07367905527931119,0.02386303259374793,0.05260018072090081,0.10384657642396253,0.12000308631685798,0.021594287813154166,0.06450683051887149,0.10678944571873514,0.1925485421895655,0.10915522448154732,0.2155782575753735,0.06449255027109757,0.1648484158567199,0.03696252656621201,0.08651008928125287,0.06539443229116633,0.16105703544515057,0.007211926636503693,0.039373614891952666,0.0031875516110601277,0.007511535915794236,0.013451652948800139,0.04816632845172583,0.014096433926431548,0.07926727145872461,0.010720874709744855,0.0776645189472902,0.001558532908496453,0.0017910511523816484,0.0383578937584793,0.12304160692196098,0.17090934517729062,0.3110189615619569,0.009533626119472281,0.03489262812407128,0.041514782353724335,0.10783963551704692,0.0027863465982032377,0.006072682605294206,0.043026085430147507,0.08766358565136369,0.0051140679069623515,0.01270419470648713,0.003796103845791377,0.0070945957636719325,0.022853376425260957,0.058152853177973786,0.01482759834428126,0.04725723306457549,0.24431817802704042,0.27035457510544236
body_type,medium_stature,51,0.6289419350670833,0.16679995399008898,0.05740537091532685,0.14159734844132787,0.0015024865912410485,0.0008433251476718904,0.022529561336234433,0.09918052350348207,0.031865610439768606,0.08616052722292265,0.11090784067032385,0.14162341044339657,0.008268969118659037,0.014486772327080908,0.08651965732718178,0.14694381025828454,0.11226577195338905,0.24363575299841728,0.07850120589022945,0.1913119964433976,0.01888877507436144,0.024603144440667742,0.08187258271865692,0.1760055715814223,0.004112587619102651,0.0062650176904430754,0.0029221488880198996,0.0058012981665259014,0.008012631776235887,0.018334747064979617,0.030883749059570368,0.12741667777869906,0.0019046978399559272,0.0016271991755609525,0.0014923558448893292,0.002337244223544076,0.016682538537162485,0.06968417950168848,0.04454344674127688,0.14727729465534303,0.011918366576234499,0.039036788899550576,0.029933220999059724,0.07017534306349489,0.0020462897110858237,0.0028504133861467374,0.05101166905232651,0.08081296536136517,0.0037371092669976256,0.005702499052947242,0.002267284772482098,0.0032599559644642313,0.0170382808782069,0.036841247710474735,0.02769996843976425,0.1030312948640602,0.3296201950048699,0.28756623688798655
body_type,miscellaneous,185,0.6234895365463721,0.1921664347797249,0.04285343933498134,0.11470945666865963,0.006301795378031612,0.04282841148743635,0.014988834407759478,0.0638383098061588,0.04624472505136116,0.08247926429085975,0.08372410725600817,0.11243154058863554,0.02830335278900944,0.08036370647281287,0.09575609587214737,0.1593463214000424,0.10409437199642353,0.20272318481294782,0.04689211992899309,0.1373339556807865,0.07187239301416116,0.13323726847796966,0.08661448426884473,0.18419713375250296,0.02101361221552046,0.08241213334747212,0.011470279246694534,0.06914135339082372,0.013089989251740326,0.06148527649239746,0.02234682822348298,0.09902522438145694,0.009110849172685521,0.06833747469080388,0.0028888870561589813,0.0054476721116115045,0.03484363978904848,0.11872144251180088,0.1233532687694753,0.2817413159612027,0.015683323459470065,0.04374722230894868,0.04323039714410599,0.12828785514731736,0.003611421311467672,0.022303920549397335,0.034010902850108375,0.04141609970660127,0.005694397244951688,0.013096668797654929,0.01075831333354644,0.04778355367949864,0.0775892124061372,0.16835520163132608,0.01170289529962591,0.05593104083908491,0.21757232159678194,0.2371385106538522
body_type,overweight,340,0.5987417672925136,0.2036128170811336,0.08381047701695934,0.177247662856735,0.004619193734320373,0.02417186421141056,0.012286151642483138,0.060026503575000424,0.02957630824393538,0.057202785966967234,0.09420656261499971,0.10797132083066328,0.02237191204690402,0.07072280264006436,0.10672121865876869,0.184499977990209,0.09233366116865963,0.19073757422745583,0.08442814219349255,0.18780506506237982,0.06411066090941483,0.12138239567505875,0.06562271399546743,0.14655505723499204,0.006373605748419376,0.0277592866662699,0.003445035643338034,0.00476833324956926,0.00894189810150077,0.014335885975371332,0.01637914707124069,0.07645268465674718,0.0035770540761244345,0.01420773069041715,0.002239326070155264,0.002908358345667241,0.037158032492494816,0.11524721810291515,0.14819809761641356,0.301862058951583,0.014756353909786626,0.043807907607148644,0.03030181659063708,0.06610365343249382,0.005228877549865609,0.028445403722608058,0.042066790160093015,0.07119885969450206,0.00655399399513365,0.016912765710865477,0.004497614739075824,0.006372537964693761,0.05656603452859118,0.12825187940364047,0.014653675694374696,0.06115391621219463,0.2073159022941528,0.2221788425284059
body_type,skin_color,68,0.6049066731596694,0.20146846557686396,0.14034479283830426,0.236611500408955,0.011995373692223118,0.08171310725193624,0.011153533002738292,0.026910286918617334,0.03193711845875334,0.054191089121605106,0.1353497349533855,0.1452548683384493,0.038925795440959254,0.11830181126525606,0.1675541203277295,0.24099080374504597,0.09491103103209753,0.20620252124085797,0.039141520104535366,0.10817577717854374,0.028089392038322437,0.04150480587766582,0.09316254982567283,0.14966297451264965,0.009284074133200407,0.022342915637476757,0.012909043252233566,0.06642006982226854,0.007717968277146985,0.013314882570281189,0.025882120632826734,0.1192098728382576,0.004680524348205996,0.0054803122930462255,0.001872493291824974,0.0028804528844260224,0.02550630397950847,0.06421073994118946,0.1487414229358204,0.29073938725659754,0.010988061290203511,0.039334339687874406,0.04168763903983157,0.10660229900736211,0.0178427515874158,0.05215773717175283,0.04319784934769439,0.057301927300920395,0.006024033027428873,0.013018452539240005,0.003996502207027173,0.0056677043326199385,0.02438152387228055,0.09396027672253611,0.012904082192108035,0.05175863287642903,0.15436798282077208,0.17730264653506148
body_type,small_stature,204,0.6462470617364434,0.18521982169613216,0.08489455858943984,0.18138916635818578,0.0031804720308761768,0.012684878571872959,0.007720407501277377,0.05124116540315319,0.020957269678440166,0.0469797080917639,0.10578274798771257,0.10938675456348965,0.02902802165058971,0.09046016503336332,0.11035254289477141,0.19950439320341898,0.1252855865711942,0.2206178059739414,0.08415744603296522,0.18405211632072796,0.024896532832416614,0.061966273057213285,0.07293618250040192,0.18695697301546013,0.0031754393976549254,0.004664134753260839,0.0020033201874991623,0.0025714239361938293,0.009634916489292164,0.023395923691264676,0.00964901291944461,0.05753698666172389,0.015353874129847527,0.09758739971503083,0.0015885139090481542,0.0021263035276048734,0.025420451466155045,0.08716404562341434,0.10533048529089452,0.24537006925412988,0.0072869106916186865,0.030906997297054126,0.037015274054069514,0.09184034056254654,0.0028074951803015815,0.00901320847181649,0.033195438210432436,0.039364543035876026,0.0040328674555234565,0.008338356904088361,0.00576991104339957,0.038827903124327774,0.022587750781574014,0.07290409010596989,0.014492031864909794,0.05898781113575174,0.28306267540627983,0.2819884453308096
body_type,thin,153,0.629557758861897,0.18510955510035082,0.06249682477856469,0.1495651977141831,0.002848679623532328,0.007590400566365373,0.007380168133238756,0.025176744380006694,0.02730325571249172,0.0524754299054416,0.09128557565299417,0.10692580437977306,0.03807542681750336,0.12689041222341724,0.1353644566481866,0.21830799916749963,0.1216712815293683,0.21672568997897185,0.07110351774943506,0.15573986888682242,0.04898961258784326,0.107840684157549,0.07597247916395514,0.1503800116110587,0.005179552889042503,0.01488157156946852,0.003025534724169167,0.004250191783441762,0.013647629398726279,0.06177873259397196,0.007138679621990746,0.018152608274513437,0.010623599794937535,0.06935568286067204,0.0017147760092032756,0.002120708047833729,0.020524854325914596,0.07592931425694056,0.1317310627238685,0.28158080751257153,0.01234137502957738,0.049639207777358564,0.03971149563695018,0.09947783969257529,0.006484760117565481,0.043472706168242184,0.037321656053654506,0.04306108540945019,0.005287041407142419,0.013773824226103867,0.006005491916237862,0.027570415572162905,0.030974363741537957,0.07133691463214722,0.02176022988909953,0.08916182731284775,0.24919197105747812,0.26321162276644317
body_type,unattractive,85,0.5796917496358647,0.20514881265323057,0.10091121828128748,0.21092046433107292,0.006098733169218416,0.026242401146695103,0.03410949832143481,0.09478194178163114,0.06370603527928538,0.10500692393260766,0.08173249314046081,0.10232800346727994,0.016268731767366477,0.05212100893913049,0.10287456433836589,0.19126452192938037,0.09518885651966283,0.21310807293213666,0.05708309072891579,0.13267294365903667,0.08116998194086858,0.1279664915348661,0.08589806406320456,0.13081718069592346,0.027079555998994587,0.07866031449235315,0.0050064720733858205,0.007271457645145581,0.008018383367315812,0.0244180574494133,0.016553838494891192,0.09171350873152115,0.0031383450858651057,0.0036123847634329403,0.002556959221735323,0.0038359732591580747,0.03473171463359476,0.11391946504489281,0.11436200669679024,0.264233914962364,0.0053627512655700284,0.008381180534959221,0.045222469869836725,0.1372715104267154,0.006428271868849954,0.036217376612512786,0.029923178225426988,0.03158983787798896,0.004346401084159665,0.008365953194688618,0.010502839225056746,0.05819546082151323,0.0748416653197423,0.15931959505588758,0.010427716184708783,0.04483433405496637,0.16275079302928028,0.1827008583962745
characteristics,(none),448,0.6333871534360307,0.19158247435989578,0.10367690727785625,0.2069745133547076,0.0033470748022149826,0.010588640930766452,0.02603016738833373,0.10638003940644858,0.033633552863258434,0.07521244253520556,0.11072393725355921,0.1316742205015345,0.03061745454747974,0.09833464203330176,0.10375280870201616,0.19444718822009077,0.10549893081705315,0.21847092725815698,0.045991739944059064,0.13700901616222974,0.035278679377630136,0.07098007426079078,0.06298420355233247,0.14625134635486647,0.006161149634473466,0.020516359345564183,0.0062946476230406135,0.04676961891585734,0.01203646793153114,0.05130665113533984,0.015860435980162686,0.08497744419263252,0.015377412601440352,0.09740029681647545,0.002502390815996997,0.003271391149441768,0.03610241039599974,0.10554175776830409,0.13414130760052753,0.28446527271372574,0.015091023458418411,0.05489229654347174,0.03224283699975266,0.08763389351114115,0.016659599333252118,0.07059345116624996,0.04332781030773601,0.06669871841856538,0.006914332065142454,0.015990243687379602,0.007597743351490343,0.035837204871466424,0.049607406258863715,0.118982651739629,0.011496270088855454,0.050242475758454835,0.22469035378266458,0.24575137310255668
characteristics,addictions,136,0.6107419406009071,0.1885325905860449,0.0682306462459725,0.1598225679115104,0.0031071908214310977,0.00773792576281986,0.02316880422671709,0.10070283925411291,0.030020822014193982,0.05243249929706871,0.1118069422116284,0.14975986315605713,0.035397314756718354,0.09751371631247648,0.10493752424757558,0.17318243647551954,0.09290595902926083,0.204442292544459,0.10788177148274639,0.21487645514706635,0.05246603855116786,0.08956683836105826,0.06319788692395806,0.1379455043561809,0.005828097365926677,0.009481641812314312,0.003646848538397428,0.0044251915326849025,0.009663042087434888,0.03770948458081098,0.018429020514090285,0.06669599634833896,0.009004287456050138,0.06969447332695224,0.0031169821182522677,0.004240523732248053,0.024799456795282074,0.08130517049029484,0.1732947703280575,0.31472262355260333,0.019133310747266104,0.039591633185049914,0.04557974697244765,0.10154313132132045,0.0025182201137902344,0.005257136078755631,0.04941210534718052,0.07346106610894206,0.005547398336549283,0.010926837666192847,0.015460175761023386,0.06908021064012448,0.07886664126657278,0.1592283606633058,0.014735958752734243,0.05941612119694258,0.15901776205282658,0.18090557544112848
characteristics,children,51,0.617745589391858,0.1990402000667844,0.054041761726907944,0.14423744931813795,0.0027203890586308403,0.0042976170077362805,0.035773047282561365,0.13246445235593904,0.0395029060058661,0.0687392150345896,0.08770300773903728,0.09169727176575557,0.04747596963801805,0.1292230193706094,0.15345984267860688,0.2327982989498997,0.08195753799758249,0.16936472096047758,0.059237421870313806,0.14986415526621255,0.040063761494250276,0.056322605396894036,0.12628747367610535,0.20286232746816274,0.006573438544543095,0.012282465981311393,0.0033765613043215126,0.003503669639560563,0.015941133684999144,0.06458943381773243,0.017319748652916328,0.06786107381566567,0.006083717906400196,0.011199926099735984,0.003135256219869845,0.0039516190621642295,0.08544052057036691,0.20697264963150205,0.13858272691426216,0.2876237512873233,0.020214197816505262,0.060650844912173964,0.03563209302385575,0.10200480166250367,0.010065697841805648,0.05130830984578979,0.03802235901136609,0.06261207699944984,0.008825457615232296,0.01584143215211499,0.006330962610709499,0.007419773666837631,0.06385213950667165,0.1525746741286568,0.0044728841041397375,0.008699287510929219,0.17305516451597214,0.2068268213672533
characteristics,domestic_status,102,0.6588975375189501,0.18222016703597554,0.07785431568067995,0.17749074288359454,0.0019901868817054063,0.002109696886398988,0.014133514601887916,0.06989235306901828,0.026867250845694513,0.0609419379759195,0.10749124544763974,0.14942144074112676,0.01992633269230068,0.07709276502438432,0.11298194379481834,0.2015734272992686,0.0776329728173818,0.17536986422753004,0.06583029282103549,0.16526795731965796,0.05700276036605276,0.09602149942026704,0.063097347614958,0.145073779743128,0.004414765027582226,0.00789664077706094,0.004619894770953311,0.020951255725447485,0.007402074968958201,0.02045438822953504,0.011268531369768978,0.04884974828944464,0.007903858040021184,0.0404772631452192,0.003954308192952143,0.006400484422571625,0.022076711098563073,0.07817564585148125,0.16361052291890077,0.32359545893145786,0.008680377188070184,0.022062365683386143,0.03215659671125239,0.07180893878253718,0.00296443406898784,0.013505822070887474,0.038416393843077705,0.05263837510427605,0.0032252949673491848,0.005311537312086166,0.005550136559131537,0.007986205259038535,0.11939993845675524,0.2334061414504975,0.01602442773982344,0.06646311760952558,0.22830111741124853,0.2577611506905508
characteristics,handedness,51,0.6868234504671658,0.17061647782007167,0.05847939432087336,0.1706582348673589,0.002230363172095488,0.0017603661783094219,0.013158764589724004,0.07430210635559621,0.029052798503863754,0.07022410558796285,0.1511830911588143,0.18897806639757986,0.005005486404258466,0.004691818131971219,0.18288931382281304,0.25859653654865283,0.11462479036794428,0.21416516107612307,0.009204450087375282,0.0220490902262353,0.02291119986615491,0.043307615535564524,0.07661445002875053,0.17755787593480438,0.004318540178549786,0.010674618999883466,0.004040764248130989,0.01441646528824604,0.005936987492639352,0.008480320778284771,0.003145720011910752,0.004664260113512944,0.019899167730210478,0.12253434058796862,0.001001884876898782,0.001810816494306763,0.02331301315765207,0.09289937950237075,0.05878419852324798,0.22046232813025712,0.0033915705174805745,0.004868787362995105,0.02838135170567708,0.06461699638342233,0.0013958158468121123,0.0018376764063061058,0.06616450850303997,0.11589109296869075,0.003029550954142549,0.004638686962166654,0.0019425566818373388,0.0019258911039021344,0.019768066267145102,0.09661778968364139,0.011738785135094076,0.036305823344835356,0.3366850933388752,0.29929169568182246
characteristics,immigration_status,237,0.6382449204534418,0.17598276253836384,0.09105461086922635,0.19073478876639238,0.0019632360609621595,0.0020818620340412957,0.016455282227043847,0.08074330450433564,0.028182656036587705,0.06036908084778728,0.12834356276452039,0.14152491692826744,0.01571705964500014,0.051823324677485114,0.1309606188705352,0.21974092393680406,0.11082251591780833,0.22765351138679876,0.06145414935335525,0.16861812102424728,0.029616331779358726,0.06262421350373633,0.068606917510096,0.1481927833905224,0.003679153225276588,0.00591907241855172,0.0026013730715209703,0.003686582187897522,0.010374429871113028,0.0263581225806897,0.013668043169174304,0.07258036652602529,0.011970494365855512,0.08268505313370307,0.002209737104423175,0.004924611819278788,0.029357461814197832,0.09889980689544053,0.11560532820687575,0.26651168954433246,0.009309956030026156,0.046403943124618104,0.03736928172649242,0.0897719419175506,0.0069464439989190664,0.03282963668599187,0.054222199297608326,0.06630559357658784,0.004948426503565296,0.01071190785768034,0.005914008671421271,0.04289184658296143,0.035306159348692745,0.1280645464157058,0.019978892066607346,0.08169550532036807,0.24470699918436728,0.24745582556593138
characteristics,job_status,222,0.6278509251974724,0.17584614021334752,0.09243296592355799,0.1884870229681119,0.002559373626141465,0.0059781712038543605,0.010279053769851531,0.0507773563620437,0.03048964778406059,0.06614041590763345,0.11560311087046389,0.1270912791386663,0.024091196928156523,0.08403739012942331,0.102316583616099,0.17512397873514696,0.09339916074532084,0.19957441863027334,0.06799499670160003,0.1743776503910334,0.05814256082390653,0.12596642992519455,0.06965327104668947,0.16485512436985275,0.0036626161483319913,0.005973828805094369,0.0028852800914555207,0.007139996965161115,0.006866916798465248,0.010456648999641906,0.013178710426415762,0.07550326789699394,0.010173482733801205,0.058172316317692006,0.0019532356469950697,0.0033546296294683685,0.03741869648123005,0.11224215993146675,0.136076582681051,0.2886280064932898,0.011190397670935118,0.045981421728412374,0.0369304449099267,0.09895933465117127,0.004562959605234052,0.02061725081182832,0.03583785161996881,0.050891455732090134,0.00561173603394612,0.014006794124349353,0.013389527569850068,0.06704196150715726,0.04781618252289607,0.1318513934672006,0.005371224223258528,0.02345390528959122,0.23994561811690931,0.24906154939393846
characteristics,marital_status,187,0.6410333010602125,0.19526914972410192,0.07276905233751395,0.16524676419231377,0.00263737566752937,0.005066826393478113,0.013602527048012968,0.06838122326126465,0.025404700089275915,0.056837572543432656,0.10134768886192837,0.1163931541515977,0.0408718557100753,0.12356437720224732,0.10831173004197793,0.19579908765890983,0.09637015202844684,0.2014138190624098,0.07063128982787643,0.1709513327675207,0.04005631533660552,0.08221523766171653,0.054223283550099415,0.11923160991705416,0.004466658087545647,0.011843989728090818,0.0033891053950783853,0.013527822809540917,0.01685969064676422,0.08074062853219732,0.00997390140630529,0.06506184900222711,0.003423909250028023,0.004115014233836675,0.0033409684431274737,0.007607426698037636,0.04892022767599752,0.15179471486559573,0.14729049621227092,0.2904381800508584,0.009851885477036118,0.03681438991235328,0.03590219409172647,0.09885683384967169,0.003826655323227605,0.019393998673504408,0.03633291697388585,0.04334201462824932,0.004482510334760434,0.0076640040109540635,0.006696748541108392,0.033214740563235194,0.07083649786760692,0.16754216913590775,0.01222172332196098,0.05432300723899603,0.25367198126231205,0.2706790403066859
characteristics,miscellaneous,34,0.5967951618573245,0.17580464539339982,0.10642690195441794,0.17003191555677627,0.0031620348728371456,0.005325232758988375,0.04153971257961958,0.15163096559310713,0.04109244272523724,0.07191692076977228,0.10712374122265507,0.126414934620479,0.013807732303736402,0.018733730766247514,0.09211719480706104,0.13892100689134018,0.13691755427006522,0.2513290644545725,0.05850272112430128,0.10946410981121552,0.0701113723232137,0.11904850592133819,0.05814726045355201,0.07627750049153167,0.005987218716387253,0.012323520918905043,0.002221925139618928,0.0018786417563406066,0.012953732130186194,0.027381677806798402,0.002427806391257464,0.0015545307019316965,0.00263505510862588,0.0028959030167596367,0.0014823044895071209,0.0015129015808527145,0.04089559461777646,0.0992607863520308,0.21350427102451625,0.33761329589386346,0.0028269919104572825,0.0026472675260346057,0.03330002217005719,0.08096977776571454,0.0025758925036344035,0.0028688413820074517,0.03829853356514564,0.054033892325261526,0.004607930792297018,0.010136229068262234,0.0030682698895415183,0.0035251855305097556,0.024804066532798222,0.04560198539260617,0.008535231911296518,0.02852091876899483,0.19689837374779232,0.20637751171550262
cultural,cultural_stereotypes,286,0.6263787129542211,0.17748529334763843,0.10104522866219726,0.19904400817081608,0.002354669705818088,0.005162315304930413,0.017181387632536554,0.06706115366171256,0.0426684507531915,0.08833012161003029,0.12089760791529881,0.13930096227230326,0.0240387697718383,0.08496948739823237,0.114147085252371,0.1969733279219759,0.08920372680799997,0.19516364159241859,0.08000153390661377,0.20157749884714063,0.04623530459731908,0.10488064048914328,0.08112636462938354,0.16513893701232343,0.005890205477171421,0.021237716305039067,0.0025140018579086054,0.003976610117570755,0.012112813344765846,0.0482895675838032,0.0051993873666188765,0.021959744366354013,0.007415473173623595,0.05560990940129955,0.0017605262087622227,0.002884501733452469,0.03533338775110945,0.10139832220163063,0.12225180576267242,0.2694165283137766,0.005900487052586086,0.034830820111262054,0.031137637552232124,0.07691540358057741,0.010267594702330367,0.047105099809748655,0.036690734602002936,0.05788583378540609,0.006472088942449569,0.015585614674687623,0.002902262872180631,0.0037020003581640253,0.03278436159863221,0.10494464328020423,0.01348401737594578,0.056685695107167935,0.23399960985602616,0.24287824102392025
cultural,generations,119,0.6290782229239199,0.17469414636290018,0.09844263344944432,0.1791155496185693,0.004053449132010153,0.017612575543927145,0.02291015688791683,0.10167564505470904,0.042342126868399124,0.11185140254390208,0.13451869210557027,0.12598248304364731,0.011665735935729718,0.034192296869285495,0.08405620775365528,0.1760318334144455,0.07726973775180425,0.19861776845533136,0.026710779585644696,0.09307118272685115,0.03161457618757175,0.07381611159656541,0.05922363688406229,0.15394361696697362,0.005963302012474253,0.015389949796320397,0.0029682458863601463,0.0035676209227682937,0.014596444212962646,0.07686824099161342,0.005594524112481139,0.017863338604827927,0.011457414438453025,0.07660567837963723,0.0024830776235204143,0.0054534139184766895,0.02494371503869369,0.07269305398617017,0.11178928363223035,0.24719149256103173,0.005548730034512241,0.016288956485826216,0.03543481344705401,0.09947603102454661,0.010406659169065347,0.04530091003553118,0.09537537359170803,0.1306522361717899,0.006646632707845068,0.011745564759579729,0.0032917472713396047,0.006669438152027981,0.031583045390160644,0.10153754460616536,0.012253492314391965,0.05113632155763836,0.31543563146676334,0.2879417322198439
gender_and_sex,binary,51,0.6264786170978173,0.18053216660396623,0.0611379148767275,0.16132966088066156,0.004893066383231723,0.0117400680660814,0.007778711850964921,0.01245813670667865,0.038613917662159485,0.07942356468924036,0.11306993182127674,0.1380942493138204,0.02239678315270473,0.056849910195551794,0.09520700959347225,0.14958792895614803,0.08544344046865315,0.20814300534940314,0.034327351024794374,0.1126175208858367,0.05418913594593166,0.09211873590053585,0.09954819365349762,0.19537876473189497,0.00413501604492137,0.006248500597839849,0.003495645372073769,0.003743026154943931,0.009814753214253442,0.01888932907832815,0.01761875455336207,0.09092719757582277,0.003671337474324722,0.004870773104634018,0.0031553907014598486,0.0044689863948000645,0.052372841924593294,0.13101960772179327,0.1637159245694741,0.31300019448019933,0.011888297214789097,0.02550750755651488,0.02243314829527163,0.040019397422254646,0.001974490865797955,0.0026551674182359437,0.0500439049621277,0.06431704273639792,0.006545940425769682,0.013032716078432543,0.030078652951131372,0.12661536234624673,0.09131783209558503,0.17461192014664487,0.022130160225559865,0.08467036575631592,0.207461904405671,0.23511681857442565
gender_and_sex,cisgender,34,0.5622689640697311,0.18442080956105578,0.0400975854444208,0.13594663486386116,0.0013879923002712209,0.0009818970689349825,0.01273696987739052,0.04020613040018942,0.029858427450937385,0.061437522713964215,0.13525791189578526,0.12321410596086002,0.0544818221772884,0.1688227569911417,0.17450005512492842,0.21430138517773373,0.15031439348411582,0.26175406458154044,0.03747145825764164,0.11027285273131719,0.015532354646198013,0.022670559060479725,0.052336332723772264,0.08394195734442643,0.008749883765738238,0.02794230549790867,0.002672731951700852,0.0036591005017613206,0.002631649383521803,0.0022055504698379833,0.004346147953423069,0.005018029196515455,0.001978180863422013,0.0020532858346259436,0.00110002432783778,0.0009497798409500613,0.01118023757247583,0.038026471591961576,0.08157369114033987,0.2533002041374144,0.005194409977026654,0.008751361020845198,0.01835511174217305,0.031286402323836844,0.0014562295345967868,0.0024484638023680038,0.08607497336069013,0.13081185402175233,0.0033604250437586896,0.005606858537671654,0.0025922829723533463,0.0023749062883244403,0.010379918218378033,0.015009344529609697,0.005417992943822516,0.013798246469022864,0.2788025865550427,0.19347495394531178
gender_and_sex,descriptors,168,0.6614834083510297,0.17945096434110583,0.08232796969483995,0.1756292955985733,0.002033774844416517,0.0016576411266013395,0.01707616820082573,0.07065026836815755,0.03647145228820764,0.07888397415325102,0.11543761915804464,0.13004968077276846,0.008795457464570756,0.01572168029879885,0.16765573472921028,0.2535527062556988,0.09754933614402987,0.20565925446464037,0.06430400059339479,0.16736626104271843,0.027641930275768528,0.06914948176515481,0.08231123888773643,0.1649985837616125,0.009080271723741177,0.049653880210384034,0.004856576738131393,0.018817408582391653,0.011879796102307626,0.06121919348723096,0.005017566321579839,0.017212822038864983,0.0034318052655310438,0.004188000983350614,0.0011389604663972499,0.001251248539392724,0.027176748350203048,0.08011925227619045,0.1527177890081172,0.3003913013860517,0.0033337386636655233,0.006509120011393744,0.02585577311055247,0.07944112798142894,0.010972925736192943,0.0483274676724932,0.04179053877790769,0.04655470092588605,0.0044064225813989265,0.010602369886493058,0.0028300510402048183,0.006587140055069292,0.009915886570871365,0.023280925448934897,0.0101550055197939,0.04770032480596716,0.2622290671514791,0.27991774332521624
gender_and_sex,non_binary_or_gnc,221,0.6636604826509683,0.1660941961953869,0.06316741211002701,0.16604296743833943,0.0035061347826407185,0.01217419392306629,0.016978491885467472,0.07349065654517041,0.030933423677872343,0.08152464233287464,0.1491921179089274,0.17196786852532678,0.012848930089150837,0.04938022525817523,0.21601327818005064,0.2899327995134583,0.08803663558125964,0.20694668300257665,0.03626588010150155,0.12846143213196629,0.018752001441395695,0.04403213577525708,0.09927121368847888,0.19026193181194762,0.004027527092078414,0.0062115405123676715,0.0026028030891075723,0.0032534840278282645,0.007366177450145945,0.014776468800506736,0.017461693726113378,0.09908814209844444,0.004215765905012619,0.006505694456732771,0.0012875239726822883,0.0019396480083238782,0.042528272887725566,0.14187383894155522,0.08939656407224136,0.23110889934102835,0.007328448838336241,0.030092459285384947,0.025634904533236948,0.06958154737129317,0.005587753436534863,0.0293100376242853,0.05947093442672383,0.07638283882299977,0.0049564449517720075,0.012449654136588875,0.0025300299194356956,0.0028154972059715126,0.015547525905951334,0.066811017842974,0.017970301782289873,0.07579348486651954,0.25704008973797793,0.2491203374388283
gender_and_sex,queer,11,0.5591559139165011,0.20755829275038512,0.07477784441487695,0.09002379860983241,0.0017025206576694143,0.0007291280227917195,0.004570440516214479,0.0027768565146142933,0.009073154683309522,0.0030485731739745407,0.159160994077948,0.1416744759329969,0.0864760755053298,0.1789573324044766,0.1579137830783359,0.27229408718385695,0.13678754096194592,0.2917523832058942,0.07731289810247043,0.15600103582947475,0.010103386403484777,0.010088218513460952,0.013332403243773362,0.008752126278690523,0.0027437592983584514,0.002035072310065767,0.00795925344837914,0.016172739964425677,0.017501797135496003,0.024654731003868467,0.00514784263743257,0.004427442791929058,0.00815430407105437,0.007346391387714942,0.0026053206079681827,0.002268961549098478,0.06129888253582811,0.09979156082561846,0.1291087497110394,0.27687811039110116,0.005155894545499574,0.0038589069894559083,0.05566308272748508,0.06859590559702751,0.07242076233193405,0.12215711943523463,0.0639203178527003,0.08665410911719378,0.018266763450810686,0.026638114224777115,0.004790057941466908,0.0038323183184247574,0.020847006055357106,0.05132862578909471,0.006175700998441739,0.007162088250752056,0.16629220359027386,0.14461129220625557
gender_and_sex,sex,68,0.6728487808038207,0.16259354591014058,0.07125942899694886,0.15853699448663802,0.0018051887459210668,0.0010358634994657935,0.004931720185970121,0.008124721408523966,0.021362226439283833,0.0349538355711678,0.12251502708942794,0.14772373155545915,0.010728897839298417,0.025712948024065988,0.18181777512483463,0.27424589825669754,0.08153982642954147,0.18851349495751327,0.04619141465638463,0.13190811546343612,0.04182596594738938,0.1158020259822,0.08561215768499739,0.1747074963720565,0.003793388362871209,0.0038721580664436662,0.005412965874711517,0.021096288131427297,0.0060879069805035695,0.012157621910496151,0.015089424882128643,0.06563559491705963,0.003274703131704454,0.0037666374797676806,0.0016995203417643685,0.0022498860021924983,0.01894039654486251,0.09408265209937405,0.15142633428331465,0.3140082930998431,0.00794094865951218,0.03450435453598006,0.021803009094369104,0.0345213273447382,0.002150663235624961,0.0063505133137834605,0.05183654963655178,0.06623036469448276,0.0030987703026125126,0.007348351165181499,0.010481396321933168,0.05671022654006595,0.03782887604970978,0.11228332697299946,0.020773164238027463,0.09918322669881736,0.2722720263306709,0.26856076117005645
gender_and_sex,transgender,221,0.6766117885371679,0.19093084296360394,0.0811263641418375,0.17865673583807373,0.0027203415764118564,0.004931330553950889,0.011528329888060563,0.055166622403327835,0.022955325143453897,0.04478547065724977,0.11924430956996607,0.12161653889376824,0.014344894767599812,0.03445107816544937,0.173965917711359,0.27645465486129916,0.07033408688930731,0.17538605808826016,0.04104168313013904,0.12832059489880346,0.02487653339960153,0.05946227887787967,0.07463712998132782,0.1657653262350686,0.004700841273236978,0.01237724160490282,0.0035993854072244157,0.007066354663878116,0.008266360461432698,0.013317865379327595,0.004834832196393603,0.010931996913290014,0.007090926308230164,0.023384716026676786,0.0022274183640251257,0.0033906685251149657,0.049365414809846485,0.14510937971103333,0.17963178862229714,0.33406501337800953,0.006834623748681517,0.0256809836541254,0.03546128467955875,0.1045961062506715,0.0127572690935802,0.055836775651679896,0.07175456757796296,0.11388242991600547,0.006906070528861148,0.014462972612160662,0.006797531050233786,0.04240677461380851,0.038630764870072096,0.11167031556762097,0.01091471209037497,0.04330152540205825,0.23887973361989964,0.25848885837430746
nationality,china,50,0.6411530566215515,0.1818450118215296,0.1844719294155948,0.24114328943992266,0.0028042043931782246,0.00633552194099246,0.02791800334933214,0.12282210847533988,0.0250948294904083,0.07049162116184891,0.17297968813218176,0.14343799499481402,0.009633261039853095,0.017479358127499508,0.06186946853296831,0.16569797629071722,0.06105426915746648,0.15837919594829541,0.02742195432889275,0.10030133059839541,0.01609021293465048,0.026169032017694265,0.03740277260541916,0.10691345845027025,0.0038878153724363072,0.008004761268018974,0.001961770042835269,0.0026489135216689504,0.008126302026794293,0.011968198956914743,0.002049507997580804,0.0014043033490514685,0.00466309480718337,0.008178659776603517,0.0012612811938743107,0.001249180542185103,0.040547771680867296,0.13205199047626004,0.2249810673709726,0.34782481718519637,0.0016837358579505236,0.0016780531442896682,0.023734513325616716,0.08677431801373095,0.008553078047698363,0.028446259048641395,0.06522353348787874,0.07970221366013903,0.005057108490436803,0.00915801337354574,0.0020189300749916582,0.0017705605173333784,0.013703142228769139,0.045208833615973096,0.003252015379839577,0.004049852618971295,0.25705076968297363,0.24845561285384488
nationality,cuba,34,0.6045191664906109,0.18993126914681743,0.17560358498218087,0.2698583540714863,0.007078465136788402,0.021480214828554604,0.005987132685464423,0.007737086737878415,0.025171082412057063,0.048859203041972915,0.1272740540204241,0.10408670157902217,0.02314894154209041,0.08371726878516711,0.08599272118847105,0.12876749301021198,0.13144720482437955,0.2551140604745031,0.010819092334713787,0.018880795106366817,0.02154005299020997,0.04166316912331843,0.07167971449876752,0.1753544337543905,0.0035245117032900453,0.003371989591154076,0.0035101859436562177,0.003648750850026828,0.00874487275552169,0.011044518947968767,0.006158167918329127,0.013502371207355182,0.006877136305453913,0.010596378342069978,0.0018194452251704847,0.001532036090725219,0.061133531329687685,0.19331040749968725,0.13376637203584643,0.2599876963546754,0.0058146609654239215,0.01547463101824528,0.04297700829064364,0.14562872192156326,0.04019166166621931,0.09342536051572017,0.061958780258839184,0.07629473078054444,0.009767765403975157,0.01557598591839103,0.0033965825782883365,0.004969434915238345,0.010263205964720863,0.013316147551627277,0.003611587914158864,0.0023746088302625348,0.23265679665457675,0.2156623640223596
nationality,dominican_republic,34,0.5961989479906419,0.1824066524425759,0.0964277767103768,0.19631314835188457,0.0027997054789653596,0.003122555346552986,0.015040282110396005,0.05425668418513682,0.046759248033220714,0.12893091787402133,0.19790685360374696,0.1827532225345357,0.010991995010579772,0.019153495903363463,0.08261603413420208,0.15381392263456042,0.025355040190761964,0.07451585978199515,0.05502852006568847,0.16469209105528798,0.026811648351962074,0.04434046691052763,0.06299807755824398,0.15730867799461465,0.003472454458995558,0.003537029611760022,0.004510852088809342,0.009085418761698348,0.008679371922934317,0.011536712371730257,0.003157326343866503,0.0035306336759990224,0.00536355548640987,0.006257127279002791,0.0016244079101050053,0.0013581462389985423,0.044458818238447696,0.1526657761011896,0.16715933802547892,0.32241477510151967,0.0030691546673872784,0.003035419807253929,0.04370792951736161,0.11115994675118711,0.013865267353300141,0.05510539627139549,0.09674109892426606,0.10835792326519769,0.006927688157542006,0.010959075504188778,0.02002783540143248,0.10196001317735197,0.015896141547915143,0.03634477530186091,0.02901356419726439,0.11267229840124691,0.20791480591630235,0.183916295517418
nationality,el_salvador,34,0.6011748576865477,0.15302713098715426,0.15248626920819172,0.24548160860557644,0.002206859687302152,0.001613862278889313,0.03788069579476381,0.13868498570214827,0.04945837237926967,0.12160845138617708,0.16931180239600294,0.15599944563656892,0.007134355228010784,0.004955663149250359,0.10434304129482959,0.22524721960566385,0.07697221190884353,0.17944970197329602,0.011545216356513692,0.0171500675562598,0.019238724599263686,0.02449785980607997,0.05662332492990091,0.1241198100282016,0.01156012567362803,0.03268124293873978,0.003307084903901662,0.004022185199511614,0.012698362938381787,0.01439881295179154,0.007674556525136509,0.01687041646522852,0.00480149220332832,0.005814853302899419,0.0023638385147719152,0.005725204383093583,0.03791119043393444,0.060661363103106346,0.1862072063890724,0.26866821176038674,0.0036456755821264405,0.006583226784451633,0.028549530529691017,0.06038801495776281,0.018387136451030316,0.050827200092968955,0.05038237008129192,0.05569510910122966,0.004668827163507505,0.00586940428477224,0.0025219403751714923,0.002488667951855332,0.026105271385270443,0.11263859465969397,0.03045021924395662,0.12459914622170676,0.20146606878980117,0.21981533542809453
nationality,guatemala,34,0.6141106486320496,0.1737918908356108,0.1483344108975657,0.2636813494959908,0.0016713641671231017,0.0009709751042954645,0.050572157233118024,0.15093191871807268,0.06860023193225703,0.1396874039430961,0.16174678548293955,0.1483642004796589,0.019805714330526396,0.0799594923711505,0.09502768843017026,0.18413783390230803,0.05480696848826483,0.14308470329623996,0.05163919407641515,0.17090121194444302,0.04779825556119356,0.1080315145089362,0.07657337881734266,0.1501861041229513,0.01383448881097138,0.0503073830973357,0.0036812671383171726,0.0050518320259835825,0.006433779328397256,0.009108804103225024,0.009863804442883359,0.030186538660622556,0.004006709272610298,0.0062876918550549485,0.001712231916077572,0.0028082521991333676,0.009055925976580885,0.015516415962700213,0.10274279564756024,0.24027017857327515,0.0052129597645355664,0.01322429831803026,0.037985503974863714,0.08595156692823659,0.013886612692337675,0.06923207852227471,0.049262540195794666,0.054933533173295704,0.004194423202373882,0.011900524281543172,0.0025495449894258533,0.0028018515675823446,0.02366772566593307,0.06750018455139373,0.015008367798359627,0.059539138689762,0.24064623876748717,0.252971390624424
nationality,india,34,0.6128513168762711,0.20134142888555,0.162546417912167,0.25308219746999466,0.006183176689185476,0.025186018767848754,0.02803465658935773,0.09812971057776182,0.027907628134605202,0.05864799766704683,0.17280149053070037,0.16913781769039765,0.016608573080328128,0.032610062569942005,0.04252393198754255,0.09031557359262114,0.08301642908105243,0.2041153887805573,0.030874521502375823,0.06125824625779237,0.02846155151286546,0.05169675248196912,0.06170990621424554,0.14125238613319357,0.004299920218352995,0.00797769107394705,0.0034851876672987335,0.007656028412558721,0.010509871627779348,0.01945284318186722,0.0032655128178542808,0.0037148686517324524,0.00620431688045809,0.006769065386704914,0.0017063617428100448,0.00234565465141376,0.03890822097823462,0.09990257043781979,0.18266141392386465,0.33844461112446883,0.003003549819421845,0.0037571121239478884,0.05991667320760077,0.12553157503720275,0.020480678666846122,0.06030178562885733,0.05016182443839224,0.05695392174892056,0.009264245975988588,0.020679423007810754,0.002818117261460215,0.0023000067028509947,0.012921142919153413,0.017027181887292478,0.01950602839796749,0.06938568078513407,0.2284244741039241,0.23255842024613488
nationality,mexico,34,0.6385713456308141,0.214886050332037,0.1352764068322037,0.18411478540137496,0.0023906076958690606,0.0022772283919766773,0.020456836834508815,0.08386264373716623,0.045320615097058606,0.1143745138618914,0.16369436171782367,0.13793890065278736,0.014634092252783696,0.04090981110865881,0.047864231058423794,0.11985305336448365,0.03567899571498856,0.11788810558778728,0.01953747498748057,0.04939095952209699,0.021160682201084188,0.03316177633824123,0.08086271243005552,0.1892684818800282,0.004479665892979349,0.004809922496083641,0.003890053683255032,0.005688341979498023,0.008833129024852122,0.010717496929647933,0.00458329677092158,0.008830918703328073,0.006770556852536495,0.009205407444368735,0.0017126424632699449,0.0019536054284770453,0.053267120849341154,0.14590743603745537,0.2551858756427571,0.386359659994087,0.002221428422832533,0.002066297780696556,0.039595452945350725,0.11811311514049966,0.04762820133542204,0.12784013038109265,0.06392785431543256,0.07539835735180613,0.011550885710783084,0.022954718826912284,0.002272643438225393,0.0019153362639300453,0.006684629198656801,0.005908872482770254,0.013575787346994998,0.0615637014131422,0.21843398795189226,0.24798838505713347
nationality,philippines,24,0.6657709876696268,0.15589476371002572,0.0740560354849246,0.18678835074476058,0.002117027312730594,0.00137256557897626,0.02994403082993813,0.1302630743350384,0.02662266372741821,0.07003779468147224,0.14288636752947545,0.14162578644446264,0.004604961053701118,0.004717413492763526,0.13497036804134646,0.2364562601182471,0.10826820348302135,0.22994702937002953,0.020353110478026792,0.07405237574410478,0.014504708698950708,0.026564066829854346,0.059306828557358436,0.15152115314145542,0.0038035634885697314,0.00682860379528731,0.002213985428776747,0.001962058969896891,0.008804903967150798,0.013682514038005114,0.0032374030682452335,0.003598888133397343,0.04197980878476907,0.1935213851819175,0.0014866539459035266,0.0016411228261148571,0.020926230145657126,0.06602896213581291,0.12422227286394143,0.2735499228881346,0.0034014257119755107,0.006333358996989381,0.010629586691114431,0.0074855782347569375,0.00254217103671787,0.003250032195741137,0.09887669309197615,0.12340704172429448,0.00356768872916291,0.003927288422820222,0.00496571145413327,0.01485632367140733,0.015249061456415802,0.03131597795341774,0.035846798954783786,0.14604272937146986,0.29175292133974534,0.2562077806872498
nationality,south_korea,34,0.634218252318747,0.17021130680205995,0.13930609770571156,0.23162215157720392,0.0022591184157029014,0.0018574238406713522,0.010094322791487417,0.023728980108880755,0.03991397490779705,0.10399213984342838,0.11922375693479005,0.14116684882235295,0.010300611453952597,0.02634600226410504,0.14173086299150087,0.21514803263716328,0.0680473154403872,0.16796776938181415,0.044270837922607935,0.13845360653426045,0.025931282708530918,0.04861150384093406,0.08470080551855705,0.18321711835967364,0.004876132001620992,0.008582263318340813,0.0038612335569375906,0.004912565217050901,0.011204092907171477,0.02631901784302832,0.0034379249400979675,0.0032691241903758713,0.028691513210480267,0.11614456861440783,0.001632318483590258,0.0017552925134320648,0.038511732927016804,0.128688660223541,0.1539024084666059,0.30137882758670004,0.003843238247688586,0.006914754421444887,0.03938163905609947,0.11494723933616428,0.009020592969403985,0.036379076303038625,0.06939068794086137,0.08779231153945849,0.004847880517926943,0.0071719828622911624,0.0036518991640631985,0.005115013300423402,0.022672986324109575,0.06672358742375739,0.006651968121706673,0.016019931079208575,0.24514350001974142,0.2607362477515764
nationality,united_states,16,0.605957156047225,0.16932919657723386,0.2892897834390169,0.31109952534358554,0.0019008522031072062,0.0010047928555307194,0.03837601353734499,0.14422851776051543,0.03678324236534536,0.10988266804554155,0.13986637559719384,0.1494509796933407,0.011203652487893123,0.013156962803989904,0.0508362951077288,0.11796385146700208,0.09887790610446245,0.19091653550883184,0.04523795448767487,0.1022272587893586,0.011900193363544531,0.017474768240509864,0.06708120403345674,0.21285487752842505,0.00442666591698071,0.00991527653495627,0.0011643414436548483,0.0010518169327990638,0.007999944624316413,0.008388181267685096,0.0020597363018168835,0.002203004374314894,0.005742080506024649,0.006554412500067607,0.002726632938902185,0.006461303233933955,0.02718406707572285,0.04411331926739561,0.19302867764781695,0.2849900385559174,0.0015580971448798664,0.0020745904873255287,0.047986849553126376,0.12556268699090808,0.003391142366808708,0.0033749069147490604,0.025179694071994163,0.038736040139559946,0.0037879240398979164,0.00546987424846022,0.0019668409040605184,0.0026005154929214123,0.03327593960420927,0.09520128393519435,0.04411969663851778,0.1693949167034356,0.16272219229722396,0.17401887348406653
nationality,vietnam,34,0.643922433257103,0.15951646127224808,0.09459400564596496,0.17748571840030647,0.007171376651111881,0.02369338691087041,0.023045926654423753,0.09649657696726746,0.03882217527065864,0.08245004302208438,0.16392751302405753,0.16960708701079866,0.006239041864105007,0.00512722180822457,0.08351009771542843,0.15491579272395786,0.08827472412838902,0.23228602759365974,0.004600922967416837,0.005383715044952297,0.02315342689261717,0.039534728247450024,0.1238601969774155,0.22572166577415342,0.004854557302999584,0.007348591610431994,0.0029898711175466064,0.003266451957219741,0.005849337705191882,0.00860845687020263,0.0023831193599000793,0.00176995050546923,0.02814477842698312,0.14390559055828417,0.002356210105918923,0.004751454762458096,0.057535504829823315,0.15580090983442918,0.13805914001696853,0.258862466221681,0.0022524591288803253,0.0025399972748799387,0.013045475290923873,0.028646717133048533,0.00838560939711683,0.023442244103964307,0.06425977295593303,0.07303429476277527,0.006420066358473645,0.012572017403769715,0.0029675552000031423,0.0032741388951752566,0.037302679431912324,0.1467255635685163,0.003580379917847869,0.004598790848022593,0.25437367866363597,0.2562064919308127
nonce,all,136,0.6788531267905936,0.1669066887943253,0.14924410905308938,0.2559458307114275,0.005216584377408521,0.015352167317341594,0.03443163989312084,0.13096078302166955,0.039035908260677175,0.09840233837495145,0.10279302077833563,0.10492532975547982,0.01721707706040915,0.07045549651164502,0.1411345594032729,0.2314246311043524,0.11681695899546064,0.2240458358910752,0.025526356594448716,0.08022184932123493,0.02587357807736707,0.05995001248946636,0.07330988924642202,0.16865517108335842,0.006698355374229483,0.02815708811272854,0.001962912933295764,0.0024900771788003455,0.014657757280313972,0.044072015257066534,0.004380132919536931,0.01120363334079103,0.010643573922339677,0.08419006049287003,0.001703808343389777,0.0038591354463286894,0.04651131185956354,0.1344237197230485,0.19374323495182633,0.32630374538727885,0.004612424686938003,0.013224128200947,0.039074186738991344,0.09671794132917372,0.002243295220737577,0.00320986987476665,0.02984522547066102,0.044945213183356814,0.0035845129183572307,0.00891037855288266,0.002754533811479204,0.005162117479888054,0.03394103551759412,0.12695648530099904,0.015254653677830528,0.059706627308733926,0.1838107809821582,0.21841943031178684
political_ideologies,all,425,0.6245179386699901,0.16852872410098846,0.07769070054897491,0.15689887198834362,0.0016178935701849269,0.0014960646894451616,0.029224961563287414,0.11290057374428668,0.04698059737901477,0.08600211575634455,0.19072568228797002,0.22064758500049692,0.018632867397357,0.06481551707168243,0.09213909083388418,0.18093725533192512,0.07941105396007461,0.19117955200954542,0.07479681038872942,0.1843242370078519,0.02777870858718148,0.06898017425137616,0.15916731460567782,0.23944395967181456,0.005787952386239982,0.01043765399666574,0.003791696985717863,0.03208352412893319,0.0049826004899189095,0.008178339699350803,0.013781275371541543,0.07768650129765493,0.006427456744371311,0.047696190094044306,0.0010455160327632364,0.0014818413502738952,0.0139445220563999,0.059494568675209955,0.09625039864756058,0.24300189210325696,0.0043719408344408935,0.018275229496896455,0.03789761803112924,0.07551195524962602,0.009348968792268458,0.04927973467102924,0.034868268119171264,0.06586493727217599,0.0036719162160571773,0.009717095237891318,0.0029636277350158814,0.016651174547835275,0.011175310803673176,0.040683501820244126,0.013855289124664577,0.07325144361293447,0.21433763070032,0.2031164493978854
race_ethnicity,alaska_native,16,0.6892672702670097,0.21420209222866826,0.2266822369711008,0.3522418858683107,0.0015303044328902615,0.0007367119468422715,0.05458857636767789,0.1894989534110702,0.030936891271267086,0.061835340094788825,0.15069927091826685,0.12672043473825564,0.008605183524196036,0.008050671718242928,0.15177638502063928,0.3086420719041821,0.005633986795146484,0.006180466492562885,0.05785767052293522,0.17544984137090916,0.010146744549274445,0.006244516298785969,0.04334892287442926,0.06887001484240582,0.006127891952928621,0.00943843710723293,0.003202196694473969,0.0045104868795142385,0.007820710896339733,0.009501352795962346,0.002850908593245549,0.0021393250912318806,0.008792240671027685,0.008693886177627765,0.0014656036710221088,0.0017197370109442256,0.01646503753727302,0.019663931514542324,0.19725552579620853,0.311941463160361,0.0019256567202319275,0.0016065431126318372,0.04400220471143257,0.10896625647633477,0.03238449655327713,0.10168573525991417,0.05302223903709091,0.0716410694569827,0.005857510686837486,0.012040394482247068,0.0027184946284251055,0.0019422976208974293,0.005916383037401829,0.00484219887445435,0.0028866589218523586,0.002343755757191596,0.21361307590268552,0.2559264047722801
race_ethnicity,asian,102,0.6382841654852325,0.19272870673424133,0.13927653442735,0.23037343517528597,0.002150545921347871,0.0016910716600145872,0.023917844298743076,0.09846084605818806,0.032046141429329475,0.07692150840597985,0.13592636198554114,0.12556316297863354,0.01351138945456649,0.040190543974723374,0.0993491878936195,0.20082370688268342,0.09272212241650742,0.22110224741185489,0.043245309337234014,0.12132137883677056,0.012232798998536286,0.017038366725434625,0.06380460523388476,0.15294749054612608,0.01240625724084584,0.07135900486193567,0.0032780778756383443,0.006467541016934146,0.015857500510630382,0.03438865826729468,0.0028689114445952847,0.0024993119755504245,0.02289300269559117,0.11185454283030338,0.001656036408259716,0.00216831267566853,0.0379339189367944,0.09575029996016216,0.19776846501575646,0.34064806264818986,0.0027146185330268195,0.004602427484124518,0.0316324219422634,0.07527202590206167,0.017821487077276734,0.06122747872631854,0.07090642904935807,0.10398835652402122,0.006667253152865633,0.012625735784440636,0.002641252887163622,0.002659190876177783,0.013425740642203749,0.042503535975364486,0.009631470787080973,0.02943209254935136,0.23427475543747492,0.24272668332078393
race_ethnicity,black,49,0.5780280177690544,0.17905959812212466,0.06948681971134275,0.17408538356340444,0.001594732087865776,0.0009891438670738856,0.0173091308715069,0.06653812416034292,0.04275899408005026,0.09584405394655102,0.17167108899400552,0.16757893709407512,0.025033698944679023,0.0660706502958354,0.09774351501314692,0.181119785966468,0.04109417935964005,0.13599065479025368,0.06110362225920152,0.1363162737361966,0.02447897747482116,0.042219939075033845,0.09488606093717473,0.1832461575665825,0.009428797843295852,0.032544066839471544,0.0028791395924766833,0.003883543841022761,0.0056245456347527095,0.0069785559067631585,0.002815382338333305,0.0023244437040050056,0.004188200391767242,0.005936867262837531,0.0015024192246955307,0.0017812836947331974,0.01649140844261749,0.031167872932155657,0.12457265712472858,0.2777370604959141,0.002437606586644673,0.0023304440119492585,0.03326762834449812,0.06244032112501129,0.01597019963127404,0.06817120603048453,0.06773690353812915,0.07606314722236913,0.0044910027066421485,0.00811549889087984,0.002644917675845173,0.002427783750486313,0.016829998636314153,0.0410160652634788,0.002465756648643018,0.0019248168455695777,0.2994774217356224,0.24796494217277903
race_ethnicity,combined,33,0.6373414966193113,0.18049744285063093,0.09705696914655466,0.19001832958309106,0.001516398533677795,0.0015150947007563848,0.029252896861483652,0.14113951984892356,0.03215739775844144,0.054579248863280264,0.17292293163975983,0.1830352770480669,0.0692207608654192,0.2060796035415735,0.04766673048619519,0.1002966718829746,0.09223365197910673,0.21608152175654904,0.030797167106136454,0.07359293235270567,0.02775755128470447,0.0781746252428193,0.0529182794659088,0.1354038902700477,0.003907642182611832,0.0075958820658443265,0.002311877694658258,0.002480999081548758,0.02799136910912101,0.132907888964177,0.0030642679317459238,0.0034628293255393725,0.009415628254470048,0.028519008761054402,0.0017570010946435627,0.002114724736854306,0.010378221189250436,0.018351099332766376,0.05615874033978661,0.19258663290687106,0.0030585341107022637,0.003708092246138359,0.032004866269276,0.05278496618256435,0.013616895163012845,0.05328843516800478,0.09565301818744928,0.1762676371898697,0.007310107996366269,0.014488401266774566,0.0025193398989468924,0.002439373548205771,0.031040088118364412,0.10493272282833095,0.005959752185100859,0.01642377131651746,0.28082389237754274,0.26225029110851517
race_ethnicity,indigenous,66,0.6020780289263437,0.17065891179274711,0.14862654492555355,0.2451140330396674,0.003978898416707208,0.018712282150148217,0.028469733015905756,0.11739127156114133,0.03970338625367731,0.07410472251811452,0.16558515950755187,0.1812925103961229,0.010186309395287411,0.022714253428691638,0.08725787836186955,0.17114107837458584,0.06373680190396651,0.16449385276623382,0.029003291127137898,0.0967625364353368,0.02498727437165199,0.05397861396599376,0.08245567654993272,0.1543444632585706,0.008686829660401792,0.03729233961762807,0.003432415297015034,0.005025754180321288,0.010225511123390981,0.013885924640041703,0.008028410155516625,0.03958085328052503,0.00610299581250839,0.009103989149008188,0.0017777136198481348,0.0023333566654638142,0.043965595995718046,0.11681988239023709,0.09411149994103295,0.22422868881939143,0.0029011842976394814,0.00621740034922919,0.022673602813897145,0.04508191848088066,0.03697171503898227,0.10409262074990243,0.04203773876934341,0.04127499456856609,0.008307078522744687,0.016880949225995798,0.01330241083103994,0.08792233620267403,0.020143144177519858,0.07090438043002491,0.026761878340039402,0.09262455858367336,0.2624178177140879,0.2668417996990471
race_ethnicity,latinx,80,0.6313070602715015,0.18004320987636738,0.14350094518449624,0.24560083791686232,0.002741514880108298,0.007511739508271197,0.01902175184877706,0.07552740398258966,0.04127529631368816,0.08148770630691263,0.15008536748355256,0.14754550824938145,0.01401535571203567,0.023728878454475848,0.09188893917671521,0.1930237505423811,0.05923942268418614,0.15885594045018556,0.050517614265845626,0.1330147107260689,0.028622668754542245,0.06734550135655074,0.09383043872367125,0.20008709539953146,0.006385875530759222,0.016953529526860085,0.0037866622738874866,0.005528811237122153,0.01873696861403005,0.08539674179359517,0.004166235742377467,0.007119146818869835,0.01611749827679887,0.09705269898578993,0.0021128342847077874,0.003921480407643301,0.016990700441238005,0.02873028945957049,0.13320788450510007,0.2787441232171775,0.009147560305791558,0.043698384830427255,0.03615333898051176,0.0944866840506129,0.02613403641134937,0.08693577256681276,0.05508520447765477,0.07951421257998816,0.0061138662214943905,0.014049192549655575,0.00319569271086948,0.004642833713109415,0.03410174126947822,0.11615717511252434,0.015641837547082104,0.06664071103348079,0.2406420796876773,0.2533460370522557
race_ethnicity,native_hawaiian,17,0.6808068173773149,0.14124542433762563,0.15081147103816928,0.268975081360392,0.002250610597376876,0.0013835222606797134,0.005598287823993494,0.006362092739285805,0.02584248855162193,0.04365792943259202,0.1348081761971116,0.12530560808233937,0.020978410680340055,0.03779967362095516,0.08732376066173482,0.1647507417063915,0.06966763214030139,0.14727818279699076,0.012182854797335012,0.02540965040920551,0.015040747437845258,0.023109082246535823,0.12344817807624008,0.2508500459630239,0.0033063323798534624,0.0038015757363076184,0.0032980703467996243,0.005049887404459895,0.013594865264809308,0.024521892666985495,0.045930091562160456,0.17764548565916533,0.01072901686454904,0.012873537075781543,0.0018031037864549195,0.002033634943108574,0.028197039329611203,0.046528317079951635,0.2232324266395367,0.36932607346976204,0.009418484852443832,0.02997327889452551,0.0783573471228866,0.15784485920305766,0.03179964828878463,0.11678182170570287,0.08163048869327587,0.1556067572972213,0.010132038895629676,0.023128572799052588,0.002618810870712075,0.0018619298201344987,0.008725805173847167,0.010784553515682199,0.0076758840655469715,0.01336101361006015,0.2339711312259383,0.23199993386017181
race_ethnicity,pacific_islander,17,0.6144709937712726,0.17658434212192167,0.10718734083724592,0.22666197125115273,0.0018849486659746617,0.001417299652754694,0.07297222748713787,0.19864394139559693,0.04311613660470089,0.10515339059051082,0.13839391136870666,0.18629944312392965,0.012334077728583533,0.01855446026663048,0.13521437927642288,0.23456941458611558,0.16338444229982355,0.25874977941454563,0.0191645535215845,0.03610902227000823,0.012901127667111508,0.013444294290808017,0.022127945058266905,0.03751182282843196,0.007847711669883746,0.019211836116758668,0.0033103488214478336,0.004188651911135296,0.0069694929886335395,0.011400370350379042,0.004993024015086977,0.006124414185731518,0.006075770070310682,0.009873855395558864,0.00240355303600047,0.0032328607924339467,0.016674036303918588,0.03373979296315839,0.059541710659258944,0.22432530644103751,0.00547382585115402,0.013513152534790823,0.0436614070991602,0.10185180458447222,0.05148608126953203,0.13996635253037995,0.08382309473338811,0.1547684632970084,0.0096113682460889,0.021444059537356064,0.004188136382521514,0.00942754879272255,0.026870308087809998,0.07788579808092434,0.012297569123535034,0.03497462868357681,0.2391984629280427,0.22047208876424998
race_ethnicity,white,102,0.6110276178109879,0.19685840719940478,0.12953480497783268,0.22924242625689162,0.0022453716662187385,0.0037890980945121363,0.02412376740853777,0.10487771989358206,0.04253490949414816,0.09051933162635022,0.16035837131351524,0.16990040405993273,0.010111696244327022,0.012510360437062029,0.08349696061158479,0.17097906230948556,0.08789413827402956,0.1977976247802608,0.03945916921685578,0.12581745015512008,0.02603576358352952,0.06276626023161554,0.06368637348607402,0.13804881188034393,0.004448901741496087,0.006771739001712514,0.004851830971436393,0.013239998072343988,0.008054279771350398,0.011086472216726088,0.0035358555994439394,0.004178681712161654,0.00526564073002459,0.007350981005495168,0.001643785189776727,0.0020447786387083815,0.03750616311456314,0.1111426529931805,0.1324021680392987,0.2828470300444044,0.0030442736954451083,0.005322082593966659,0.035392884838431345,0.10245149389737082,0.021577229809789808,0.07248790094690781,0.05479681289152188,0.075756134317959,0.008243706275928108,0.0176464749780093,0.0030128799644801034,0.005466852526239688,0.017975523085196447,0.0488948207801789,0.010379937863463591,0.043776608319570365,0.25439446082557826,0.24604836994113488
religion,all,663,0.6380547653001538,0.16644586137523476,0.10663217416485817,0.20192130078614315,0.0025987258928500995,0.012080127914759986,0.01708545428004536,0.08614307333038737,0.029370815184481477,0.06349842904532822,0.18088903528361455,0.19170426920329348,0.02434984510292146,0.08485005001436194,0.12502317180327488,0.21711989863997969,0.09346307835257739,0.20881746906278223,0.030625311719988675,0.11291036599077459,0.020327571999238802,0.053376963516418574,0.10494122859866668,0.1883385095144074,0.00444616144764459,0.015851198158117905,0.0025630343832410266,0.008597416072800707,0.007920385817679341,0.020823743715684975,0.006776657085855201,0.04775222851249859,0.01910045192237005,0.10284978406596776,0.0011931524801338063,0.0018706760148614254,0.03146466181051972,0.11261487041082308,0.10957582232466481,0.25730030453459385,0.003304990715744763,0.013823348370816712,0.040778559123743244,0.101787998468026,0.011002931252063674,0.049969586760227815,0.04444450185090573,0.06952090125219666,0.005171652058572972,0.01134361239805544,0.0038282278553415216,0.02963176331670573,0.012752460729861758,0.05908831321567754,0.011390186758835021,0.05458499934400397,0.24541143849871344,0.2310645797199794
sexual_orientation,asexual_or_aromantic,51,0.6744228151499057,0.19787003085960134,0.04664091494244834,0.1181426584692109,0.0027478081413873415,0.0025237243287559614,0.00585996354679011,0.00670355838799275,0.028870010447195348,0.07307647426162796,0.11076695965055157,0.12774073452246548,0.02871114962195576,0.09488857762152983,0.25738153964801525,0.30686687852568084,0.07741984191542382,0.18308249169615204,0.03908882873342829,0.10774202611409835,0.01907694472374358,0.027149140582591855,0.11906635882241615,0.22056838947424715,0.003949559778751184,0.004333748600131685,0.0029621616165112596,0.0038777985466342158,0.00553187476836291,0.005089301994152221,0.0036813874407123554,0.004668788571105915,0.004697006089640234,0.005977503580760426,0.0012047795930366014,0.0015564023052486988,0.04777575620705737,0.11540929219676864,0.1918704157670065,0.33209750693043,0.004270337603634735,0.0058484873547885695,0.04426577896811068,0.1272299592953955,0.0017148622405240494,0.0023230207815039933,0.05025150884381112,0.07403317039855177,0.004054265756755793,0.006472051910125661,0.015223350344504248,0.08448573248816754,0.015647878858954738,0.06353968912606481,0.014435420033645214,0.05239516594987707,0.1893607379101655,0.2261492530441973
sexual_orientation,bi,34,0.689770403153756,0.17956002034898505,0.095540118879666,0.21449617078980893,0.003717241021256675,0.010621520793281132,0.02554051796837217,0.12347195232848286,0.02401170857004164,0.057999656754444726,0.136174590436413,0.15146048218266436,0.009924595011398196,0.013849923805390891,0.18651746399700642,0.26935109130463053,0.15314964632253739,0.27824152055605905,0.022955939904718167,0.07685560373376966,0.017457590698648023,0.033667786747289076,0.029863288400092107,0.03865563256879078,0.012517811631208615,0.05417563750864495,0.009367122450973564,0.027538177420927762,0.008119685382767142,0.011498536612252879,0.004756385717294453,0.005869889740308642,0.028482807331944488,0.13652184332878312,0.0018979603414396372,0.002985634388801037,0.062444963482181155,0.18449387412650065,0.11064049252993702,0.2599116084245117,0.0061308926532921545,0.011934592811253777,0.030829857843106285,0.09965037091129506,0.012122522116709767,0.04540839791857255,0.05341849589090356,0.0660180087080186,0.008611904477755375,0.016366353614384845,0.007068952674778891,0.01849649764746632,0.01373378382927245,0.026046719998459426,0.005679913851268151,0.011618782571765846,0.26649273773107457,0.28093181308831633
sexual_orientation,demisexual,17,0.7091828076278462,0.12648994332845565,0.03971782708814477,0.1462328721172511,0.0033221294357003097,0.006532169241303888,0.043333296218941754,0.16369635722495632,0.036991191178779394,0.07757020636981173,0.08334210175363456,0.08537577549984458,0.0045481348711559,0.0027727723080142146,0.5491752839263748,0.30350194290341115,0.09755789368029903,0.1482978694482269,0.04301331274088144,0.15816577793781916,0.020164914483971456,0.04166687609182886,0.11097080076989882,0.1901355932441139,0.004342704894952476,0.0028409833142186533,0.00431220475858187,0.005085460636598421,0.0036595540518379386,0.00265801538138636,0.004466333960676018,0.0029708206792778817,0.0038158586488434058,0.004529963154555658,0.0008531671414590057,0.0005967531060491943,0.005955461686586633,0.00503107699218736,0.013088458375183536,0.015014541759663257,0.005094315784791594,0.005254676303972773,0.012297338367823292,0.009549927400987483,0.0008239772920633721,0.0007089732693897208,0.07939899236182957,0.16952946688095052,0.0018779765420785064,0.0019096659334747546,0.0036390579702770885,0.0035627796711908684,0.0050135780098464556,0.005754908762253498,0.005404306616743698,0.004095462878784504,0.19038109656642466,0.17606117465928015
sexual_orientation,gay,34,0.6301883196129519,0.19757474765670643,0.11937986728598309,0.20012726617837434,0.003089475027723786,0.007930559387499364,0.008226476955528864,0.010462251765409646,0.02453422063605531,0.024773633196532845,0.13466515978250435,0.144351975977417,0.021517759230097428,0.039200412813581526,0.09240997933289584,0.1991791348075748,0.07222728742207811,0.16588888601700444,0.08782479419503086,0.17239423849949848,0.024989104134660652,0.03613460366137323,0.14724276521626642,0.2567814573918238,0.005116267119506922,0.005513989827601019,0.0058562502552590824,0.015201851699485604,0.008968387519844863,0.01166277222470739,0.007492159856209422,0.014665127254919585,0.00512561143413597,0.005823578593572303,0.0031773712629835833,0.007136365685378434,0.046238952698117564,0.09966662812931809,0.2064161244334708,0.351719652766711,0.00464488459222005,0.008414308143151417,0.019226130817140287,0.019667003854691126,0.025399271250160595,0.07744588198673391,0.04665775519028744,0.08011504001985317,0.008255690072152955,0.015086480618016035,0.011359510083018583,0.042969453704292074,0.041555940902874094,0.11944813595844977,0.006139867367250297,0.0189285197816752,0.1627733787686071,0.1890183295718152
sexual_orientation,lesbian,6,0.836604118347168,0.18875096788358858,0.09335190174169838,0.16162260283216123,0.0018228554593709607,0.0009520905337883314,0.003154500668946033,0.0020197150775240797,0.007202480221167207,0.0037473105366244985,0.1264621059720715,0.17183618693382283,0.011593225800121823,0.017900750352091387,0.15484494323997447,0.3682222409217751,0.028477244729098555,0.06493667886573291,0.026852778673249606,0.055632861224137346,0.009037188099076351,0.0079045341513937,0.016536058159545064,0.013190924489630954,0.0025588155549485236,0.0010548710004391112,0.0013968276568145181,0.0017176891001957973,0.005472081747332898,0.006251212719019872,0.004165933792440531,0.007364304053570574,0.006017810063591848,0.004049774149527615,0.0008078376607348522,0.0004392544223207191,0.008703404038290804,0.005754024014852378,0.48095384003439295,0.514291835722623,0.0027194354406674393,0.004790533583953698,0.0170080887619406,0.013591325048878115,0.0010512469355793048,0.0006370003755836682,0.028352602928255994,0.022481045968979794,0.0011898865923285484,0.0004362754326900184,0.002434497539070435,0.0017997309312428721,0.004868325816156964,0.0024443242437583025,0.01920321918441914,0.043370124938348735,0.17182806491230926,0.30684330675858146
sexual_orientation,pansexual,34,0.7402885643874898,0.16200231678557644,0.13919463755412245,0.26757170305336636,0.006338431335547391,0.024299058850962726,0.03150918444974676,0.12508520513506183,0.03702003899824751,0.09861059662458836,0.11405928090543431,0.10258153454807618,0.026097268742673537,0.055112704876838545,0.14556710382492064,0.2619529542432241,0.02176848693189266,0.06420251836551719,0.04883171061245615,0.12242087312942465,0.009871852252057152,0.013978025812939597,0.06500215716112186,0.15713245947361612,0.006598562567138716,0.018410661257956765,0.0021651747794000104,0.0030932918527633514,0.015754859023967154,0.038860306922802394,0.0026223928879891686,0.0020977739944917882,0.007391833333873793,0.008151693138577037,0.001113625953782021,0.0010743838028439224,0.04217139826847843,0.07467163252571307,0.30205515081316286,0.40491632794393284,0.0024508028648543745,0.0029256992650276144,0.07313790233970127,0.19206618624879693,0.010749664177316898,0.05144431689990055,0.037193406811531854,0.050139665900488364,0.00410311808809638,0.009041391539189977,0.0032128250621848136,0.004195069669865679,0.007522960631724666,0.015010282952489016,0.003295011675885796,0.0034930306706412754,0.20486334974274917,0.26715401958436236
sexual_orientation,polyamorous,34,0.7196273628403159,0.1900837997526155,0.06469806002946023,0.14923111204295236,0.0024967682487947646,0.001593025234228587,0.013071742977070458,0.05600055509797158,0.023558250101118842,0.08228398128825287,0.13117009227383225,0.16538817601806077,0.018975040916463033,0.039787984801637775,0.10469018712790464,0.22247428000700403,0.09801518083344597,0.20716590391366782,0.019824701224398965,0.0678689707670578,0.00896800238200847,0.01021567361561739,0.07946527453468126,0.20355987468952777,0.0032592004658106495,0.004455164462911325,0.0017515322953626951,0.0022518929157641777,0.011519097693962976,0.02194511293328434,0.002739945993251989,0.0032175246648667,0.02601466618002365,0.11094880425066478,0.0014238151771304034,0.002301181080615235,0.07699700524373089,0.16712988142714894,0.27906714151065576,0.40348607615129184,0.0027371410003123697,0.005499683250467918,0.04535243252757937,0.15197554417235468,0.002273700059638085,0.004543552681916699,0.04156712569323752,0.06815231317862898,0.005268293806105195,0.00903078851613293,0.0029714225503780388,0.0036105184266211287,0.014034866218400352,0.033478512461566065,0.019789297372506766,0.09994594626358339,0.19024691429427443,0.2312564236346829
sexual_orientation,queer,22,0.6196488507769324,0.2134598099138519,0.14723574981855397,0.20063473133134166,0.0022362452278188853,0.00155942245754474,0.007681341844462705,0.013599058903196501,0.014557048974728043,0.021587492275657934,0.15449530762535604,0.11318462241646925,0.08544325484597887,0.21166478369777095,0.08482196001039649,0.1776130315467431,0.07867915782050906,0.1934250358508119,0.037660653792872006,0.12322333747071708,0.016797484427859836,0.03923301929586381,0.015984228494661776,0.02251554446014524,0.0032184822405476802,0.0024430000171266524,0.005587060705610466,0.006756539772342062,0.012728234247664328,0.01466838658151933,0.011537953327536921,0.024133366384985432,0.008841289762957867,0.010911354222225703,0.002684510504795154,0.002389871468331095,0.0791734962205572,0.17095042222737575,0.2361060839559121,0.34478830470652133,0.013698911602577109,0.04319239448912582,0.029192201761444183,0.028970803526014582,0.07157963499693407,0.13710500124646074,0.054952404694631696,0.0724765160044937,0.016009140574500303,0.024224722657866467,0.0038742047710746356,0.002498825117660404,0.01300099761415781,0.024707764776557176,0.025755282340634785,0.07086654401534304,0.171230920124799,0.21970548965361777
sexual_orientation,straight,51,0.6434997588980431,0.16691797308059833,0.07303746345489487,0.16672383612604313,0.00320375202550078,0.008221091315886388,0.03264150047770647,0.12122249195345945,0.03852352282653252,0.0737937848516701,0.1479997755229181,0.16473512083500738,0.014522268758703242,0.024666710389148958,0.1730933593376083,0.24939203507767865,0.07825624662469707,0.17147684896080737,0.012672292076589941,0.027732982863453572,0.03046578602116628,0.05397445162147856,0.15984513318878324,0.26706999860854996,0.004431169183911099,0.00473216368118742,0.003658076222670977,0.00452989507858352,0.0060616956176875415,0.0089636982793259,0.004498941386712021,0.005118094910015912,0.0031766088019746044,0.003960711579871216,0.0020795513044896663,0.003341800529904401,0.03756032871794613,0.13290917359968232,0.15263161520752141,0.3080417264486902,0.005404140202182473,0.007853788499519884,0.030842263685247184,0.07487877365551153,0.010422568006213303,0.06064965168404958,0.05507613617159864,0.08251049837990257,0.004879485529005144,0.009574658199907318,0.018674559502031507,0.09233675201821605,0.04792233410419202,0.1365650305199063,0.01639275996165131,0.06353634942978142,0.20613781171029105,0.20132860337014089
socioeconomic_class,(none),96,0.6388875391955177,0.1859264038110552,0.10481090510923725,0.20188891347843857,0.0021310408077018415,0.003457467504108417,0.00992249565175977,0.04399897457730394,0.03645221835904522,0.08621683114318522,0.11838572747850169,0.14244666369161826,0.01654650710164181,0.03252669263334506,0.08545737125253557,0.17690387788537668,0.09109309325382735,0.19215767135812764,0.07265964045291184,0.18057910245442,0.05909259530744748,0.11968345780809109,0.05403538309474243,0.09999709608669184,0.00350017262341377,0.006024432365351044,0.0035069311734332587,0.010565549700897812,0.008634484431847037,0.02026721406391064,0.010331486389077327,0.06628634981128949,0.01453915874693242,0.09982650423443637,0.002528038630316587,0.005837358553684097,0.042895575068238635,0.14038986974697193,0.12645517973457268,0.29781201775531013,0.005248312768647641,0.011319985215993394,0.050748828621484186,0.13976369377707723,0.01108802383123475,0.05269287665788978,0.043200973460140325,0.05805618905122374,0.006534101307352103,0.01214840217342647,0.0036907409624594343,0.005870222196155029,0.040413830853746426,0.12069292837749257,0.007475995314052852,0.0462207384762463,0.2413933503557928,0.2486227718532709
socioeconomic_class,below_poverty_line,51,0.6419536827826032,0.1865724953413741,0.07373916782329187,0.17154924365003424,0.0034768755876404397,0.010943073997679718,0.030428216340677702,0.13022304055370157,0.03626589618586734,0.0701978503940593,0.08091983824566591,0.0776408792989577,0.041612918524062445,0.12449763628359962,0.058398744294547715,0.12944154865619859,0.06367412133098982,0.14140000292357696,0.12430793492182833,0.23211055207781092,0.05178697406789105,0.10481001063608311,0.06464084489362351,0.15112239043204115,0.004599077667579895,0.008498505044646098,0.0025069804082615485,0.0034093812261006312,0.007205881547027578,0.009506522091417202,0.03595580788404571,0.13746698582994604,0.007682046841592619,0.031890536784060806,0.0019778714546084624,0.00300724106433126,0.030939353673317124,0.1222075970982285,0.13729729989370076,0.27864616914734897,0.02464336200757637,0.09352360250767305,0.07433119516217095,0.1636079488004869,0.0018132935794853314,0.0022063125201865082,0.022505216163528317,0.021504092201621677,0.003467334612151699,0.006147803581282048,0.01274731700986569,0.060729410556168935,0.03932321993816717,0.08662510110769422,0.029616880412076545,0.10762747125691582,0.23582107750881537,0.2709457514009569
socioeconomic_class,educational_attainment,34,0.6661915051586488,0.20348796094043953,0.14299311504274717,0.24417229748193126,0.0024962283753077776,0.004770687434910898,0.023594401653527337,0.11352272978530056,0.026801707010770982,0.05377545954885018,0.11370187602005899,0.10982758650249375,0.013133008211084148,0.019351385126008237,0.10478383828269537,0.2165116637196624,0.06412259545194342,0.18359216243480506,0.06399911233936162,0.16835817380993515,0.02783433345886057,0.046005004902995146,0.054304636288982105,0.11341979637664208,0.0036820456940297257,0.004805234401488298,0.002848303317424485,0.003578923503743295,0.00658119067649001,0.007007242631207709,0.0045311798860305265,0.007754678404945586,0.006022710462275427,0.006599930890664921,0.002155507153314401,0.00274838974983912,0.04134797247345833,0.1009403716702376,0.18897183384893546,0.3494686557659656,0.003113430756938589,0.0033854971637914707,0.051014039470293725,0.15372250193422363,0.018518336558747038,0.06971861556437288,0.04822858694173834,0.08712353742245497,0.008790127001702785,0.01880447824259874,0.0031986197624492515,0.00266575001736749,0.02673896583249135,0.05986072400635616,0.010644478185841924,0.03381880675858318,0.2340992788565071,0.26485816467305134
socioeconomic_class,middle_class,17,0.6188208618584801,0.2140264502037703,0.06980404152315767,0.1337478671060591,0.002090627171770286,0.002135104905210558,0.003160729360602358,0.003431300208541155,0.017251986873281354,0.02015632338715101,0.11150153572945033,0.13556845034359535,0.016747562598217938,0.02015367841348828,0.106229097555008,0.23393861997362447,0.10904664010227219,0.2390935149701274,0.06401982113225933,0.17971760437197462,0.03543854276101817,0.06532561915976097,0.03247663349954083,0.038501202714633934,0.002354889135698185,0.0024194367722029384,0.00201783306478961,0.0023272719173074745,0.005953924726996133,0.00884241861555929,0.02425857400350437,0.08568901514048725,0.004282266694216934,0.006386667943455937,0.0013127919639159432,0.0011004779240652198,0.06213054304380956,0.19257182358157338,0.1039997422382893,0.2806879513931444,0.009311412247103256,0.018310535072272958,0.021273266222766218,0.027797804008511895,0.003623023896258982,0.00654335221076057,0.032285873641205186,0.03810916826017194,0.009955973854897927,0.018919772334612273,0.0029999348009689987,0.003796229507525896,0.029512205907581922,0.07326246257284191,0.016295023358372206,0.06027512710772892,0.2657189297982875,0.26757594713624294
socioeconomic_class,upper_class,170,0.6192058892811045,0.18181634176652603,0.0939614890862311,0.1907046930895499,0.001801647839088486,0.0016285158343494713,0.014711859263993307,0.08062431231264383,0.031767724592731715,0.06329091044595567,0.1124545920996324,0.12361715234825871,0.016694184146506492,0.035732204170091535,0.09473236465727335,0.18197609379319274,0.10171762232973432,0.2022129167925636,0.10572795587393236,0.21674521598508056,0.03345236116472412,0.07293287054972261,0.0776760615860386,0.1603014785331592,0.004021680805496598,0.006885183804414442,0.0018526077621465768,0.0024000086150868815,0.008164677626336925,0.019120005125494787,0.017794320376089995,0.07752286693223727,0.015149775826070896,0.0946589812445246,0.0013030805399894768,0.0018469392965319194,0.04769250573624638,0.1450426611122565,0.11597354836737983,0.2677905198900005,0.005782566839822239,0.016982342275171893,0.03692520646008608,0.06935221545959588,0.007526227057892624,0.04187629775108604,0.02338312421925366,0.0318661833150149,0.006896801265846828,0.016986670832769668,0.004272553549312493,0.026783392608294133,0.02428547470960492,0.08355426194363183,0.00972584782216205,0.03666972933317182,0.2333440297831069,0.24060781806701756
socioeconomic_class,working_class,34,0.6343247618745355,0.17714257604869116,0.15957484857576407,0.2875812445358738,0.0018215755579363117,0.0016464586811552105,0.04305740377201479,0.15963473601640601,0.03575813161510536,0.08231549113046782,0.12370878829182509,0.15107693559437554,0.01086177458123797,0.016083529078578792,0.10187091738814213,0.20899793964907779,0.11120310397681725,0.24485700491693402,0.0735453496043406,0.17438072116618708,0.032498724573730105,0.055018170331425746,0.07613111489370246,0.20515598303827412,0.00570317599853939,0.009165967258312953,0.01987566579362679,0.09219732525770254,0.005537142259794671,0.007160280423325592,0.022476476295303333,0.1071481579132438,0.003729432752794203,0.0038473185820587716,0.0020773866195026238,0.0034789465395910404,0.011477197979248184,0.02152722848577911,0.07478359625811744,0.17369686794398717,0.009009449607915217,0.024169538300177165,0.053763716820600056,0.143660645443135,0.007417878693184534,0.02552907076518189,0.03218485802576384,0.04159862174760476,0.004639142260951784,0.007483013982683119,0.005978728158344679,0.011585325325334538,0.03425878440611996,0.08399465267331992,0.006182557111434803,0.01961452257695713,0.1977426952627652,0.2082526968859734
